
insert into Ubigeos (id_ubigeo, distrito, provincia, departamento) values 
('010101', 'Chachapoyas', 'Chachapoyas', 'Amazonas'),
('010102', 'Asuncion', 'Chachapoyas', 'Amazonas'),
('010103', 'Balsas', 'Chachapoyas', 'Amazonas'),
('010104', 'Cheto', 'Chachapoyas', 'Amazonas'),
('010105', 'Chiliquin', 'Chachapoyas', 'Amazonas'),
('010106', 'Chuquibamba', 'Chachapoyas', 'Amazonas'),
('010107', 'Granada', 'Chachapoyas', 'Amazonas'),
('010108', 'Huancas', 'Chachapoyas', 'Amazonas'),
('010109', 'La Jalca', 'Chachapoyas', 'Amazonas'),
('010110', 'Leimebamba', 'Chachapoyas', 'Amazonas'),
('010111', 'Levanto', 'Chachapoyas', 'Amazonas'),
('010112', 'Magdalena', 'Chachapoyas', 'Amazonas'),
('010113', 'Mariscal Castilla', 'Chachapoyas', 'Amazonas'),
('010114', 'Molinopampa', 'Chachapoyas', 'Amazonas'),
('010115', 'Montevideo', 'Chachapoyas', 'Amazonas'),
('010116', 'Olleros', 'Chachapoyas', 'Amazonas'),
('010117', 'Quinjalca', 'Chachapoyas', 'Amazonas'),
('010118', 'San Francisco de Daguas', 'Chachapoyas', 'Amazonas'),
('010119', 'San Isidro de Maino', 'Chachapoyas', 'Amazonas'),
('010120', 'Soloco', 'Chachapoyas', 'Amazonas'),
('010121', 'Sonche', 'Chachapoyas', 'Amazonas'),
('010201', 'Bagua', 'Bagua', 'Amazonas'),
('010202', 'Aramango', 'Bagua', 'Amazonas'),
('010203', 'Copallin', 'Bagua', 'Amazonas'),
('010204', 'El Parco', 'Bagua', 'Amazonas'),
('010205', 'Imaza', 'Bagua', 'Amazonas'),
('010206', 'La Peca', 'Bagua', 'Amazonas'),
('010301', 'Jumbilla', 'Bongara', 'Amazonas'),
('010302', 'Chisquilla', 'Bongara', 'Amazonas'),
('010303', 'Churuja', 'Bongara', 'Amazonas'),
('010304', 'Corosha', 'Bongara', 'Amazonas'),
('010305', 'Cuispes', 'Bongara', 'Amazonas'),
('010306', 'Florida', 'Bongara', 'Amazonas'),
('010307', 'Jazan', 'Bongara', 'Amazonas'),
('010308', 'Recta', 'Bongara', 'Amazonas'),
('010309', 'San Carlos', 'Bongara', 'Amazonas'),
('010310', 'Shipasbamba', 'Bongara', 'Amazonas'),
('010311', 'Valera', 'Bongara', 'Amazonas'),
('010312', 'Yambrasbamba', 'Bongara', 'Amazonas'),
('010401', 'Nieva', 'Condorcanqui', 'Amazonas'),
('010402', 'El Cenepa', 'Condorcanqui', 'Amazonas'),
('010403', 'Rio Santiago', 'Condorcanqui', 'Amazonas'),
('010501', 'Lamud', 'Luya', 'Amazonas'),
('010502', 'Camporredondo', 'Luya', 'Amazonas'),
('010503', 'Cocabamba', 'Luya', 'Amazonas'),
('010504', 'Colcamar', 'Luya', 'Amazonas'),
('010505', 'Conila', 'Luya', 'Amazonas'),
('010506', 'Inguilpata', 'Luya', 'Amazonas'),
('010507', 'Longuita', 'Luya', 'Amazonas'),
('010508', 'Lonya Chico', 'Luya', 'Amazonas'),
('010509', 'Luya', 'Luya', 'Amazonas'),
('010510', 'Luya Viejo', 'Luya', 'Amazonas'),
('010511', 'Maria', 'Luya', 'Amazonas'),
('010512', 'Ocalli', 'Luya', 'Amazonas'),
('010513', 'Ocumal', 'Luya', 'Amazonas'),
('010514', 'Pisuquia', 'Luya', 'Amazonas'),
('010515', 'Providencia', 'Luya', 'Amazonas'),
('010516', 'San Cristobal', 'Luya', 'Amazonas'),
('010517', 'San Francisco del Yeso', 'Luya', 'Amazonas'),
('010518', 'San Jeronimo', 'Luya', 'Amazonas'),
('010519', 'San Juan de Lopecancha', 'Luya', 'Amazonas'),
('010520', 'Santa Catalina', 'Luya', 'Amazonas'),
('010521', 'Santo Tomas', 'Luya', 'Amazonas'),
('010522', 'Tingo', 'Luya', 'Amazonas'),
('010523', 'Trita', 'Luya', 'Amazonas'),
('010601', 'San Nicolas', 'Rodriguez de Mendoza', 'Amazonas'),
('010602', 'Chirimoto', 'Rodriguez de Mendoza', 'Amazonas'),
('010603', 'Cochamal', 'Rodriguez de Mendoza', 'Amazonas'),
('010604', 'Huambo', 'Rodriguez de Mendoza', 'Amazonas'),
('010605', 'Limabamba', 'Rodriguez de Mendoza', 'Amazonas'),
('010606', 'Longar', 'Rodriguez de Mendoza', 'Amazonas'),
('010607', 'Mariscal Benavides', 'Rodriguez de Mendoza', 'Amazonas'),
('010608', 'Milpuc', 'Rodriguez de Mendoza', 'Amazonas'),
('010609', 'Omia', 'Rodriguez de Mendoza', 'Amazonas'),
('010610', 'Santa Rosa', 'Rodriguez de Mendoza', 'Amazonas'),
('010611', 'Totora', 'Rodriguez de Mendoza', 'Amazonas'),
('010612', 'Vista Alegre', 'Rodriguez de Mendoza', 'Amazonas'),
('010701', 'Bagua Grande', 'Utcubamba', 'Amazonas'),
('010702', 'Cajaruro', 'Utcubamba', 'Amazonas'),
('010703', 'Cumba', 'Utcubamba', 'Amazonas'),
('010704', 'El Milagro', 'Utcubamba', 'Amazonas'),
('010705', 'Jamalca', 'Utcubamba', 'Amazonas'),
('010706', 'Lonya Grande', 'Utcubamba', 'Amazonas'),
('010707', 'Yamon', 'Utcubamba', 'Amazonas'),
('020101', 'Huaraz', 'Huaraz', 'Ancash'),
('020102', 'Cochabamba', 'Huaraz', 'Ancash'),
('020103', 'Colcabamba', 'Huaraz', 'Ancash'),
('020104', 'Huanchay', 'Huaraz', 'Ancash'),
('020105', 'Independencia', 'Huaraz', 'Ancash'),
('020106', 'Jangas', 'Huaraz', 'Ancash'),
('020107', 'La Libertad', 'Huaraz', 'Ancash'),
('020108', 'Olleros', 'Huaraz', 'Ancash'),
('020109', 'Pampas', 'Huaraz', 'Ancash'),
('020110', 'Pariacoto', 'Huaraz', 'Ancash'),
('020111', 'Pira', 'Huaraz', 'Ancash'),
('020112', 'Tarica', 'Huaraz', 'Ancash'),
('020201', 'Aija', 'Aija', 'Ancash'),
('020202', 'Coris', 'Aija', 'Ancash'),
('020203', 'Huacllan', 'Aija', 'Ancash'),
('020204', 'La Merced', 'Aija', 'Ancash'),
('020205', 'Succha', 'Aija', 'Ancash'),
('020301', 'Llamellin', 'Antonio Raymondi', 'Ancash'),
('020302', 'Aczo', 'Antonio Raymondi', 'Ancash'),
('020303', 'Chaccho', 'Antonio Raymondi', 'Ancash'),
('020304', 'Chingas', 'Antonio Raymondi', 'Ancash'),
('020305', 'Mirgas', 'Antonio Raymondi', 'Ancash'),
('020306', 'San Juan de Rontoy', 'Antonio Raymondi', 'Ancash'),
('020401', 'Chacas', 'Asuncion', 'Ancash'),
('020402', 'Acochaca', 'Asuncion', 'Ancash'),
('020501', 'Chiquian', 'Bolognesi', 'Ancash'),
('020502', 'Abelardo Pardo Lezameta', 'Bolognesi', 'Ancash'),
('020503', 'Antonio Raymondi', 'Bolognesi', 'Ancash'),
('020504', 'Aquia', 'Bolognesi', 'Ancash'),
('020505', 'Cajacay', 'Bolognesi', 'Ancash'),
('020506', 'Canis', 'Bolognesi', 'Ancash'),
('020507', 'Colquioc', 'Bolognesi', 'Ancash'),
('020508', 'Huallanca', 'Bolognesi', 'Ancash'),
('020509', 'Huasta', 'Bolognesi', 'Ancash'),
('020510', 'Huayllacayan', 'Bolognesi', 'Ancash'),
('020511', 'La Primavera', 'Bolognesi', 'Ancash'),
('020512', 'Mangas', 'Bolognesi', 'Ancash'),
('020513', 'Pacllon', 'Bolognesi', 'Ancash'),
('020514', 'San Miguel de Corpanqui', 'Bolognesi', 'Ancash'),
('020515', 'Ticllos', 'Bolognesi', 'Ancash'),
('020601', 'Carhuaz', 'Carhuaz', 'Ancash'),
('020602', 'Acopampa', 'Carhuaz', 'Ancash'),
('020603', 'Amashca', 'Carhuaz', 'Ancash'),
('020604', 'Anta', 'Carhuaz', 'Ancash'),
('020605', 'Ataquero', 'Carhuaz', 'Ancash'),
('020606', 'Marcara', 'Carhuaz', 'Ancash'),
('020607', 'Pariahuanca', 'Carhuaz', 'Ancash'),
('020608', 'San Miguel de Aco', 'Carhuaz', 'Ancash'),
('020609', 'Shilla', 'Carhuaz', 'Ancash'),
('020610', 'Tinco', 'Carhuaz', 'Ancash'),
('020611', 'Yungar', 'Carhuaz', 'Ancash'),
('020701', 'San Luis', 'Carlos Fermin Fitzca', 'Ancash'),
('020702', 'San Nicolas', 'Carlos Fermin Fitzca', 'Ancash'),
('020703', 'Yauya', 'Carlos Fermin Fitzca', 'Ancash'),
('020801', 'Casma', 'Casma', 'Ancash'),
('020802', 'Buena Vista Alta', 'Casma', 'Ancash'),
('020803', 'Comandante Noel', 'Casma', 'Ancash'),
('020804', 'Yautan', 'Casma', 'Ancash'),
('020901', 'Corongo', 'Corongo', 'Ancash'),
('020902', 'Aco', 'Corongo', 'Ancash'),
('020903', 'Bambas', 'Corongo', 'Ancash'),
('020904', 'Cusca', 'Corongo', 'Ancash'),
('020905', 'La Pampa', 'Corongo', 'Ancash'),
('020906', 'Yanac', 'Corongo', 'Ancash'),
('020907', 'Yupan', 'Corongo', 'Ancash'),
('021001', 'Huari', 'Huari', 'Ancash'),
('021002', 'Anra', 'Huari', 'Ancash'),
('021003', 'Cajay', 'Huari', 'Ancash'),
('021004', 'Chavin de Huantar', 'Huari', 'Ancash'),
('021005', 'Huacachi', 'Huari', 'Ancash'),
('021006', 'Huacchis', 'Huari', 'Ancash'),
('021007', 'Huachis', 'Huari', 'Ancash'),
('021008', 'Huantar', 'Huari', 'Ancash'),
('021009', 'Masin', 'Huari', 'Ancash'),
('021010', 'Paucas', 'Huari', 'Ancash'),
('021011', 'Ponto', 'Huari', 'Ancash'),
('021012', 'Rahuapampa', 'Huari', 'Ancash'),
('021013', 'Rapayan', 'Huari', 'Ancash'),
('021014', 'San Marcos', 'Huari', 'Ancash'),
('021015', 'San Pedro de Chana', 'Huari', 'Ancash'),
('021016', 'Uco', 'Huari', 'Ancash'),
('021101', 'Huarmey', 'Huarmey', 'Ancash'),
('021102', 'Cochapeti', 'Huarmey', 'Ancash'),
('021103', 'Culebras', 'Huarmey', 'Ancash'),
('021104', 'Huayan', 'Huarmey', 'Ancash'),
('021105', 'Malvas', 'Huarmey', 'Ancash'),
('021201', 'Caraz', 'Huaylas', 'Ancash'),
('021202', 'Huallanca', 'Huaylas', 'Ancash'),
('021203', 'Huata', 'Huaylas', 'Ancash'),
('021204', 'Huaylas', 'Huaylas', 'Ancash'),
('021205', 'Mato', 'Huaylas', 'Ancash'),
('021206', 'Pamparomas', 'Huaylas', 'Ancash'),
('021207', 'Pueblo Libre', 'Huaylas', 'Ancash'),
('021208', 'Santa Cruz', 'Huaylas', 'Ancash'),
('021209', 'Santo Toribio', 'Huaylas', 'Ancash'),
('021210', 'Yuracmarca', 'Huaylas', 'Ancash'),
('021301', 'Piscobamba', 'Mariscal Luzuriaga', 'Ancash'),
('021302', 'Casca', 'Mariscal Luzuriaga', 'Ancash'),
('021303', 'Eleazar Guzman Barron', 'Mariscal Luzuriaga', 'Ancash'),
('021304', 'Fidel Olivas Escudero', 'Mariscal Luzuriaga', 'Ancash'),
('021305', 'Llama', 'Mariscal Luzuriaga', 'Ancash'),
('021306', 'Llumpa', 'Mariscal Luzuriaga', 'Ancash'),
('021307', 'Lucma', 'Mariscal Luzuriaga', 'Ancash'),
('021308', 'Musga', 'Mariscal Luzuriaga', 'Ancash'),
('021401', 'Ocros', 'Ocros', 'Ancash'),
('021402', 'Acas', 'Ocros', 'Ancash'),
('021403', 'Cajamarquilla', 'Ocros', 'Ancash'),
('021404', 'Carhuapampa', 'Ocros', 'Ancash'),
('021405', 'Cochas', 'Ocros', 'Ancash'),
('021406', 'Congas', 'Ocros', 'Ancash'),
('021407', 'Llipa', 'Ocros', 'Ancash'),
('021408', 'San Cristobal de Rajan', 'Ocros', 'Ancash'),
('021409', 'San Pedro', 'Ocros', 'Ancash'),
('021410', 'Santiago de Chilcas', 'Ocros', 'Ancash'),
('021501', 'Cabana', 'Pallasca', 'Ancash'),
('021502', 'Bolognesi', 'Pallasca', 'Ancash'),
('021503', 'Conchucos', 'Pallasca', 'Ancash'),
('021504', 'Huacaschuque', 'Pallasca', 'Ancash'),
('021505', 'Huandoval', 'Pallasca', 'Ancash'),
('021506', 'Lacabamba', 'Pallasca', 'Ancash'),
('021507', 'Llapo', 'Pallasca', 'Ancash'),
('021508', 'Pallasca', 'Pallasca', 'Ancash'),
('021509', 'Pampas', 'Pallasca', 'Ancash'),
('021510', 'Santa Rosa', 'Pallasca', 'Ancash'),
('021511', 'Tauca', 'Pallasca', 'Ancash'),
('021601', 'Pomabamba', 'Pomabamba', 'Ancash'),
('021602', 'Huayllan', 'Pomabamba', 'Ancash'),
('021603', 'Parobamba', 'Pomabamba', 'Ancash'),
('021604', 'Quinuabamba', 'Pomabamba', 'Ancash'),
('021701', 'Recuay', 'Recuay', 'Ancash'),
('021702', 'Catac', 'Recuay', 'Ancash'),
('021703', 'Cotaparaco', 'Recuay', 'Ancash'),
('021704', 'Huayllapampa', 'Recuay', 'Ancash'),
('021705', 'Llacllin', 'Recuay', 'Ancash'),
('021706', 'Marca', 'Recuay', 'Ancash'),
('021707', 'Pampas Chico', 'Recuay', 'Ancash'),
('021708', 'Pararin', 'Recuay', 'Ancash'),
('021709', 'Tapacocha', 'Recuay', 'Ancash'),
('021710', 'Ticapampa', 'Recuay', 'Ancash'),
('021801', 'Chimbote', 'Santa', 'Ancash'),
('021802', 'Caceres del Peru', 'Santa', 'Ancash'),
('021803', 'Coishco', 'Santa', 'Ancash'),
('021804', 'Macate', 'Santa', 'Ancash'),
('021805', 'Moro', 'Santa', 'Ancash'),
('021806', 'Nepeña', 'Santa', 'Ancash'),
('021807', 'Samanco', 'Santa', 'Ancash'),
('021808', 'Santa', 'Santa', 'Ancash'),
('021809', 'Nuevo Chimbote', 'Santa', 'Ancash'),
('021901', 'Sihuas', 'Sihuas', 'Ancash'),
('021902', 'Acobamba', 'Sihuas', 'Ancash'),
('021903', 'Alfonso Ugarte', 'Sihuas', 'Ancash'),
('021904', 'Cashapampa', 'Sihuas', 'Ancash'),
('021905', 'Chingalpo', 'Sihuas', 'Ancash'),
('021906', 'Huayllabamba', 'Sihuas', 'Ancash'),
('021907', 'Quiches', 'Sihuas', 'Ancash'),
('021908', 'Ragash', 'Sihuas', 'Ancash'),
('021909', 'San Juan', 'Sihuas', 'Ancash'),
('021910', 'Sicsibamba', 'Sihuas', 'Ancash'),
('022001', 'Yungay', 'Yungay', 'Ancash'),
('022002', 'Cascapara', 'Yungay', 'Ancash'),
('022003', 'Mancos', 'Yungay', 'Ancash'),
('022004', 'Matacoto', 'Yungay', 'Ancash'),
('022005', 'Quillo', 'Yungay', 'Ancash'),
('022006', 'Ranrahirca', 'Yungay', 'Ancash'),
('022007', 'Shupluy', 'Yungay', 'Ancash'),
('022008', 'Yanama', 'Yungay', 'Ancash'),
('030101', 'Abancay', 'Abancay', 'Apurimac'),
('030102', 'Chacoche', 'Abancay', 'Apurimac'),
('030103', 'Circa', 'Abancay', 'Apurimac'),
('030104', 'Curahuasi', 'Abancay', 'Apurimac'),
('030105', 'Huanipaca', 'Abancay', 'Apurimac'),
('030106', 'Lambrama', 'Abancay', 'Apurimac'),
('030107', 'Pichirhua', 'Abancay', 'Apurimac'),
('030108', 'San Pedro de Cachora', 'Abancay', 'Apurimac'),
('030109', 'Tamburco', 'Abancay', 'Apurimac'),
('030201', 'Andahuaylas', 'Andahuaylas', 'Apurimac'),
('030202', 'Andarapa', 'Andahuaylas', 'Apurimac'),
('030203', 'Chiara', 'Andahuaylas', 'Apurimac'),
('030204', 'Huancarama', 'Andahuaylas', 'Apurimac'),
('030205', 'Huancaray', 'Andahuaylas', 'Apurimac'),
('030206', 'Huayana', 'Andahuaylas', 'Apurimac'),
('030207', 'Kishuara', 'Andahuaylas', 'Apurimac'),
('030208', 'Pacobamba', 'Andahuaylas', 'Apurimac'),
('030209', 'Pacucha', 'Andahuaylas', 'Apurimac'),
('030210', 'Pampachiri', 'Andahuaylas', 'Apurimac'),
('030211', 'Pomacocha', 'Andahuaylas', 'Apurimac'),
('030212', 'San Antonio de Cachi', 'Andahuaylas', 'Apurimac'),
('030213', 'San Jeronimo', 'Andahuaylas', 'Apurimac'),
('030214', 'San Miguel de Chaccrampa', 'Andahuaylas', 'Apurimac'),
('030215', 'Santa Maria de Chicmo', 'Andahuaylas', 'Apurimac'),
('030216', 'Talavera', 'Andahuaylas', 'Apurimac'),
('030217', 'Tumay Huaraca', 'Andahuaylas', 'Apurimac'),
('030218', 'Turpo', 'Andahuaylas', 'Apurimac'),
('030219', 'Kaquiabamba', 'Andahuaylas', 'Apurimac'),
('030220', 'José María Arguedas', 'Andahuaylas', 'Apurimac'),
('030301', 'Antabamba', 'Antabamba', 'Apurimac'),
('030302', 'El Oro', 'Antabamba', 'Apurimac'),
('030303', 'Huaquirca', 'Antabamba', 'Apurimac'),
('030304', 'Juan Espinoza Medrano', 'Antabamba', 'Apurimac'),
('030305', 'Oropesa', 'Antabamba', 'Apurimac'),
('030306', 'Pachaconas', 'Antabamba', 'Apurimac'),
('030307', 'Sabaino', 'Antabamba', 'Apurimac'),
('030401', 'Chalhuanca', 'Aymaraes', 'Apurimac'),
('030402', 'Capaya', 'Aymaraes', 'Apurimac'),
('030403', 'Caraybamba', 'Aymaraes', 'Apurimac'),
('030404', 'Chapimarca', 'Aymaraes', 'Apurimac'),
('030405', 'Colcabamba', 'Aymaraes', 'Apurimac'),
('030406', 'Cotaruse', 'Aymaraes', 'Apurimac'),
('030407', 'Huayllo', 'Aymaraes', 'Apurimac'),
('030408', 'Justo Apu Sahuaraura', 'Aymaraes', 'Apurimac'),
('030409', 'Lucre', 'Aymaraes', 'Apurimac'),
('030410', 'Pocohuanca', 'Aymaraes', 'Apurimac'),
('030411', 'San Juan de Chacña', 'Aymaraes', 'Apurimac'),
('030412', 'Sañayca', 'Aymaraes', 'Apurimac'),
('030413', 'Soraya', 'Aymaraes', 'Apurimac'),
('030414', 'Tapairihua', 'Aymaraes', 'Apurimac'),
('030415', 'Tintay', 'Aymaraes', 'Apurimac'),
('030416', 'Toraya', 'Aymaraes', 'Apurimac'),
('030417', 'Yanaca', 'Aymaraes', 'Apurimac'),
('030501', 'Tambobamba', 'Cotabambas', 'Apurimac'),
('030502', 'Cotabambas', 'Cotabambas', 'Apurimac'),
('030503', 'Coyllurqui', 'Cotabambas', 'Apurimac'),
('030504', 'Haquira', 'Cotabambas', 'Apurimac'),
('030505', 'Mara', 'Cotabambas', 'Apurimac'),
('030506', 'Challhuahuacho', 'Cotabambas', 'Apurimac'),
('030601', 'Chincheros', 'Chincheros', 'Apurimac'),
('030602', 'Anco_Huallo', 'Chincheros', 'Apurimac'),
('030603', 'Cocharcas', 'Chincheros', 'Apurimac'),
('030604', 'Huaccana', 'Chincheros', 'Apurimac'),
('030605', 'Ocobamba', 'Chincheros', 'Apurimac'),
('030606', 'Ongoy', 'Chincheros', 'Apurimac'),
('030607', 'Uranmarca', 'Chincheros', 'Apurimac'),
('030608', 'Ranracancha', 'Chincheros', 'Apurimac'),
('030609', 'Rocchacc', 'Chincheros', 'Apurimac'),
('030610', 'El Porvenir', 'Chincheros', 'Apurimac'),
('030611', 'Los Chankas', 'Chincheros', 'Apurimac'),
('030701', 'Chuquibambilla', 'Grau', 'Apurimac'),
('030702', 'Curpahuasi', 'Grau', 'Apurimac'),
('030703', 'Gamarra', 'Grau', 'Apurimac'),
('030704', 'Huayllati', 'Grau', 'Apurimac'),
('030705', 'Mamara', 'Grau', 'Apurimac'),
('030706', 'Micaela Bastidas', 'Grau', 'Apurimac'),
('030707', 'Pataypampa', 'Grau', 'Apurimac'),
('030708', 'Progreso', 'Grau', 'Apurimac'),
('030709', 'San Antonio', 'Grau', 'Apurimac'),
('030710', 'Santa Rosa', 'Grau', 'Apurimac'),
('030711', 'Turpay', 'Grau', 'Apurimac'),
('030712', 'Vilcabamba', 'Grau', 'Apurimac'),
('030713', 'Virundo', 'Grau', 'Apurimac'),
('030714', 'Curasco', 'Grau', 'Apurimac'),
('040101', 'Arequipa', 'Arequipa', 'Arequipa'),
('040102', 'Alto Selva Alegre', 'Arequipa', 'Arequipa'),
('040103', 'Cayma', 'Arequipa', 'Arequipa'),
('040104', 'Cerro Colorado', 'Arequipa', 'Arequipa'),
('040105', 'Characato', 'Arequipa', 'Arequipa'),
('040106', 'Chiguata', 'Arequipa', 'Arequipa'),
('040107', 'Jacobo Hunter', 'Arequipa', 'Arequipa'),
('040108', 'La Joya', 'Arequipa', 'Arequipa'),
('040109', 'Mariano Melgar', 'Arequipa', 'Arequipa'),
('040110', 'Miraflores', 'Arequipa', 'Arequipa'),
('040111', 'Mollebaya', 'Arequipa', 'Arequipa'),
('040112', 'Paucarpata', 'Arequipa', 'Arequipa'),
('040113', 'Pocsi', 'Arequipa', 'Arequipa'),
('040114', 'Polobaya', 'Arequipa', 'Arequipa'),
('040115', 'Quequeña', 'Arequipa', 'Arequipa'),
('040116', 'Sabandia', 'Arequipa', 'Arequipa'),
('040117', 'Sachaca', 'Arequipa', 'Arequipa'),
('040118', 'San Juan de Siguas', 'Arequipa', 'Arequipa'),
('040119', 'San Juan de Tarucani', 'Arequipa', 'Arequipa'),
('040120', 'Santa Isabel de Siguas', 'Arequipa', 'Arequipa'),
('040121', 'Santa Rita de Siguas', 'Arequipa', 'Arequipa'),
('040122', 'Socabaya', 'Arequipa', 'Arequipa'),
('040123', 'Tiabaya', 'Arequipa', 'Arequipa'),
('040124', 'Uchumayo', 'Arequipa', 'Arequipa'),
('040125', 'Vitor', 'Arequipa', 'Arequipa'),
('040126', 'Yanahuara', 'Arequipa', 'Arequipa'),
('040127', 'Yarabamba', 'Arequipa', 'Arequipa'),
('040128', 'Yura', 'Arequipa', 'Arequipa'),
('040129', 'Jose Luis Bustamante y Rivero', 'Arequipa', 'Arequipa'),
('040201', 'Camana', 'Camana', 'Arequipa'),
('040202', 'Jose Maria Quimper', 'Camana', 'Arequipa'),
('040203', 'Mariano Nicolas Valcarcel', 'Camana', 'Arequipa'),
('040204', 'Mariscal Caceres', 'Camana', 'Arequipa'),
('040205', 'Nicolas de Pierola', 'Camana', 'Arequipa'),
('040206', 'Ocoña', 'Camana', 'Arequipa'),
('040207', 'Quilca', 'Camana', 'Arequipa'),
('040208', 'Samuel Pastor', 'Camana', 'Arequipa'),
('040301', 'Caraveli', 'Caraveli', 'Arequipa'),
('040302', 'Acari', 'Caraveli', 'Arequipa'),
('040303', 'Atico', 'Caraveli', 'Arequipa'),
('040304', 'Atiquipa', 'Caraveli', 'Arequipa'),
('040305', 'Bella Union', 'Caraveli', 'Arequipa'),
('040306', 'Cahuacho', 'Caraveli', 'Arequipa'),
('040307', 'Chala', 'Caraveli', 'Arequipa'),
('040308', 'Chaparra', 'Caraveli', 'Arequipa'),
('040309', 'Huanuhuanu', 'Caraveli', 'Arequipa'),
('040310', 'Jaqui', 'Caraveli', 'Arequipa'),
('040311', 'Lomas', 'Caraveli', 'Arequipa'),
('040312', 'Quicacha', 'Caraveli', 'Arequipa'),
('040313', 'Yauca', 'Caraveli', 'Arequipa'),
('040401', 'Aplao', 'Castilla', 'Arequipa'),
('040402', 'Andagua', 'Castilla', 'Arequipa'),
('040403', 'Ayo', 'Castilla', 'Arequipa'),
('040404', 'Chachas', 'Castilla', 'Arequipa'),
('040405', 'Chilcaymarca', 'Castilla', 'Arequipa'),
('040406', 'Choco', 'Castilla', 'Arequipa'),
('040407', 'Huancarqui', 'Castilla', 'Arequipa'),
('040408', 'Machaguay', 'Castilla', 'Arequipa'),
('040409', 'Orcopampa', 'Castilla', 'Arequipa'),
('040410', 'Pampacolca', 'Castilla', 'Arequipa'),
('040411', 'Tipan', 'Castilla', 'Arequipa'),
('040412', 'Uñon', 'Castilla', 'Arequipa'),
('040413', 'Uraca', 'Castilla', 'Arequipa'),
('040414', 'Viraco', 'Castilla', 'Arequipa'),
('040501', 'Chivay', 'Caylloma', 'Arequipa'),
('040502', 'Achoma', 'Caylloma', 'Arequipa'),
('040503', 'Cabanaconde', 'Caylloma', 'Arequipa'),
('040504', 'Callalli', 'Caylloma', 'Arequipa'),
('040505', 'Caylloma', 'Caylloma', 'Arequipa'),
('040506', 'Coporaque', 'Caylloma', 'Arequipa'),
('040507', 'Huambo', 'Caylloma', 'Arequipa'),
('040508', 'Huanca', 'Caylloma', 'Arequipa'),
('040509', 'Ichupampa', 'Caylloma', 'Arequipa'),
('040510', 'Lari', 'Caylloma', 'Arequipa'),
('040511', 'Lluta', 'Caylloma', 'Arequipa'),
('040512', 'Maca', 'Caylloma', 'Arequipa'),
('040513', 'Madrigal', 'Caylloma', 'Arequipa'),
('040514', 'San Antonio de Chuca', 'Caylloma', 'Arequipa'),
('040515', 'Sibayo', 'Caylloma', 'Arequipa'),
('040516', 'Tapay', 'Caylloma', 'Arequipa'),
('040517', 'Tisco', 'Caylloma', 'Arequipa'),
('040518', 'Tuti', 'Caylloma', 'Arequipa'),
('040519', 'Yanque', 'Caylloma', 'Arequipa'),
('040520', 'Majes', 'Caylloma', 'Arequipa'),
('040601', 'Chuquibamba', 'Condesuyos', 'Arequipa'),
('040602', 'Andaray', 'Condesuyos', 'Arequipa'),
('040603', 'Cayarani', 'Condesuyos', 'Arequipa'),
('040604', 'Chichas', 'Condesuyos', 'Arequipa'),
('040605', 'Iray', 'Condesuyos', 'Arequipa'),
('040606', 'Rio Grande', 'Condesuyos', 'Arequipa'),
('040607', 'Salamanca', 'Condesuyos', 'Arequipa'),
('040608', 'Yanaquihua', 'Condesuyos', 'Arequipa'),
('040701', 'Mollendo', 'Islay', 'Arequipa'),
('040702', 'Cocachacra', 'Islay', 'Arequipa'),
('040703', 'Dean Valdivia', 'Islay', 'Arequipa'),
('040704', 'Islay', 'Islay', 'Arequipa'),
('040705', 'Mejia', 'Islay', 'Arequipa'),
('040706', 'Punta de Bombon', 'Islay', 'Arequipa'),
('040801', 'Cotahuasi', 'La Union', 'Arequipa'),
('040802', 'Alca', 'La Union', 'Arequipa'),
('040803', 'Charcana', 'La Union', 'Arequipa'),
('040804', 'Huaynacotas', 'La Union', 'Arequipa'),
('040805', 'Pampamarca', 'La Union', 'Arequipa'),
('040806', 'Puyca', 'La Union', 'Arequipa'),
('040807', 'Quechualla', 'La Union', 'Arequipa'),
('040808', 'Sayla', 'La Union', 'Arequipa'),
('040809', 'Tauria', 'La Union', 'Arequipa'),
('040810', 'Tomepampa', 'La Union', 'Arequipa'),
('040811', 'Toro', 'La Union', 'Arequipa'),
('050101', 'Ayacucho', 'Huamanga', 'Ayacucho'),
('050102', 'Acocro', 'Huamanga', 'Ayacucho'),
('050103', 'Acos Vinchos', 'Huamanga', 'Ayacucho'),
('050104', 'Carmen Alto', 'Huamanga', 'Ayacucho'),
('050105', 'Chiara', 'Huamanga', 'Ayacucho'),
('050106', 'Ocros', 'Huamanga', 'Ayacucho'),
('050107', 'Pacaycasa', 'Huamanga', 'Ayacucho'),
('050108', 'Quinua', 'Huamanga', 'Ayacucho'),
('050109', 'San Jose de Ticllas', 'Huamanga', 'Ayacucho'),
('050110', 'San Juan Bautista', 'Huamanga', 'Ayacucho'),
('050111', 'Santiago de Pischa', 'Huamanga', 'Ayacucho'),
('050112', 'Socos', 'Huamanga', 'Ayacucho'),
('050113', 'Tambillo', 'Huamanga', 'Ayacucho'),
('050114', 'Vinchos', 'Huamanga', 'Ayacucho'),
('050115', 'Jesus Nazareno', 'Huamanga', 'Ayacucho'),
('050116', 'Andrés Avelino Cáceres Dorregaray', 'Huamanga', 'Ayacucho'),
('050201', 'Cangallo', 'Cangallo', 'Ayacucho'),
('050202', 'Chuschi', 'Cangallo', 'Ayacucho'),
('050203', 'Los Morochucos', 'Cangallo', 'Ayacucho'),
('050204', 'Maria Parado de Bellido', 'Cangallo', 'Ayacucho'),
('050205', 'Paras', 'Cangallo', 'Ayacucho'),
('050206', 'Totos', 'Cangallo', 'Ayacucho'),
('050301', 'Sancos', 'Huanca Sancos', 'Ayacucho'),
('050302', 'Carapo', 'Huanca Sancos', 'Ayacucho'),
('050303', 'Sacsamarca', 'Huanca Sancos', 'Ayacucho'),
('050304', 'Santiago de Lucanamarca', 'Huanca Sancos', 'Ayacucho'),
('050401', 'Huanta', 'Huanta', 'Ayacucho'),
('050402', 'Ayahuanco', 'Huanta', 'Ayacucho'),
('050403', 'Huamanguilla', 'Huanta', 'Ayacucho'),
('050404', 'Iguain', 'Huanta', 'Ayacucho'),
('050405', 'Luricocha', 'Huanta', 'Ayacucho'),
('050406', 'Santillana', 'Huanta', 'Ayacucho'),
('050407', 'Sivia', 'Huanta', 'Ayacucho'),
('050408', 'Llochegua', 'Huanta', 'Ayacucho'),
('050409', 'Canayre', 'Huanta', 'Ayacucho'),
('050410', 'Uchuraccay', 'Huanta', 'Ayacucho'),
('050411', 'Pucacolpa', 'Huanta', 'Ayacucho'),
('050412', 'Chaca', 'Huanta', 'Ayacucho'),
('050501', 'San Miguel', 'La Mar', 'Ayacucho'),
('050502', 'Anco', 'La Mar', 'Ayacucho'),
('050503', 'Ayna', 'La Mar', 'Ayacucho'),
('050504', 'Chilcas', 'La Mar', 'Ayacucho'),
('050505', 'Chungui', 'La Mar', 'Ayacucho'),
('050506', 'Luis Carranza', 'La Mar', 'Ayacucho'),
('050507', 'Santa Rosa', 'La Mar', 'Ayacucho'),
('050508', 'Tambo', 'La Mar', 'Ayacucho'),
('050509', 'Samugari', 'La Mar', 'Ayacucho'),
('050510', 'Anchihuay', 'La Mar', 'Ayacucho'),
('050511', 'Oronccoy', 'La Mar', 'Ayacucho'),
('050601', 'Puquio', 'Lucanas', 'Ayacucho'),
('050602', 'Aucara', 'Lucanas', 'Ayacucho'),
('050603', 'Cabana', 'Lucanas', 'Ayacucho'),
('050604', 'Carmen Salcedo', 'Lucanas', 'Ayacucho'),
('050605', 'Chaviña', 'Lucanas', 'Ayacucho'),
('050606', 'Chipao', 'Lucanas', 'Ayacucho'),
('050607', 'Huac-Huas', 'Lucanas', 'Ayacucho'),
('050608', 'Laramate', 'Lucanas', 'Ayacucho'),
('050609', 'Leoncio Prado', 'Lucanas', 'Ayacucho'),
('050610', 'Llauta', 'Lucanas', 'Ayacucho'),
('050611', 'Lucanas', 'Lucanas', 'Ayacucho'),
('050612', 'Ocaña', 'Lucanas', 'Ayacucho'),
('050613', 'Otoca', 'Lucanas', 'Ayacucho'),
('050614', 'Saisa', 'Lucanas', 'Ayacucho'),
('050615', 'San Cristobal', 'Lucanas', 'Ayacucho'),
('050616', 'San Juan', 'Lucanas', 'Ayacucho'),
('050617', 'San Pedro', 'Lucanas', 'Ayacucho'),
('050618', 'San Pedro de Palco', 'Lucanas', 'Ayacucho'),
('050619', 'Sancos', 'Lucanas', 'Ayacucho'),
('050620', 'Santa Ana de Huaycahuacho', 'Lucanas', 'Ayacucho'),
('050621', 'Santa Lucia', 'Lucanas', 'Ayacucho'),
('050701', 'Coracora', 'Parinacochas', 'Ayacucho'),
('050702', 'Chumpi', 'Parinacochas', 'Ayacucho'),
('050703', 'Coronel Castañeda', 'Parinacochas', 'Ayacucho'),
('050704', 'Pacapausa', 'Parinacochas', 'Ayacucho'),
('050705', 'Pullo', 'Parinacochas', 'Ayacucho'),
('050706', 'Puyusca', 'Parinacochas', 'Ayacucho'),
('050707', 'San Francisco de Ravacayco', 'Parinacochas', 'Ayacucho'),
('050708', 'Upahuacho', 'Parinacochas', 'Ayacucho'),
('050801', 'Pausa', 'Paucar del Sara Sara', 'Ayacucho'),
('050802', 'Colta', 'Paucar del Sara Sara', 'Ayacucho'),
('050803', 'Corculla', 'Paucar del Sara Sara', 'Ayacucho'),
('050804', 'Lampa', 'Paucar del Sara Sara', 'Ayacucho'),
('050805', 'Marcabamba', 'Paucar del Sara Sara', 'Ayacucho'),
('050806', 'Oyolo', 'Paucar del Sara Sara', 'Ayacucho'),
('050807', 'Pararca', 'Paucar del Sara Sara', 'Ayacucho'),
('050808', 'San Javier de Alpabamba', 'Paucar del Sara Sara', 'Ayacucho'),
('050809', 'San Jose de Ushua', 'Paucar del Sara Sara', 'Ayacucho'),
('050810', 'Sara Sara', 'Paucar del Sara Sara', 'Ayacucho'),
('050901', 'Querobamba', 'Sucre', 'Ayacucho'),
('050902', 'Belen', 'Sucre', 'Ayacucho'),
('050903', 'Chalcos', 'Sucre', 'Ayacucho'),
('050904', 'Chilcayoc', 'Sucre', 'Ayacucho'),
('050905', 'Huacaña', 'Sucre', 'Ayacucho'),
('050906', 'Morcolla', 'Sucre', 'Ayacucho'),
('050907', 'Paico', 'Sucre', 'Ayacucho'),
('050908', 'San Pedro de Larcay', 'Sucre', 'Ayacucho'),
('050909', 'San Salvador de Quije', 'Sucre', 'Ayacucho'),
('050910', 'Santiago de Paucaray', 'Sucre', 'Ayacucho'),
('050911', 'Soras', 'Sucre', 'Ayacucho'),
('051001', 'Huancapi', 'Victor Fajardo', 'Ayacucho'),
('051002', 'Alcamenca', 'Victor Fajardo', 'Ayacucho'),
('051003', 'Apongo', 'Victor Fajardo', 'Ayacucho'),
('051004', 'Asquipata', 'Victor Fajardo', 'Ayacucho'),
('051005', 'Canaria', 'Victor Fajardo', 'Ayacucho'),
('051006', 'Cayara', 'Victor Fajardo', 'Ayacucho'),
('051007', 'Colca', 'Victor Fajardo', 'Ayacucho'),
('051008', 'Huamanquiquia', 'Victor Fajardo', 'Ayacucho'),
('051009', 'Huancaraylla', 'Victor Fajardo', 'Ayacucho'),
('051010', 'Huaya', 'Victor Fajardo', 'Ayacucho'),
('051011', 'Sarhua', 'Victor Fajardo', 'Ayacucho'),
('051012', 'Vilcanchos', 'Victor Fajardo', 'Ayacucho'),
('051101', 'Vilcas Huaman', 'Vilcas Huaman', 'Ayacucho'),
('051102', 'Accomarca', 'Vilcas Huaman', 'Ayacucho'),
('051103', 'Carhuanca', 'Vilcas Huaman', 'Ayacucho'),
('051104', 'Concepcion', 'Vilcas Huaman', 'Ayacucho'),
('051105', 'Huambalpa', 'Vilcas Huaman', 'Ayacucho'),
('051106', 'Independencia', 'Vilcas Huaman', 'Ayacucho'),
('051107', 'Saurama', 'Vilcas Huaman', 'Ayacucho'),
('051108', 'Vischongo', 'Vilcas Huaman', 'Ayacucho'),
('060101', 'Cajamarca', 'Cajamarca', 'Cajamarca'),
('060102', 'Asuncion', 'Cajamarca', 'Cajamarca'),
('060103', 'Chetilla', 'Cajamarca', 'Cajamarca'),
('060104', 'Cospan', 'Cajamarca', 'Cajamarca'),
('060105', 'Encañada', 'Cajamarca', 'Cajamarca'),
('060106', 'Jesus', 'Cajamarca', 'Cajamarca'),
('060107', 'Llacanora', 'Cajamarca', 'Cajamarca'),
('060108', 'Los Baños del Inca', 'Cajamarca', 'Cajamarca'),
('060109', 'Magdalena', 'Cajamarca', 'Cajamarca'),
('060110', 'Matara', 'Cajamarca', 'Cajamarca'),
('060111', 'Namora', 'Cajamarca', 'Cajamarca'),
('060112', 'San Juan', 'Cajamarca', 'Cajamarca'),
('060201', 'Cajabamba', 'Cajabamba', 'Cajamarca'),
('060202', 'Cachachi', 'Cajabamba', 'Cajamarca'),
('060203', 'Condebamba', 'Cajabamba', 'Cajamarca'),
('060204', 'Sitacocha', 'Cajabamba', 'Cajamarca'),
('060301', 'Celendin', 'Celendin', 'Cajamarca'),
('060302', 'Chumuch', 'Celendin', 'Cajamarca'),
('060303', 'Cortegana', 'Celendin', 'Cajamarca'),
('060304', 'Huasmin', 'Celendin', 'Cajamarca'),
('060305', 'Jorge Chavez', 'Celendin', 'Cajamarca'),
('060306', 'Jose Galvez', 'Celendin', 'Cajamarca'),
('060307', 'Miguel Iglesias', 'Celendin', 'Cajamarca'),
('060308', 'Oxamarca', 'Celendin', 'Cajamarca'),
('060309', 'Sorochuco', 'Celendin', 'Cajamarca'),
('060310', 'Sucre', 'Celendin', 'Cajamarca'),
('060311', 'Utco', 'Celendin', 'Cajamarca'),
('060312', 'La Libertad de Pallan', 'Celendin', 'Cajamarca'),
('060401', 'Chota', 'Chota', 'Cajamarca'),
('060402', 'Anguia', 'Chota', 'Cajamarca'),
('060403', 'Chadin', 'Chota', 'Cajamarca'),
('060404', 'Chiguirip', 'Chota', 'Cajamarca'),
('060405', 'Chimban', 'Chota', 'Cajamarca'),
('060406', 'Choropampa', 'Chota', 'Cajamarca'),
('060407', 'Cochabamba', 'Chota', 'Cajamarca'),
('060408', 'Conchan', 'Chota', 'Cajamarca'),
('060409', 'Huambos', 'Chota', 'Cajamarca'),
('060410', 'Lajas', 'Chota', 'Cajamarca'),
('060411', 'Llama', 'Chota', 'Cajamarca'),
('060412', 'Miracosta', 'Chota', 'Cajamarca'),
('060413', 'Paccha', 'Chota', 'Cajamarca'),
('060414', 'Pion', 'Chota', 'Cajamarca'),
('060415', 'Querocoto', 'Chota', 'Cajamarca'),
('060416', 'San Juan de Licupis', 'Chota', 'Cajamarca'),
('060417', 'Tacabamba', 'Chota', 'Cajamarca'),
('060418', 'Tocmoche', 'Chota', 'Cajamarca'),
('060419', 'Chalamarca', 'Chota', 'Cajamarca'),
('060501', 'Contumaza', 'Contumaza', 'Cajamarca'),
('060502', 'Chilete', 'Contumaza', 'Cajamarca'),
('060503', 'Cupisnique', 'Contumaza', 'Cajamarca'),
('060504', 'Guzmango', 'Contumaza', 'Cajamarca'),
('060505', 'San Benito', 'Contumaza', 'Cajamarca'),
('060506', 'Santa Cruz de Toled', 'Contumaza', 'Cajamarca'),
('060507', 'Tantarica', 'Contumaza', 'Cajamarca'),
('060508', 'Yonan', 'Contumaza', 'Cajamarca'),
('060601', 'Cutervo', 'Cutervo', 'Cajamarca'),
('060602', 'Callayuc', 'Cutervo', 'Cajamarca'),
('060603', 'Choros', 'Cutervo', 'Cajamarca'),
('060604', 'Cujillo', 'Cutervo', 'Cajamarca'),
('060605', 'La Ramada', 'Cutervo', 'Cajamarca'),
('060606', 'Pimpingos', 'Cutervo', 'Cajamarca'),
('060607', 'Querocotillo', 'Cutervo', 'Cajamarca'),
('060608', 'San Andres de Cutervo', 'Cutervo', 'Cajamarca'),
('060609', 'San Juan de Cutervo', 'Cutervo', 'Cajamarca'),
('060610', 'San Luis de Lucma', 'Cutervo', 'Cajamarca'),
('060611', 'Santa Cruz', 'Cutervo', 'Cajamarca'),
('060612', 'Santo Domingo de La Capilla', 'Cutervo', 'Cajamarca'),
('060613', 'Santo Tomas', 'Cutervo', 'Cajamarca'),
('060614', 'Socota', 'Cutervo', 'Cajamarca'),
('060615', 'Toribio Casanova', 'Cutervo', 'Cajamarca'),
('060701', 'Bambamarca', 'Hualgayoc', 'Cajamarca'),
('060702', 'Chugur', 'Hualgayoc', 'Cajamarca'),
('060703', 'Hualgayoc', 'Hualgayoc', 'Cajamarca'),
('060801', 'Jaen', 'Jaen', 'Cajamarca'),
('060802', 'Bellavista', 'Jaen', 'Cajamarca'),
('060803', 'Chontali', 'Jaen', 'Cajamarca'),
('060804', 'Colasay', 'Jaen', 'Cajamarca'),
('060805', 'Huabal', 'Jaen', 'Cajamarca'),
('060806', 'Las Pirias', 'Jaen', 'Cajamarca'),
('060807', 'Pomahuaca', 'Jaen', 'Cajamarca'),
('060808', 'Pucara', 'Jaen', 'Cajamarca'),
('060809', 'Sallique', 'Jaen', 'Cajamarca'),
('060810', 'San Felipe', 'Jaen', 'Cajamarca'),
('060811', 'San Jose del Alto', 'Jaen', 'Cajamarca'),
('060812', 'Santa Rosa', 'Jaen', 'Cajamarca'),
('060901', 'San Ignacio', 'San Ignacio', 'Cajamarca'),
('060902', 'Chirinos', 'San Ignacio', 'Cajamarca'),
('060903', 'Huarango', 'San Ignacio', 'Cajamarca'),
('060904', 'La Coipa', 'San Ignacio', 'Cajamarca'),
('060905', 'Namballe', 'San Ignacio', 'Cajamarca'),
('060906', 'San Jose de Lourdes', 'San Ignacio', 'Cajamarca'),
('060907', 'Tabaconas', 'San Ignacio', 'Cajamarca'),
('061001', 'Pedro Galvez', 'San Marcos', 'Cajamarca'),
('061002', 'Chancay', 'San Marcos', 'Cajamarca'),
('061003', 'Eduardo Villanueva', 'San Marcos', 'Cajamarca'),
('061004', 'Gregorio Pita', 'San Marcos', 'Cajamarca'),
('061005', 'Ichocan', 'San Marcos', 'Cajamarca'),
('061006', 'Jose Manuel Quiroz', 'San Marcos', 'Cajamarca'),
('061007', 'Jose Sabogal', 'San Marcos', 'Cajamarca'),
('061101', 'San Miguel', 'San Miguel', 'Cajamarca'),
('061102', 'Bolivar', 'San Miguel', 'Cajamarca'),
('061103', 'Calquis', 'San Miguel', 'Cajamarca'),
('061104', 'Catilluc', 'San Miguel', 'Cajamarca'),
('061105', 'El Prado', 'San Miguel', 'Cajamarca'),
('061106', 'La Florida', 'San Miguel', 'Cajamarca'),
('061107', 'Llapa', 'San Miguel', 'Cajamarca'),
('061108', 'Nanchoc', 'San Miguel', 'Cajamarca'),
('061109', 'Niepos', 'San Miguel', 'Cajamarca'),
('061110', 'San Gregorio', 'San Miguel', 'Cajamarca'),
('061111', 'San Silvestre de Cochan', 'San Miguel', 'Cajamarca'),
('061112', 'Tongod', 'San Miguel', 'Cajamarca'),
('061113', 'Union Agua Blanca', 'San Miguel', 'Cajamarca'),
('061201', 'San Pablo', 'San Pablo', 'Cajamarca'),
('061202', 'San Bernardino', 'San Pablo', 'Cajamarca'),
('061203', 'San Luis', 'San Pablo', 'Cajamarca'),
('061204', 'Tumbaden', 'San Pablo', 'Cajamarca'),
('061301', 'Santa Cruz', 'Santa Cruz', 'Cajamarca'),
('061302', 'Andabamba', 'Santa Cruz', 'Cajamarca'),
('061303', 'Catache', 'Santa Cruz', 'Cajamarca'),
('061304', 'Chancaybaños', 'Santa Cruz', 'Cajamarca'),
('061305', 'La Esperanza', 'Santa Cruz', 'Cajamarca'),
('061306', 'Ninabamba', 'Santa Cruz', 'Cajamarca'),
('061307', 'Pulan', 'Santa Cruz', 'Cajamarca'),
('061308', 'Saucepampa', 'Santa Cruz', 'Cajamarca'),
('061309', 'Sexi', 'Santa Cruz', 'Cajamarca'),
('061310', 'Uticyacu', 'Santa Cruz', 'Cajamarca'),
('061311', 'Yauyucan', 'Santa Cruz', 'Cajamarca'),
('070101', 'Callao', 'Callao', 'Callao'),
('070102', 'Bellavista', 'Callao', 'Callao'),
('070103', 'Carmen de La Legua', 'Callao', 'Callao'),
('070104', 'La Perla', 'Callao', 'Callao'),
('070105', 'La Punta', 'Callao', 'Callao'),
('070106', 'Ventanilla', 'Callao', 'Callao'),
('070107', 'Mi Peru', 'Callao', 'Callao'),
('080101', 'Cusco', 'Cusco', 'Cusco'),
('080102', 'Ccorca', 'Cusco', 'Cusco'),
('080103', 'Poroy', 'Cusco', 'Cusco'),
('080104', 'San Jeronimo', 'Cusco', 'Cusco'),
('080105', 'San Sebastian', 'Cusco', 'Cusco'),
('080106', 'Santiago', 'Cusco', 'Cusco'),
('080107', 'Saylla', 'Cusco', 'Cusco'),
('080108', 'Wanchaq', 'Cusco', 'Cusco'),
('080201', 'Acomayo', 'Acomayo', 'Cusco'),
('080202', 'Acopia', 'Acomayo', 'Cusco'),
('080203', 'Acos', 'Acomayo', 'Cusco'),
('080204', 'Mosoc Llacta', 'Acomayo', 'Cusco'),
('080205', 'Pomacanchi', 'Acomayo', 'Cusco'),
('080206', 'Rondocan', 'Acomayo', 'Cusco'),
('080207', 'Sangarara', 'Acomayo', 'Cusco'),
('080301', 'Anta', 'Anta', 'Cusco'),
('080302', 'Ancahuasi', 'Anta', 'Cusco'),
('080303', 'Cachimayo', 'Anta', 'Cusco'),
('080304', 'Chinchaypujio', 'Anta', 'Cusco'),
('080305', 'Huarocondo', 'Anta', 'Cusco'),
('080306', 'Limatambo', 'Anta', 'Cusco'),
('080307', 'Mollepata', 'Anta', 'Cusco'),
('080308', 'Pucyura', 'Anta', 'Cusco'),
('080309', 'Zurite', 'Anta', 'Cusco'),
('080401', 'Calca', 'Calca', 'Cusco'),
('080402', 'Coya', 'Calca', 'Cusco'),
('080403', 'Lamay', 'Calca', 'Cusco'),
('080404', 'Lares', 'Calca', 'Cusco'),
('080405', 'Pisac', 'Calca', 'Cusco'),
('080406', 'San Salvador', 'Calca', 'Cusco'),
('080407', 'Taray', 'Calca', 'Cusco'),
('080408', 'Yanatile', 'Calca', 'Cusco'),
('080501', 'Yanaoca', 'Canas', 'Cusco'),
('080502', 'Checca', 'Canas', 'Cusco'),
('080503', 'Kunturkanki', 'Canas', 'Cusco'),
('080504', 'Langui', 'Canas', 'Cusco'),
('080505', 'Layo', 'Canas', 'Cusco'),
('080506', 'Pampamarca', 'Canas', 'Cusco'),
('080507', 'Quehue', 'Canas', 'Cusco'),
('080508', 'Tupac Amaru', 'Canas', 'Cusco'),
('080601', 'Sicuani', 'Canchis', 'Cusco'),
('080602', 'Checacupe', 'Canchis', 'Cusco'),
('080603', 'Combapata', 'Canchis', 'Cusco'),
('080604', 'Marangani', 'Canchis', 'Cusco'),
('080605', 'Pitumarca', 'Canchis', 'Cusco'),
('080606', 'San Pablo', 'Canchis', 'Cusco'),
('080607', 'San Pedro', 'Canchis', 'Cusco'),
('080608', 'Tinta', 'Canchis', 'Cusco'),
('080701', 'Santo Tomas', 'Chumbivilcas', 'Cusco'),
('080702', 'Capacmarca', 'Chumbivilcas', 'Cusco'),
('080703', 'Chamaca', 'Chumbivilcas', 'Cusco'),
('080704', 'Colquemarca', 'Chumbivilcas', 'Cusco'),
('080705', 'Livitaca', 'Chumbivilcas', 'Cusco'),
('080706', 'Llusco', 'Chumbivilcas', 'Cusco'),
('080707', 'Quiñota', 'Chumbivilcas', 'Cusco'),
('080708', 'Velille', 'Chumbivilcas', 'Cusco'),
('080801', 'Espinar', 'Espinar', 'Cusco'),
('080802', 'Condoroma', 'Espinar', 'Cusco'),
('080803', 'Coporaque', 'Espinar', 'Cusco'),
('080804', 'Ocoruro', 'Espinar', 'Cusco'),
('080805', 'Pallpata', 'Espinar', 'Cusco'),
('080806', 'Pichigua', 'Espinar', 'Cusco'),
('080807', 'Suyckutambo', 'Espinar', 'Cusco'),
('080808', 'Alto Pichigua', 'Espinar', 'Cusco'),
('080901', 'Santa Ana', 'La Convencion', 'Cusco'),
('080902', 'Echarate', 'La Convencion', 'Cusco'),
('080903', 'Huayopata', 'La Convencion', 'Cusco'),
('080904', 'Maranura', 'La Convencion', 'Cusco'),
('080905', 'Ocobamba', 'La Convencion', 'Cusco'),
('080906', 'Quellouno', 'La Convencion', 'Cusco'),
('080907', 'Kimbiri', 'La Convencion', 'Cusco'),
('080908', 'Santa Teresa', 'La Convencion', 'Cusco'),
('080909', 'Vilcabamba', 'La Convencion', 'Cusco'),
('080910', 'Pichari', 'La Convencion', 'Cusco'),
('080911', 'Inkawasi', 'La Convencion', 'Cusco'),
('080912', 'Villa Virgen', 'La Convencion', 'Cusco'),
('080913', 'Villa Kintiarina', 'La Convencion', 'Cusco'),
('080914', 'Megantoni', 'La Convencion', 'Cusco'),
('081001', 'Paruro', 'Paruro', 'Cusco'),
('081002', 'Accha', 'Paruro', 'Cusco'),
('081003', 'Ccapi', 'Paruro', 'Cusco'),
('081004', 'Colcha', 'Paruro', 'Cusco'),
('081005', 'Huanoquite', 'Paruro', 'Cusco'),
('081006', 'Omacha', 'Paruro', 'Cusco'),
('081007', 'Paccaritambo', 'Paruro', 'Cusco'),
('081008', 'Pillpinto', 'Paruro', 'Cusco'),
('081009', 'Yaurisque', 'Paruro', 'Cusco'),
('081101', 'Paucartambo', 'Paucartambo', 'Cusco'),
('081102', 'Caicay', 'Paucartambo', 'Cusco'),
('081103', 'Challabamba', 'Paucartambo', 'Cusco'),
('081104', 'Colquepata', 'Paucartambo', 'Cusco'),
('081105', 'Huancarani', 'Paucartambo', 'Cusco'),
('081106', 'Kosñipata', 'Paucartambo', 'Cusco'),
('081201', 'Urcos', 'Quispicanchi', 'Cusco'),
('081202', 'Andahuaylillas', 'Quispicanchi', 'Cusco'),
('081203', 'Camanti', 'Quispicanchi', 'Cusco'),
('081204', 'Ccarhuayo', 'Quispicanchi', 'Cusco'),
('081205', 'Ccatca', 'Quispicanchi', 'Cusco'),
('081206', 'Cusipata', 'Quispicanchi', 'Cusco'),
('081207', 'Huaro', 'Quispicanchi', 'Cusco'),
('081208', 'Lucre', 'Quispicanchi', 'Cusco'),
('081209', 'Marcapata', 'Quispicanchi', 'Cusco'),
('081210', 'Ocongate', 'Quispicanchi', 'Cusco'),
('081211', 'Oropesa', 'Quispicanchi', 'Cusco'),
('081212', 'Quiquijana', 'Quispicanchi', 'Cusco'),
('081301', 'Urubamba', 'Urubamba', 'Cusco'),
('081302', 'Chinchero', 'Urubamba', 'Cusco'),
('081303', 'Huayllabamba', 'Urubamba', 'Cusco'),
('081304', 'Machupicchu', 'Urubamba', 'Cusco'),
('081305', 'Maras', 'Urubamba', 'Cusco'),
('081306', 'Ollantaytambo', 'Urubamba', 'Cusco'),
('081307', 'Yucay', 'Urubamba', 'Cusco'),
('090101', 'Huancavelica', 'Huancavelica', 'Huancavelica'),
('090102', 'Acobambilla', 'Huancavelica', 'Huancavelica'),
('090103', 'Acoria', 'Huancavelica', 'Huancavelica'),
('090104', 'Conayca', 'Huancavelica', 'Huancavelica'),
('090105', 'Cuenca', 'Huancavelica', 'Huancavelica'),
('090106', 'Huachocolpa', 'Huancavelica', 'Huancavelica'),
('090107', 'Huayllahuara', 'Huancavelica', 'Huancavelica'),
('090108', 'Izcuchaca', 'Huancavelica', 'Huancavelica'),
('090109', 'Laria', 'Huancavelica', 'Huancavelica'),
('090110', 'Manta', 'Huancavelica', 'Huancavelica'),
('090111', 'Mariscal Caceres', 'Huancavelica', 'Huancavelica'),
('090112', 'Moya', 'Huancavelica', 'Huancavelica'),
('090113', 'Nuevo Occoro', 'Huancavelica', 'Huancavelica'),
('090114', 'Palca', 'Huancavelica', 'Huancavelica'),
('090115', 'Pilchaca', 'Huancavelica', 'Huancavelica'),
('090116', 'Vilca', 'Huancavelica', 'Huancavelica'),
('090117', 'Yauli', 'Huancavelica', 'Huancavelica'),
('090118', 'Ascension', 'Huancavelica', 'Huancavelica'),
('090119', 'Huando', 'Huancavelica', 'Huancavelica'),
('090201', 'Acobamba', 'Acobamba', 'Huancavelica'),
('090202', 'Andabamba', 'Acobamba', 'Huancavelica'),
('090203', 'Anta', 'Acobamba', 'Huancavelica'),
('090204', 'Caja', 'Acobamba', 'Huancavelica'),
('090205', 'Marcas', 'Acobamba', 'Huancavelica'),
('090206', 'Paucara', 'Acobamba', 'Huancavelica'),
('090207', 'Pomacocha', 'Acobamba', 'Huancavelica'),
('090208', 'Rosario', 'Acobamba', 'Huancavelica'),
('090301', 'Lircay', 'Angaraes', 'Huancavelica'),
('090302', 'Anchonga', 'Angaraes', 'Huancavelica'),
('090303', 'Callanmarca', 'Angaraes', 'Huancavelica'),
('090304', 'Ccochaccasa', 'Angaraes', 'Huancavelica'),
('090305', 'Chincho', 'Angaraes', 'Huancavelica'),
('090306', 'Congalla', 'Angaraes', 'Huancavelica'),
('090307', 'Huanca-Huanca', 'Angaraes', 'Huancavelica'),
('090308', 'Huayllay Grande', 'Angaraes', 'Huancavelica'),
('090309', 'Julcamarca', 'Angaraes', 'Huancavelica'),
('090310', 'San Antonio de Antaparco', 'Angaraes', 'Huancavelica'),
('090311', 'Santo Tomas de Pata', 'Angaraes', 'Huancavelica'),
('090312', 'Secclla', 'Angaraes', 'Huancavelica'),
('090401', 'Castrovirreyna', 'Castrovirreyna', 'Huancavelica'),
('090402', 'Arma', 'Castrovirreyna', 'Huancavelica'),
('090403', 'Aurahua', 'Castrovirreyna', 'Huancavelica'),
('090404', 'Capillas', 'Castrovirreyna', 'Huancavelica'),
('090405', 'Chupamarca', 'Castrovirreyna', 'Huancavelica'),
('090406', 'Cocas', 'Castrovirreyna', 'Huancavelica'),
('090407', 'Huachos', 'Castrovirreyna', 'Huancavelica'),
('090408', 'Huamatambo', 'Castrovirreyna', 'Huancavelica'),
('090409', 'Mollepampa', 'Castrovirreyna', 'Huancavelica'),
('090410', 'San Juan', 'Castrovirreyna', 'Huancavelica'),
('090411', 'Santa Ana', 'Castrovirreyna', 'Huancavelica'),
('090412', 'Tantara', 'Castrovirreyna', 'Huancavelica'),
('090413', 'Ticrapo', 'Castrovirreyna', 'Huancavelica'),
('090501', 'Churcampa', 'Churcampa', 'Huancavelica'),
('090502', 'Anco', 'Churcampa', 'Huancavelica'),
('090503', 'Chinchihuasi', 'Churcampa', 'Huancavelica'),
('090504', 'El Carmen', 'Churcampa', 'Huancavelica'),
('090505', 'La Merced', 'Churcampa', 'Huancavelica'),
('090506', 'Locroja', 'Churcampa', 'Huancavelica'),
('090507', 'Paucarbamba', 'Churcampa', 'Huancavelica'),
('090508', 'San Miguel de Mayocc', 'Churcampa', 'Huancavelica'),
('090509', 'San Pedro de Coris', 'Churcampa', 'Huancavelica'),
('090510', 'Pachamarca', 'Churcampa', 'Huancavelica'),
('090511', 'Cosme', 'Churcampa', 'Huancavelica'),
('090601', 'Huaytara', 'Huaytara', 'Huancavelica'),
('090602', 'Ayavi', 'Huaytara', 'Huancavelica'),
('090603', 'Cordova', 'Huaytara', 'Huancavelica'),
('090604', 'Huayacundo Arma', 'Huaytara', 'Huancavelica'),
('090605', 'Laramarca', 'Huaytara', 'Huancavelica'),
('090606', 'Ocoyo', 'Huaytara', 'Huancavelica'),
('090607', 'Pilpichaca', 'Huaytara', 'Huancavelica'),
('090608', 'Querco', 'Huaytara', 'Huancavelica'),
('090609', 'Quito-Arma', 'Huaytara', 'Huancavelica'),
('090610', 'San Antonio de Cusicancha', 'Huaytara', 'Huancavelica'),
('090611', 'San Francisco de Sangayaico', 'Huaytara', 'Huancavelica'),
('090612', 'San Isidro', 'Huaytara', 'Huancavelica'),
('090613', 'Santiago de Chocorvos', 'Huaytara', 'Huancavelica'),
('090614', 'Santiago de Quirahuara', 'Huaytara', 'Huancavelica'),
('090615', 'Santo Domingo de Capillas', 'Huaytara', 'Huancavelica'),
('090616', 'Tambo', 'Huaytara', 'Huancavelica'),
('090701', 'Pampas', 'Tayacaja', 'Huancavelica'),
('090702', 'Acostambo', 'Tayacaja', 'Huancavelica'),
('090703', 'Acraquia', 'Tayacaja', 'Huancavelica'),
('090704', 'Ahuaycha', 'Tayacaja', 'Huancavelica'),
('090705', 'Colcabamba', 'Tayacaja', 'Huancavelica'),
('090706', 'Daniel Hernandez', 'Tayacaja', 'Huancavelica'),
('090707', 'Huachocolpa', 'Tayacaja', 'Huancavelica'),
('090709', 'Huaribamba', 'Tayacaja', 'Huancavelica'),
('090710', 'Ñahuimpuquio', 'Tayacaja', 'Huancavelica'),
('090711', 'Pazos', 'Tayacaja', 'Huancavelica'),
('090713', 'Quishuar', 'Tayacaja', 'Huancavelica'),
('090714', 'Salcabamba', 'Tayacaja', 'Huancavelica'),
('090715', 'Salcahuasi', 'Tayacaja', 'Huancavelica'),
('090716', 'San Marcos de Rocchac', 'Tayacaja', 'Huancavelica'),
('090717', 'Surcubamba', 'Tayacaja', 'Huancavelica'),
('090718', 'Tintay Puncu', 'Tayacaja', 'Huancavelica'),
('090719', 'Quichuas', 'Tayacaja', 'Huancavelica'),
('090720', 'Andaymarca', 'Tayacaja', 'Huancavelica'),
('090721', 'Roble', 'Tayacaja', 'Huancavelica'),
('090722', 'Pichos', 'Tayacaja', 'Huancavelica'),
('090723', 'Santiago de Túcuma', 'Tayacaja', 'Huancavelica'),
('100101', 'Huanuco', 'Huanuco', 'Huanuco'),
('100102', 'Amarilis', 'Huanuco', 'Huanuco'),
('100103', 'Chinchao', 'Huanuco', 'Huanuco'),
('100104', 'Churubamba', 'Huanuco', 'Huanuco'),
('100105', 'Margos', 'Huanuco', 'Huanuco'),
('100106', 'Quisqui', 'Huanuco', 'Huanuco'),
('100107', 'San Francisco de Cayran', 'Huanuco', 'Huanuco'),
('100108', 'San Pedro de Chaulan', 'Huanuco', 'Huanuco'),
('100109', 'Santa Maria del Valle', 'Huanuco', 'Huanuco'),
('100110', 'Yarumayo', 'Huanuco', 'Huanuco'),
('100111', 'Pillco Marca', 'Huanuco', 'Huanuco'),
('100112', 'Yacus', 'Huanuco', 'Huanuco'),
('100113', 'San Pablo de Pillao', 'Huanuco', 'Huanuco'),
('100201', 'Ambo', 'Ambo', 'Huanuco'),
('100202', 'Cayna', 'Ambo', 'Huanuco'),
('100203', 'Colpas', 'Ambo', 'Huanuco'),
('100204', 'Conchamarca', 'Ambo', 'Huanuco'),
('100205', 'Huacar', 'Ambo', 'Huanuco'),
('100206', 'San Francisco', 'Ambo', 'Huanuco'),
('100207', 'San Rafael', 'Ambo', 'Huanuco'),
('100208', 'Tomay Kichwa', 'Ambo', 'Huanuco'),
('100301', 'La Union', 'Dos de Mayo', 'Huanuco'),
('100307', 'Chuquis', 'Dos de Mayo', 'Huanuco'),
('100311', 'Marias', 'Dos de Mayo', 'Huanuco'),
('100313', 'Pachas', 'Dos de Mayo', 'Huanuco'),
('100316', 'Quivilla', 'Dos de Mayo', 'Huanuco'),
('100317', 'Ripan', 'Dos de Mayo', 'Huanuco'),
('100321', 'Shunqui', 'Dos de Mayo', 'Huanuco'),
('100322', 'Sillapata', 'Dos de Mayo', 'Huanuco'),
('100323', 'Yanas', 'Dos de Mayo', 'Huanuco'),
('100401', 'Huacaybamba', 'Huacaybamba', 'Huanuco'),
('100402', 'Canchabamba', 'Huacaybamba', 'Huanuco'),
('100403', 'Cochabamba', 'Huacaybamba', 'Huanuco'),
('100404', 'Pinra', 'Huacaybamba', 'Huanuco'),
('100501', 'Llata', 'Huamalies', 'Huanuco'),
('100502', 'Arancay', 'Huamalies', 'Huanuco'),
('100503', 'Chavin de Pariarca', 'Huamalies', 'Huanuco'),
('100504', 'Jacas Grande', 'Huamalies', 'Huanuco'),
('100505', 'Jircan', 'Huamalies', 'Huanuco'),
('100506', 'Miraflores', 'Huamalies', 'Huanuco'),
('100507', 'Monzon', 'Huamalies', 'Huanuco'),
('100508', 'Punchao', 'Huamalies', 'Huanuco'),
('100509', 'Puños', 'Huamalies', 'Huanuco'),
('100510', 'Singa', 'Huamalies', 'Huanuco'),
('100511', 'Tantamayo', 'Huamalies', 'Huanuco'),
('100601', 'Rupa-Rupa', 'Leoncio Prado', 'Huanuco'),
('100602', 'Daniel Alomias Robles', 'Leoncio Prado', 'Huanuco'),
('100603', 'Hermilio Valdizan', 'Leoncio Prado', 'Huanuco'),
('100604', 'Jose Crespo y Castillo', 'Leoncio Prado', 'Huanuco'),
('100605', 'Luyando', 'Leoncio Prado', 'Huanuco'),
('100606', 'Mariano Damaso Beraun', 'Leoncio Prado', 'Huanuco'),
('100607', 'Pucayacu', 'Leoncio Prado', 'Huanuco'),
('100608', 'Castillo Grande', 'Leoncio Prado', 'Huanuco'),
('100609', 'Pueblo Nuevo', 'Leoncio Prado', 'Huanuco'),
('100610', 'Santo Domingo de Anda', 'Leoncio Prado', 'Huanuco'),
('100701', 'Huacrachuco', 'Marañon', 'Huanuco'),
('100702', 'Cholon', 'Marañon', 'Huanuco'),
('100703', 'San Buenaventura', 'Marañon', 'Huanuco'),
('100704', 'La Morada', 'Marañon', 'Huanuco'),
('100705', 'Santa Rosa de Alto Yanajanca', 'Marañon', 'Huanuco'),
('100801', 'Panao', 'Pachitea', 'Huanuco'),
('100802', 'Chaglla', 'Pachitea', 'Huanuco'),
('100803', 'Molino', 'Pachitea', 'Huanuco'),
('100804', 'Umari', 'Pachitea', 'Huanuco'),
('100901', 'Puerto Inca', 'Puerto Inca', 'Huanuco'),
('100902', 'Codo del Pozuzo', 'Puerto Inca', 'Huanuco'),
('100903', 'Honoria', 'Puerto Inca', 'Huanuco'),
('100904', 'Tournavista', 'Puerto Inca', 'Huanuco'),
('100905', 'Yuyapichis', 'Puerto Inca', 'Huanuco'),
('101001', 'Jesus', 'Lauricocha', 'Huanuco'),
('101002', 'Baños', 'Lauricocha', 'Huanuco'),
('101003', 'Jivia', 'Lauricocha', 'Huanuco'),
('101004', 'Queropalca', 'Lauricocha', 'Huanuco'),
('101005', 'Rondos', 'Lauricocha', 'Huanuco'),
('101006', 'San Francisco de Asis', 'Lauricocha', 'Huanuco'),
('101007', 'San Miguel de Cauri', 'Lauricocha', 'Huanuco'),
('101101', 'Chavinillo', 'Yarowilca', 'Huanuco'),
('101102', 'Cahuac', 'Yarowilca', 'Huanuco'),
('101103', 'Chacabamba', 'Yarowilca', 'Huanuco'),
('101104', 'Aparicio Pomares', 'Yarowilca', 'Huanuco'),
('101105', 'Jacas Chico', 'Yarowilca', 'Huanuco'),
('101106', 'Obas', 'Yarowilca', 'Huanuco'),
('101107', 'Pampamarca', 'Yarowilca', 'Huanuco'),
('101108', 'Choras', 'Yarowilca', 'Huanuco'),
('110101', 'Ica', 'Ica', 'Ica'),
('110102', 'La Tinguiña', 'Ica', 'Ica'),
('110103', 'Los Aquijes', 'Ica', 'Ica'),
('110104', 'Ocucaje', 'Ica', 'Ica'),
('110105', 'Pachacutec', 'Ica', 'Ica'),
('110106', 'Parcona', 'Ica', 'Ica'),
('110107', 'Pueblo Nuevo', 'Ica', 'Ica'),
('110108', 'Salas', 'Ica', 'Ica'),
('110109', 'San Jose de los Molinos', 'Ica', 'Ica'),
('110110', 'San Juan Bautista', 'Ica', 'Ica'),
('110111', 'Santiago', 'Ica', 'Ica'),
('110112', 'Subtanjalla', 'Ica', 'Ica'),
('110113', 'Tate', 'Ica', 'Ica'),
('110114', 'Yauca del Rosario', 'Ica', 'Ica'),
('110201', 'Chincha Alta', 'Chincha', 'Ica'),
('110202', 'Alto Laran', 'Chincha', 'Ica'),
('110203', 'Chavin', 'Chincha', 'Ica'),
('110204', 'Chincha Baja', 'Chincha', 'Ica'),
('110205', 'El Carmen', 'Chincha', 'Ica'),
('110206', 'Grocio Prado', 'Chincha', 'Ica'),
('110207', 'Pueblo Nuevo', 'Chincha', 'Ica'),
('110208', 'San Juan de Yanac', 'Chincha', 'Ica'),
('110209', 'San Pedro de Huacarpana', 'Chincha', 'Ica'),
('110210', 'Sunampe', 'Chincha', 'Ica'),
('110211', 'Tambo de Mora', 'Chincha', 'Ica'),
('110301', 'Nazca', 'Nazca', 'Ica'),
('110302', 'Changuillo', 'Nazca', 'Ica'),
('110303', 'El Ingenio', 'Nazca', 'Ica'),
('110304', 'Marcona', 'Nazca', 'Ica'),
('110305', 'Vista Alegre', 'Nazca', 'Ica'),
('110401', 'Palpa', 'Palpa', 'Ica'),
('110402', 'Llipata', 'Palpa', 'Ica'),
('110403', 'Rio Grande', 'Palpa', 'Ica'),
('110404', 'Santa Cruz', 'Palpa', 'Ica'),
('110405', 'Tibillo', 'Palpa', 'Ica'),
('110501', 'Pisco', 'Pisco', 'Ica'),
('110502', 'Huancano', 'Pisco', 'Ica'),
('110503', 'Humay', 'Pisco', 'Ica'),
('110504', 'Independencia', 'Pisco', 'Ica'),
('110505', 'Paracas', 'Pisco', 'Ica'),
('110506', 'San Andres', 'Pisco', 'Ica'),
('110507', 'San Clemente', 'Pisco', 'Ica'),
('110508', 'Tupac Amaru Inca', 'Pisco', 'Ica'),
('120101', 'Huancayo', 'Huancayo', 'Junin'),
('120104', 'Carhuacallanga', 'Huancayo', 'Junin'),
('120105', 'Chacapampa', 'Huancayo', 'Junin'),
('120106', 'Chicche', 'Huancayo', 'Junin'),
('120107', 'Chilca', 'Huancayo', 'Junin'),
('120108', 'Chongos Alto', 'Huancayo', 'Junin'),
('120111', 'Chupuro', 'Huancayo', 'Junin'),
('120112', 'Colca', 'Huancayo', 'Junin'),
('120113', 'Cullhuas', 'Huancayo', 'Junin'),
('120114', 'El Tambo', 'Huancayo', 'Junin'),
('120116', 'Huacrapuquio', 'Huancayo', 'Junin'),
('120117', 'Hualhuas', 'Huancayo', 'Junin'),
('120119', 'Huancan', 'Huancayo', 'Junin'),
('120120', 'Huasicancha', 'Huancayo', 'Junin'),
('120121', 'Huayucachi', 'Huancayo', 'Junin'),
('120122', 'Ingenio', 'Huancayo', 'Junin'),
('120124', 'Pariahuanca', 'Huancayo', 'Junin'),
('120125', 'Pilcomayo', 'Huancayo', 'Junin'),
('120126', 'Pucara', 'Huancayo', 'Junin'),
('120127', 'Quichuay', 'Huancayo', 'Junin'),
('120128', 'Quilcas', 'Huancayo', 'Junin'),
('120129', 'San Agustin', 'Huancayo', 'Junin'),
('120130', 'San Jeronimo de Tunan', 'Huancayo', 'Junin'),
('120132', 'Saño', 'Huancayo', 'Junin'),
('120133', 'Sapallanga', 'Huancayo', 'Junin'),
('120134', 'Sicaya', 'Huancayo', 'Junin'),
('120135', 'Santo Domingo de Acobamba', 'Huancayo', 'Junin'),
('120136', 'Viques', 'Huancayo', 'Junin'),
('120201', 'Concepcion', 'Concepcion', 'Junin'),
('120202', 'Aco', 'Concepcion', 'Junin'),
('120203', 'Andamarca', 'Concepcion', 'Junin'),
('120204', 'Chambara', 'Concepcion', 'Junin'),
('120205', 'Cochas', 'Concepcion', 'Junin'),
('120206', 'Comas', 'Concepcion', 'Junin'),
('120207', 'Heroinas Toledo', 'Concepcion', 'Junin'),
('120208', 'Manzanares', 'Concepcion', 'Junin'),
('120209', 'Mariscal Castilla', 'Concepcion', 'Junin'),
('120210', 'Matahuasi', 'Concepcion', 'Junin'),
('120211', 'Mito', 'Concepcion', 'Junin'),
('120212', 'Nueve de Julio', 'Concepcion', 'Junin'),
('120213', 'Orcotuna', 'Concepcion', 'Junin'),
('120214', 'San Jose de Quero', 'Concepcion', 'Junin'),
('120215', 'Santa Rosa de Ocopa', 'Concepcion', 'Junin'),
('120301', 'Chanchamayo', 'Chanchamayo', 'Junin'),
('120302', 'Perene', 'Chanchamayo', 'Junin'),
('120303', 'Pichanaqui', 'Chanchamayo', 'Junin'),
('120304', 'San Luis de Shuaro', 'Chanchamayo', 'Junin'),
('120305', 'San Ramon', 'Chanchamayo', 'Junin'),
('120306', 'Vitoc', 'Chanchamayo', 'Junin'),
('120401', 'Jauja', 'Jauja', 'Junin'),
('120402', 'Acolla', 'Jauja', 'Junin'),
('120403', 'Apata', 'Jauja', 'Junin'),
('120404', 'Ataura', 'Jauja', 'Junin'),
('120405', 'Canchayllo', 'Jauja', 'Junin'),
('120406', 'Curicaca', 'Jauja', 'Junin'),
('120407', 'El Mantaro', 'Jauja', 'Junin'),
('120408', 'Huamali', 'Jauja', 'Junin'),
('120409', 'Huaripampa', 'Jauja', 'Junin'),
('120410', 'Huertas', 'Jauja', 'Junin'),
('120411', 'Janjaillo', 'Jauja', 'Junin'),
('120412', 'Julcan', 'Jauja', 'Junin'),
('120413', 'Leonor Ordoñez', 'Jauja', 'Junin'),
('120414', 'Llocllapampa', 'Jauja', 'Junin'),
('120415', 'Marco', 'Jauja', 'Junin'),
('120416', 'Masma', 'Jauja', 'Junin'),
('120417', 'Masma Chicche', 'Jauja', 'Junin'),
('120418', 'Molinos', 'Jauja', 'Junin'),
('120419', 'Monobamba', 'Jauja', 'Junin'),
('120420', 'Muqui', 'Jauja', 'Junin'),
('120421', 'Muquiyauyo', 'Jauja', 'Junin'),
('120422', 'Paca', 'Jauja', 'Junin'),
('120423', 'Paccha', 'Jauja', 'Junin'),
('120424', 'Pancan', 'Jauja', 'Junin'),
('120425', 'Parco', 'Jauja', 'Junin'),
('120426', 'Pomacancha', 'Jauja', 'Junin'),
('120427', 'Ricran', 'Jauja', 'Junin'),
('120428', 'San Lorenzo', 'Jauja', 'Junin'),
('120429', 'San Pedro de Chunan', 'Jauja', 'Junin'),
('120430', 'Sausa', 'Jauja', 'Junin'),
('120431', 'Sincos', 'Jauja', 'Junin'),
('120432', 'Tunan Marca', 'Jauja', 'Junin'),
('120433', 'Yauli', 'Jauja', 'Junin'),
('120434', 'Yauyos', 'Jauja', 'Junin'),
('120501', 'Junin', 'Junin', 'Junin'),
('120502', 'Carhuamayo', 'Junin', 'Junin'),
('120503', 'Ondores', 'Junin', 'Junin'),
('120504', 'Ulcumayo', 'Junin', 'Junin'),
('120601', 'Satipo', 'Satipo', 'Junin'),
('120602', 'Coviriali', 'Satipo', 'Junin'),
('120603', 'Llaylla', 'Satipo', 'Junin'),
('120604', 'Mazamari', 'Satipo', 'Junin'),
('120605', 'Pampa Hermosa', 'Satipo', 'Junin'),
('120606', 'Pangoa', 'Satipo', 'Junin'),
('120607', 'Rio Negro', 'Satipo', 'Junin'),
('120608', 'Rio Tambo', 'Satipo', 'Junin'),
('120609', 'Vizcatán del Ene', 'Satipo', 'Junin'),
('120701', 'Tarma', 'Tarma', 'Junin'),
('120702', 'Acobamba', 'Tarma', 'Junin'),
('120703', 'Huaricolca', 'Tarma', 'Junin'),
('120704', 'Huasahuasi', 'Tarma', 'Junin'),
('120705', 'La Union', 'Tarma', 'Junin'),
('120706', 'Palca', 'Tarma', 'Junin'),
('120707', 'Palcamayo', 'Tarma', 'Junin'),
('120708', 'San Pedro de Cajas', 'Tarma', 'Junin'),
('120709', 'Tapo', 'Tarma', 'Junin'),
('120801', 'La Oroya', 'Yauli', 'Junin'),
('120802', 'Chacapalpa', 'Yauli', 'Junin'),
('120803', 'Huay-Huay', 'Yauli', 'Junin'),
('120804', 'Marcapomacocha', 'Yauli', 'Junin'),
('120805', 'Morococha', 'Yauli', 'Junin'),
('120806', 'Paccha', 'Yauli', 'Junin'),
('120807', 'Santa Barbara de Carhuacayan', 'Yauli', 'Junin'),
('120808', 'Santa Rosa de Sacco', 'Yauli', 'Junin'),
('120809', 'Suitucancha', 'Yauli', 'Junin'),
('120810', 'Yauli', 'Yauli', 'Junin'),
('120901', 'Chupaca', 'Chupaca', 'Junin'),
('120902', 'Ahuac', 'Chupaca', 'Junin'),
('120903', 'Chongos Bajo', 'Chupaca', 'Junin'),
('120904', 'Huachac', 'Chupaca', 'Junin'),
('120905', 'Huamancaca Chico', 'Chupaca', 'Junin'),
('120906', 'San Juan de Yscos', 'Chupaca', 'Junin'),
('120907', 'San Juan de Jarpa', 'Chupaca', 'Junin'),
('120908', 'Tres de Diciembre', 'Chupaca', 'Junin'),
('120909', 'Yanacancha', 'Chupaca', 'Junin'),
('130101', 'Trujillo', 'Trujillo', 'La Libertad'),
('130102', 'El Porvenir', 'Trujillo', 'La Libertad'),
('130103', 'Florencia de Mora', 'Trujillo', 'La Libertad'),
('130104', 'Huanchaco', 'Trujillo', 'La Libertad'),
('130105', 'La Esperanza', 'Trujillo', 'La Libertad'),
('130106', 'Laredo', 'Trujillo', 'La Libertad'),
('130107', 'Moche', 'Trujillo', 'La Libertad'),
('130108', 'Poroto', 'Trujillo', 'La Libertad'),
('130109', 'Salaverry', 'Trujillo', 'La Libertad'),
('130110', 'Simbal', 'Trujillo', 'La Libertad'),
('130111', 'Victor Larco Herrera', 'Trujillo', 'La Libertad'),
('130201', 'Ascope', 'Ascope', 'La Libertad'),
('130202', 'Chicama', 'Ascope', 'La Libertad'),
('130203', 'Chocope', 'Ascope', 'La Libertad'),
('130204', 'Magdalena de Cao', 'Ascope', 'La Libertad'),
('130205', 'Paijan', 'Ascope', 'La Libertad'),
('130206', 'Razuri', 'Ascope', 'La Libertad'),
('130207', 'Santiago de Cao', 'Ascope', 'La Libertad'),
('130208', 'Casa Grande', 'Ascope', 'La Libertad'),
('130301', 'Bolivar', 'Bolivar', 'La Libertad'),
('130302', 'Bambamarca', 'Bolivar', 'La Libertad'),
('130303', 'Condormarca', 'Bolivar', 'La Libertad'),
('130304', 'Longotea', 'Bolivar', 'La Libertad'),
('130305', 'Uchumarca', 'Bolivar', 'La Libertad'),
('130306', 'Ucuncha', 'Bolivar', 'La Libertad'),
('130401', 'Chepen', 'Chepen', 'La Libertad'),
('130402', 'Pacanga', 'Chepen', 'La Libertad'),
('130403', 'Pueblo Nuevo', 'Chepen', 'La Libertad'),
('130501', 'Julcan', 'Julcan', 'La Libertad'),
('130502', 'Calamarca', 'Julcan', 'La Libertad'),
('130503', 'Carabamba', 'Julcan', 'La Libertad'),
('130504', 'Huaso', 'Julcan', 'La Libertad'),
('130601', 'Otuzco', 'Otuzco', 'La Libertad'),
('130602', 'Agallpampa', 'Otuzco', 'La Libertad'),
('130604', 'Charat', 'Otuzco', 'La Libertad'),
('130605', 'Huaranchal', 'Otuzco', 'La Libertad'),
('130606', 'La Cuesta', 'Otuzco', 'La Libertad'),
('130608', 'Mache', 'Otuzco', 'La Libertad'),
('130610', 'Paranday', 'Otuzco', 'La Libertad'),
('130611', 'Salpo', 'Otuzco', 'La Libertad'),
('130613', 'Sinsicap', 'Otuzco', 'La Libertad'),
('130614', 'Usquil', 'Otuzco', 'La Libertad'),
('130701', 'San Pedro de Lloc', 'Pacasmayo', 'La Libertad'),
('130702', 'Guadalupe', 'Pacasmayo', 'La Libertad'),
('130703', 'Jequetepeque', 'Pacasmayo', 'La Libertad'),
('130704', 'Pacasmayo', 'Pacasmayo', 'La Libertad'),
('130705', 'San Jose', 'Pacasmayo', 'La Libertad'),
('130801', 'Tayabamba', 'Pataz', 'La Libertad'),
('130802', 'Buldibuyo', 'Pataz', 'La Libertad'),
('130803', 'Chillia', 'Pataz', 'La Libertad'),
('130804', 'Huancaspata', 'Pataz', 'La Libertad'),
('130805', 'Huaylillas', 'Pataz', 'La Libertad'),
('130806', 'Huayo', 'Pataz', 'La Libertad'),
('130807', 'Ongon', 'Pataz', 'La Libertad'),
('130808', 'Parcoy', 'Pataz', 'La Libertad'),
('130809', 'Pataz', 'Pataz', 'La Libertad'),
('130810', 'Pias', 'Pataz', 'La Libertad'),
('130811', 'Santiago de Challas', 'Pataz', 'La Libertad'),
('130812', 'Taurija', 'Pataz', 'La Libertad'),
('130813', 'Urpay', 'Pataz', 'La Libertad'),
('130901', 'Huamachuco', 'Sanchez Carrion', 'La Libertad'),
('130902', 'Chugay', 'Sanchez Carrion', 'La Libertad'),
('130903', 'Cochorco', 'Sanchez Carrion', 'La Libertad'),
('130904', 'Curgos', 'Sanchez Carrion', 'La Libertad'),
('130905', 'Marcabal', 'Sanchez Carrion', 'La Libertad'),
('130906', 'Sanagoran', 'Sanchez Carrion', 'La Libertad'),
('130907', 'Sarin', 'Sanchez Carrion', 'La Libertad'),
('130908', 'Sartimbamba', 'Sanchez Carrion', 'La Libertad'),
('131001', 'Santiago de Chuco', 'Santiago de Chuco', 'La Libertad'),
('131002', 'Angasmarca', 'Santiago de Chuco', 'La Libertad'),
('131003', 'Cachicadan', 'Santiago de Chuco', 'La Libertad'),
('131004', 'Mollebamba', 'Santiago de Chuco', 'La Libertad'),
('131005', 'Mollepata', 'Santiago de Chuco', 'La Libertad'),
('131006', 'Quiruvilca', 'Santiago de Chuco', 'La Libertad'),
('131007', 'Santa Cruz de Chuca', 'Santiago de Chuco', 'La Libertad'),
('131008', 'Sitabamba', 'Santiago de Chuco', 'La Libertad'),
('131101', 'Cascas', 'Gran Chimu', 'La Libertad'),
('131102', 'Lucma', 'Gran Chimu', 'La Libertad'),
('131103', 'Compin', 'Gran Chimu', 'La Libertad'),
('131104', 'Sayapullo', 'Gran Chimu', 'La Libertad'),
('131201', 'Viru', 'Viru', 'La Libertad'),
('131202', 'Chao', 'Viru', 'La Libertad'),
('131203', 'Guadalupito', 'Viru', 'La Libertad'),
('140101', 'Chiclayo', 'Chiclayo', 'Lambayeque'),
('140102', 'Chongoyape', 'Chiclayo', 'Lambayeque'),
('140103', 'Eten', 'Chiclayo', 'Lambayeque'),
('140104', 'Eten Puerto', 'Chiclayo', 'Lambayeque'),
('140105', 'Jose Leonardo Ortiz', 'Chiclayo', 'Lambayeque'),
('140106', 'La Victoria', 'Chiclayo', 'Lambayeque'),
('140107', 'Lagunas', 'Chiclayo', 'Lambayeque'),
('140108', 'Monsefu', 'Chiclayo', 'Lambayeque'),
('140109', 'Nueva Arica', 'Chiclayo', 'Lambayeque'),
('140110', 'Oyotun', 'Chiclayo', 'Lambayeque'),
('140111', 'Picsi', 'Chiclayo', 'Lambayeque'),
('140112', 'Pimentel', 'Chiclayo', 'Lambayeque'),
('140113', 'Reque', 'Chiclayo', 'Lambayeque'),
('140114', 'Santa Rosa', 'Chiclayo', 'Lambayeque'),
('140115', 'Saña', 'Chiclayo', 'Lambayeque'),
('140116', 'Cayalti', 'Chiclayo', 'Lambayeque'),
('140117', 'Patapo', 'Chiclayo', 'Lambayeque'),
('140118', 'Pomalca', 'Chiclayo', 'Lambayeque'),
('140119', 'Pucala', 'Chiclayo', 'Lambayeque'),
('140120', 'Tuman', 'Chiclayo', 'Lambayeque'),
('140201', 'Ferreñafe', 'Ferreñafe', 'Lambayeque'),
('140202', 'Cañaris', 'Ferreñafe', 'Lambayeque'),
('140203', 'Incahuasi', 'Ferreñafe', 'Lambayeque'),
('140204', 'Manuel Antonio Mesones Muro', 'Ferreñafe', 'Lambayeque'),
('140205', 'Pitipo', 'Ferreñafe', 'Lambayeque'),
('140206', 'Pueblo Nuevo', 'Ferreñafe', 'Lambayeque'),
('140301', 'Lambayeque', 'Lambayeque', 'Lambayeque'),
('140302', 'Chochope', 'Lambayeque', 'Lambayeque'),
('140303', 'Illimo', 'Lambayeque', 'Lambayeque'),
('140304', 'Jayanca', 'Lambayeque', 'Lambayeque'),
('140305', 'Mochumi', 'Lambayeque', 'Lambayeque'),
('140306', 'Morrope', 'Lambayeque', 'Lambayeque'),
('140307', 'Motupe', 'Lambayeque', 'Lambayeque'),
('140308', 'Olmos', 'Lambayeque', 'Lambayeque'),
('140309', 'Pacora', 'Lambayeque', 'Lambayeque'),
('140310', 'Salas', 'Lambayeque', 'Lambayeque'),
('140311', 'San Jose', 'Lambayeque', 'Lambayeque'),
('140312', 'Tucume', 'Lambayeque', 'Lambayeque'),
('150101', 'Lima', 'Lima', 'Lima'),
('150102', 'Ancon', 'Lima', 'Lima'),
('150103', 'Ate', 'Lima', 'Lima'),
('150104', 'Barranco', 'Lima', 'Lima'),
('150105', 'Breña', 'Lima', 'Lima'),
('150106', 'Carabayllo', 'Lima', 'Lima'),
('150107', 'Chaclacayo', 'Lima', 'Lima'),
('150108', 'Chorrillos', 'Lima', 'Lima'),
('150109', 'Cieneguilla', 'Lima', 'Lima'),
('150110', 'Comas', 'Lima', 'Lima'),
('150111', 'El Agustino', 'Lima', 'Lima'),
('150112', 'Independencia', 'Lima', 'Lima'),
('150113', 'Jesus Maria', 'Lima', 'Lima'),
('150114', 'La Molina', 'Lima', 'Lima'),
('150115', 'La Victoria', 'Lima', 'Lima'),
('150116', 'Lince', 'Lima', 'Lima'),
('150117', 'Los Olivos', 'Lima', 'Lima'),
('150118', 'Lurigancho', 'Lima', 'Lima'),
('150119', 'Lurin', 'Lima', 'Lima'),
('150120', 'Magdalena del Mar', 'Lima', 'Lima'),
('150121', 'Pueblo Libre', 'Lima', 'Lima'),
('150122', 'Miraflores', 'Lima', 'Lima'),
('150123', 'Pachacamac', 'Lima', 'Lima'),
('150124', 'Pucusana', 'Lima', 'Lima'),
('150125', 'Puente Piedra', 'Lima', 'Lima'),
('150126', 'Punta Hermosa', 'Lima', 'Lima'),
('150127', 'Punta Negra', 'Lima', 'Lima'),
('150128', 'Rimac', 'Lima', 'Lima'),
('150129', 'San Bartolo', 'Lima', 'Lima'),
('150130', 'San Borja', 'Lima', 'Lima'),
('150131', 'San Isidro', 'Lima', 'Lima'),
('150132', 'San Juan de Lurigancho', 'Lima', 'Lima'),
('150133', 'San Juan de Miraflores', 'Lima', 'Lima'),
('150134', 'San Luis', 'Lima', 'Lima'),
('150135', 'San Martin de Porres', 'Lima', 'Lima'),
('150136', 'San Miguel', 'Lima', 'Lima'),
('150137', 'Santa Anita', 'Lima', 'Lima'),
('150138', 'Santa Maria del Mar', 'Lima', 'Lima'),
('150139', 'Santa Rosa', 'Lima', 'Lima'),
('150140', 'Santiago de Surco', 'Lima', 'Lima'),
('150141', 'Surquillo', 'Lima', 'Lima'),
('150142', 'Villa El Salvador', 'Lima', 'Lima'),
('150143', 'Villa Maria del Triunfo', 'Lima', 'Lima'),
('150201', 'Barranca', 'Barranca', 'Lima'),
('150202', 'Paramonga', 'Barranca', 'Lima'),
('150203', 'Pativilca', 'Barranca', 'Lima'),
('150204', 'Supe', 'Barranca', 'Lima'),
('150205', 'Supe Puerto', 'Barranca', 'Lima'),
('150301', 'Cajatambo', 'Cajatambo', 'Lima'),
('150302', 'Copa', 'Cajatambo', 'Lima'),
('150303', 'Gorgor', 'Cajatambo', 'Lima'),
('150304', 'Huancapon', 'Cajatambo', 'Lima'),
('150305', 'Manas', 'Cajatambo', 'Lima'),
('150401', 'Canta', 'Canta', 'Lima'),
('150402', 'Arahuay', 'Canta', 'Lima'),
('150403', 'Huamantanga', 'Canta', 'Lima'),
('150404', 'Huaros', 'Canta', 'Lima'),
('150405', 'Lachaqui', 'Canta', 'Lima'),
('150406', 'San Buenaventura', 'Canta', 'Lima'),
('150407', 'Santa Rosa de Quives', 'Canta', 'Lima'),
('150501', 'San Vicente de Cañete', 'Cañete', 'Lima'),
('150502', 'Asia', 'Cañete', 'Lima'),
('150503', 'Calango', 'Cañete', 'Lima'),
('150504', 'Cerro Azul', 'Cañete', 'Lima'),
('150505', 'Chilca', 'Cañete', 'Lima'),
('150506', 'Coayllo', 'Cañete', 'Lima'),
('150507', 'Imperial', 'Cañete', 'Lima'),
('150508', 'Lunahuana', 'Cañete', 'Lima'),
('150509', 'Mala', 'Cañete', 'Lima'),
('150510', 'Nuevo Imperial', 'Cañete', 'Lima'),
('150511', 'Pacaran', 'Cañete', 'Lima'),
('150512', 'Quilmana', 'Cañete', 'Lima'),
('150513', 'San Antonio', 'Cañete', 'Lima'),
('150514', 'San Luis', 'Cañete', 'Lima'),
('150515', 'Santa Cruz de Flores', 'Cañete', 'Lima'),
('150516', 'Zuñiga', 'Cañete', 'Lima'),
('150601', 'Huaral', 'Huaral', 'Lima'),
('150602', 'Atavillos Alto', 'Huaral', 'Lima'),
('150603', 'Atavillos Bajo', 'Huaral', 'Lima'),
('150604', 'Aucallama', 'Huaral', 'Lima'),
('150605', 'Chancay', 'Huaral', 'Lima'),
('150606', 'Ihuari', 'Huaral', 'Lima'),
('150607', 'Lampian', 'Huaral', 'Lima'),
('150608', 'Pacaraos', 'Huaral', 'Lima'),
('150609', 'San Miguel de Acos', 'Huaral', 'Lima'),
('150610', 'Santa Cruz de Andamarca', 'Huaral', 'Lima'),
('150611', 'Sumbilca', 'Huaral', 'Lima'),
('150612', 'Veintisiete de Noviembre', 'Huaral', 'Lima'),
('150701', 'Matucana', 'Huarochiri', 'Lima'),
('150702', 'Antioquia', 'Huarochiri', 'Lima'),
('150703', 'Callahuanca', 'Huarochiri', 'Lima'),
('150704', 'Carampoma', 'Huarochiri', 'Lima'),
('150705', 'Chicla', 'Huarochiri', 'Lima'),
('150706', 'Cuenca', 'Huarochiri', 'Lima'),
('150707', 'Huachupampa', 'Huarochiri', 'Lima'),
('150708', 'Huanza', 'Huarochiri', 'Lima'),
('150709', 'Huarochiri', 'Huarochiri', 'Lima'),
('150710', 'Lahuaytambo', 'Huarochiri', 'Lima'),
('150711', 'Langa', 'Huarochiri', 'Lima'),
('150712', 'Laraos', 'Huarochiri', 'Lima'),
('150713', 'Mariatana', 'Huarochiri', 'Lima'),
('150714', 'Ricardo Palma', 'Huarochiri', 'Lima'),
('150715', 'San Andres de Tupicocha', 'Huarochiri', 'Lima'),
('150716', 'San Antonio', 'Huarochiri', 'Lima'),
('150717', 'San Bartolome', 'Huarochiri', 'Lima'),
('150718', 'San Damian', 'Huarochiri', 'Lima'),
('150719', 'San Juan de Iris', 'Huarochiri', 'Lima'),
('150720', 'San Juan de Tantaranche', 'Huarochiri', 'Lima'),
('150721', 'San Lorenzo de Quinti', 'Huarochiri', 'Lima'),
('150722', 'San Mateo', 'Huarochiri', 'Lima'),
('150723', 'San Mateo de Otao', 'Huarochiri', 'Lima'),
('150724', 'San Pedro de Casta', 'Huarochiri', 'Lima'),
('150725', 'San Pedro de Huancayre', 'Huarochiri', 'Lima'),
('150726', 'Sangallaya', 'Huarochiri', 'Lima'),
('150727', 'Santa Cruz de Cocachacra', 'Huarochiri', 'Lima'),
('150728', 'Santa Eulalia', 'Huarochiri', 'Lima'),
('150729', 'Santiago de Anchucaya', 'Huarochiri', 'Lima'),
('150730', 'Santiago de Tuna', 'Huarochiri', 'Lima'),
('150731', 'Santo Domingo de los Olleros', 'Huarochiri', 'Lima'),
('150732', 'Surco', 'Huarochiri', 'Lima'),
('150801', 'Huacho', 'Huaura', 'Lima'),
('150802', 'Ambar', 'Huaura', 'Lima'),
('150803', 'Caleta de Carquin', 'Huaura', 'Lima'),
('150804', 'Checras', 'Huaura', 'Lima'),
('150805', 'Hualmay', 'Huaura', 'Lima'),
('150806', 'Huaura', 'Huaura', 'Lima'),
('150807', 'Leoncio Prado', 'Huaura', 'Lima'),
('150808', 'Paccho', 'Huaura', 'Lima'),
('150809', 'Santa Leonor', 'Huaura', 'Lima'),
('150810', 'Santa Maria', 'Huaura', 'Lima'),
('150811', 'Sayan', 'Huaura', 'Lima'),
('150812', 'Vegueta', 'Huaura', 'Lima'),
('150901', 'Oyon', 'Oyon', 'Lima'),
('150902', 'Andajes', 'Oyon', 'Lima'),
('150903', 'Caujul', 'Oyon', 'Lima'),
('150904', 'Cochamarca', 'Oyon', 'Lima'),
('150905', 'Navan', 'Oyon', 'Lima'),
('150906', 'Pachangara', 'Oyon', 'Lima'),
('151001', 'Yauyos', 'Yauyos', 'Lima'),
('151002', 'Alis', 'Yauyos', 'Lima'),
('151003', 'Ayauca', 'Yauyos', 'Lima'),
('151004', 'Ayaviri', 'Yauyos', 'Lima'),
('151005', 'Azangaro', 'Yauyos', 'Lima'),
('151006', 'Cacra', 'Yauyos', 'Lima'),
('151007', 'Carania', 'Yauyos', 'Lima'),
('151008', 'Catahuasi', 'Yauyos', 'Lima'),
('151009', 'Chocos', 'Yauyos', 'Lima'),
('151010', 'Cochas', 'Yauyos', 'Lima'),
('151011', 'Colonia', 'Yauyos', 'Lima'),
('151012', 'Hongos', 'Yauyos', 'Lima'),
('151013', 'Huampara', 'Yauyos', 'Lima'),
('151014', 'Huancaya', 'Yauyos', 'Lima'),
('151015', 'Huangascar', 'Yauyos', 'Lima'),
('151016', 'Huantan', 'Yauyos', 'Lima'),
('151017', 'Huañec', 'Yauyos', 'Lima'),
('151018', 'Laraos', 'Yauyos', 'Lima'),
('151019', 'Lincha', 'Yauyos', 'Lima'),
('151020', 'Madean', 'Yauyos', 'Lima'),
('151021', 'Miraflores', 'Yauyos', 'Lima'),
('151022', 'Omas', 'Yauyos', 'Lima'),
('151023', 'Putinza', 'Yauyos', 'Lima'),
('151024', 'Quinches', 'Yauyos', 'Lima'),
('151025', 'Quinocay', 'Yauyos', 'Lima'),
('151026', 'San Joaquin', 'Yauyos', 'Lima'),
('151027', 'San Pedro de Pilas', 'Yauyos', 'Lima'),
('151028', 'Tanta', 'Yauyos', 'Lima'),
('151029', 'Tauripampa', 'Yauyos', 'Lima'),
('151030', 'Tomas', 'Yauyos', 'Lima'),
('151031', 'Tupe', 'Yauyos', 'Lima'),
('151032', 'Viñac', 'Yauyos', 'Lima'),
('151033', 'Vitis', 'Yauyos', 'Lima'),
('160101', 'Iquitos', 'Maynas', 'Loreto'),
('160102', 'Alto Nanay', 'Maynas', 'Loreto'),
('160103', 'Fernando Lores', 'Maynas', 'Loreto'),
('160104', 'Indiana', 'Maynas', 'Loreto'),
('160105', 'Las Amazonas', 'Maynas', 'Loreto'),
('160106', 'Mazan', 'Maynas', 'Loreto'),
('160107', 'Napo', 'Maynas', 'Loreto'),
('160108', 'Punchana', 'Maynas', 'Loreto'),
('160110', 'Torres Causana', 'Maynas', 'Loreto'),
('160112', 'Belen', 'Maynas', 'Loreto'),
('160113', 'San Juan Bautista', 'Maynas', 'Loreto'),
('160201', 'Yurimaguas', 'Alto Amazonas', 'Loreto'),
('160202', 'Balsapuerto', 'Alto Amazonas', 'Loreto'),
('160205', 'Jeberos', 'Alto Amazonas', 'Loreto'),
('160206', 'Lagunas', 'Alto Amazonas', 'Loreto'),
('160210', 'Santa Cruz', 'Alto Amazonas', 'Loreto'),
('160211', 'Teniente Cesar Lopez Rojas', 'Alto Amazonas', 'Loreto'),
('160301', 'Nauta', 'Loreto', 'Loreto'),
('160302', 'Parinari', 'Loreto', 'Loreto'),
('160303', 'Tigre', 'Loreto', 'Loreto'),
('160304', 'Trompeteros', 'Loreto', 'Loreto'),
('160305', 'Urarinas', 'Loreto', 'Loreto'),
('160401', 'Ramon Castilla', 'Mariscal Ramon Castilla', 'Loreto'),
('160402', 'Pebas', 'Mariscal Ramon Castilla', 'Loreto'),
('160403', 'Yavari', 'Mariscal Ramon Castilla', 'Loreto'),
('160404', 'San Pablo', 'Mariscal Ramon Castilla', 'Loreto'),
('160501', 'Requena', 'Requena', 'Loreto'),
('160502', 'Alto Tapiche', 'Requena', 'Loreto'),
('160503', 'Capelo', 'Requena', 'Loreto'),
('160504', 'Emilio San Martin', 'Requena', 'Loreto'),
('160505', 'Maquia', 'Requena', 'Loreto'),
('160506', 'Puinahua', 'Requena', 'Loreto'),
('160507', 'Saquena', 'Requena', 'Loreto'),
('160508', 'Soplin', 'Requena', 'Loreto'),
('160509', 'Tapiche', 'Requena', 'Loreto'),
('160510', 'Jenaro Herrera', 'Requena', 'Loreto'),
('160511', 'Yaquerana', 'Requena', 'Loreto'),
('160601', 'Contamana', 'Ucayali', 'Loreto'),
('160602', 'Inahuaya', 'Ucayali', 'Loreto'),
('160603', 'Padre Marquez', 'Ucayali', 'Loreto'),
('160604', 'Pampa Hermosa', 'Ucayali', 'Loreto'),
('160605', 'Sarayacu', 'Ucayali', 'Loreto'),
('160606', 'Vargas Guerra', 'Ucayali', 'Loreto'),
('160701', 'Barranca', 'Datem del Marañon', 'Loreto'),
('160702', 'Cahuapanas', 'Datem del Marañon', 'Loreto'),
('160703', 'Manseriche', 'Datem del Marañon', 'Loreto'),
('160704', 'Morona', 'Datem del Marañon', 'Loreto'),
('160705', 'Pastaza', 'Datem del Marañon', 'Loreto'),
('160706', 'Andoas', 'Datem del Marañon', 'Loreto'),
('160801', 'Putumayo', 'Maynas', 'Loreto'),
('160802', 'Rosa Panduro', 'Maynas', 'Loreto'),
('160803', 'Teniente Manuel Clavero', 'Maynas', 'Loreto'),
('160804', 'Yaguas', 'Maynas', 'Loreto'),
('170101', 'Tambopata', 'Tambopata', 'Madre de Dios'),
('170102', 'Inambari', 'Tambopata', 'Madre de Dios'),
('170103', 'Las Piedras', 'Tambopata', 'Madre de Dios'),
('170104', 'Laberinto', 'Tambopata', 'Madre de Dios'),
('170201', 'Manu', 'Manu', 'Madre de Dios'),
('170202', 'Fitzcarrald', 'Manu', 'Madre de Dios'),
('170203', 'Madre de Dios', 'Manu', 'Madre de Dios'),
('170204', 'Huepetuhe', 'Manu', 'Madre de Dios'),
('170301', 'Iñapari', 'Tahuamanu', 'Madre de Dios'),
('170302', 'Iberia', 'Tahuamanu', 'Madre de Dios'),
('170303', 'Tahuamanu', 'Tahuamanu', 'Madre de Dios'),
('180101', 'Moquegua', 'Mariscal Nieto', 'Moquegua'),
('180102', 'Carumas', 'Mariscal Nieto', 'Moquegua'),
('180103', 'Cuchumbaya', 'Mariscal Nieto', 'Moquegua'),
('180104', 'Samegua', 'Mariscal Nieto', 'Moquegua'),
('180105', 'San Cristobal', 'Mariscal Nieto', 'Moquegua'),
('180106', 'Torata', 'Mariscal Nieto', 'Moquegua'),
('180201', 'Omate', 'General Sanchez Cerr', 'Moquegua'),
('180202', 'Chojata', 'General Sanchez Cerr', 'Moquegua'),
('180203', 'Coalaque', 'General Sanchez Cerr', 'Moquegua'),
('180204', 'Ichuña', 'General Sanchez Cerr', 'Moquegua'),
('180205', 'La Capilla', 'General Sanchez Cerr', 'Moquegua'),
('180206', 'Lloque', 'General Sanchez Cerr', 'Moquegua'),
('180207', 'Matalaque', 'General Sanchez Cerr', 'Moquegua'),
('180208', 'Puquina', 'General Sanchez Cerr', 'Moquegua'),
('180209', 'Quinistaquillas', 'General Sanchez Cerr', 'Moquegua'),
('180210', 'Ubinas', 'General Sanchez Cerr', 'Moquegua'),
('180211', 'Yunga', 'General Sanchez Cerr', 'Moquegua'),
('180301', 'Ilo', 'Ilo', 'Moquegua'),
('180302', 'El Algarrobal', 'Ilo', 'Moquegua'),
('180303', 'Pacocha', 'Ilo', 'Moquegua'),
('190101', 'Chaupimarca', 'Pasco', 'Pasco'),
('190102', 'Huachon', 'Pasco', 'Pasco'),
('190103', 'Huariaca', 'Pasco', 'Pasco'),
('190104', 'Huayllay', 'Pasco', 'Pasco'),
('190105', 'Ninacaca', 'Pasco', 'Pasco'),
('190106', 'Pallanchacra', 'Pasco', 'Pasco'),
('190107', 'Paucartambo', 'Pasco', 'Pasco'),
('190108', 'San Francisco de Asis de Yarusyacan', 'Pasco', 'Pasco'),
('190109', 'Simon Bolivar', 'Pasco', 'Pasco'),
('190110', 'Ticlacayan', 'Pasco', 'Pasco'),
('190111', 'Tinyahuarco', 'Pasco', 'Pasco'),
('190112', 'Vicco', 'Pasco', 'Pasco'),
('190113', 'Yanacancha', 'Pasco', 'Pasco'),
('190201', 'Yanahuanca', 'Daniel Alcides Carri', 'Pasco'),
('190202', 'Chacayan', 'Daniel Alcides Carri', 'Pasco'),
('190203', 'Goyllarisquizga', 'Daniel Alcides Carri', 'Pasco'),
('190204', 'Paucar', 'Daniel Alcides Carri', 'Pasco'),
('190205', 'San Pedro de Pillao', 'Daniel Alcides Carri', 'Pasco'),
('190206', 'Santa Ana de Tusi', 'Daniel Alcides Carri', 'Pasco'),
('190207', 'Tapuc', 'Daniel Alcides Carri', 'Pasco'),
('190208', 'Vilcabamba', 'Daniel Alcides Carri', 'Pasco'),
('190301', 'Oxapampa', 'Oxapampa', 'Pasco'),
('190302', 'Chontabamba', 'Oxapampa', 'Pasco'),
('190303', 'Huancabamba', 'Oxapampa', 'Pasco'),
('190304', 'Palcazu', 'Oxapampa', 'Pasco'),
('190305', 'Pozuzo', 'Oxapampa', 'Pasco'),
('190306', 'Puerto Bermudez', 'Oxapampa', 'Pasco'),
('190307', 'Villa Rica', 'Oxapampa', 'Pasco'),
('190308', 'Constitución', 'Oxapampa', 'Pasco'),
('200101', 'Piura', 'Piura', 'Piura'),
('200104', 'Castilla', 'Piura', 'Piura'),
('200105', 'Catacaos', 'Piura', 'Piura'),
('200107', 'Cura Mori', 'Piura', 'Piura'),
('200108', 'El Tallan', 'Piura', 'Piura'),
('200109', 'La Arena', 'Piura', 'Piura'),
('200110', 'La Union', 'Piura', 'Piura'),
('200111', 'Las Lomas', 'Piura', 'Piura'),
('200114', 'Tambo Grande', 'Piura', 'Piura'),
('200115', '26 de Octubre', 'Piura', 'Piura'),
('200201', 'Ayabaca', 'Ayabaca', 'Piura'),
('200202', 'Frias', 'Ayabaca', 'Piura'),
('200203', 'Jilili', 'Ayabaca', 'Piura'),
('200204', 'Lagunas', 'Ayabaca', 'Piura'),
('200205', 'Montero', 'Ayabaca', 'Piura'),
('200206', 'Pacaipampa', 'Ayabaca', 'Piura'),
('200207', 'Paimas', 'Ayabaca', 'Piura'),
('200208', 'Sapillica', 'Ayabaca', 'Piura'),
('200209', 'Sicchez', 'Ayabaca', 'Piura'),
('200210', 'Suyo', 'Ayabaca', 'Piura'),
('200301', 'Huancabamba', 'Huancabamba', 'Piura'),
('200302', 'Canchaque', 'Huancabamba', 'Piura'),
('200303', 'El Carmen de La Frontera', 'Huancabamba', 'Piura'),
('200304', 'Huarmaca', 'Huancabamba', 'Piura'),
('200305', 'Lalaquiz', 'Huancabamba', 'Piura'),
('200306', 'San Miguel de El Faique', 'Huancabamba', 'Piura'),
('200307', 'Sondor', 'Huancabamba', 'Piura'),
('200308', 'Sondorillo', 'Huancabamba', 'Piura'),
('200401', 'Chulucanas', 'Morropon', 'Piura'),
('200402', 'Buenos Aires', 'Morropon', 'Piura'),
('200403', 'Chalaco', 'Morropon', 'Piura'),
('200404', 'La Matanza', 'Morropon', 'Piura'),
('200405', 'Morropon', 'Morropon', 'Piura'),
('200406', 'Salitral', 'Morropon', 'Piura'),
('200407', 'San Juan de Bigote', 'Morropon', 'Piura'),
('200408', 'Santa Catalina de Mossa', 'Morropon', 'Piura'),
('200409', 'Santo Domingo', 'Morropon', 'Piura'),
('200410', 'Yamango', 'Morropon', 'Piura'),
('200501', 'Paita', 'Paita', 'Piura'),
('200502', 'Amotape', 'Paita', 'Piura'),
('200503', 'Arenal', 'Paita', 'Piura'),
('200504', 'Colan', 'Paita', 'Piura'),
('200505', 'La Huaca', 'Paita', 'Piura'),
('200506', 'Tamarindo', 'Paita', 'Piura'),
('200507', 'Vichayal', 'Paita', 'Piura'),
('200601', 'Sullana', 'Sullana', 'Piura'),
('200602', 'Bellavista', 'Sullana', 'Piura'),
('200603', 'Ignacio Escudero', 'Sullana', 'Piura'),
('200604', 'Lancones', 'Sullana', 'Piura'),
('200605', 'Marcavelica', 'Sullana', 'Piura'),
('200606', 'Miguel Checa', 'Sullana', 'Piura'),
('200607', 'Querecotillo', 'Sullana', 'Piura'),
('200608', 'Salitral', 'Sullana', 'Piura'),
('200701', 'Pariñas', 'Talara', 'Piura'),
('200702', 'El Alto', 'Talara', 'Piura'),
('200703', 'La Brea', 'Talara', 'Piura'),
('200704', 'Lobitos', 'Talara', 'Piura'),
('200705', 'Los Organos', 'Talara', 'Piura'),
('200706', 'Mancora', 'Talara', 'Piura'),
('200801', 'Sechura', 'Sechura', 'Piura'),
('200802', 'Bellavista de La Union', 'Sechura', 'Piura'),
('200803', 'Bernal', 'Sechura', 'Piura'),
('200804', 'Cristo Nos Valga', 'Sechura', 'Piura'),
('200805', 'Vice', 'Sechura', 'Piura'),
('200806', 'Rinconada Llicuar', 'Sechura', 'Piura'),
('210101', 'Puno', 'Puno', 'Puno'),
('210102', 'Acora', 'Puno', 'Puno'),
('210103', 'Amantani', 'Puno', 'Puno'),
('210104', 'Atuncolla', 'Puno', 'Puno'),
('210105', 'Capachica', 'Puno', 'Puno'),
('210106', 'Chucuito', 'Puno', 'Puno'),
('210107', 'Coata', 'Puno', 'Puno'),
('210108', 'Huata', 'Puno', 'Puno'),
('210109', 'Mañazo', 'Puno', 'Puno'),
('210110', 'Paucarcolla', 'Puno', 'Puno'),
('210111', 'Pichacani', 'Puno', 'Puno'),
('210112', 'Plateria', 'Puno', 'Puno'),
('210113', 'San Antonio', 'Puno', 'Puno'),
('210114', 'Tiquillaca', 'Puno', 'Puno'),
('210115', 'Vilque', 'Puno', 'Puno'),
('210201', 'Azangaro', 'Azangaro', 'Puno'),
('210202', 'Achaya', 'Azangaro', 'Puno'),
('210203', 'Arapa', 'Azangaro', 'Puno'),
('210204', 'Asillo', 'Azangaro', 'Puno'),
('210205', 'Caminaca', 'Azangaro', 'Puno'),
('210206', 'Chupa', 'Azangaro', 'Puno'),
('210207', 'Jose Domingo Choquehuanca', 'Azangaro', 'Puno'),
('210208', 'Muñani', 'Azangaro', 'Puno'),
('210209', 'Potoni', 'Azangaro', 'Puno'),
('210210', 'Saman', 'Azangaro', 'Puno'),
('210211', 'San Anton', 'Azangaro', 'Puno'),
('210212', 'San Jose', 'Azangaro', 'Puno'),
('210213', 'San Juan de Salinas', 'Azangaro', 'Puno'),
('210214', 'Santiago de Pupuja', 'Azangaro', 'Puno'),
('210215', 'Tirapata', 'Azangaro', 'Puno'),
('210301', 'Macusani', 'Carabaya', 'Puno'),
('210302', 'Ajoyani', 'Carabaya', 'Puno'),
('210303', 'Ayapata', 'Carabaya', 'Puno'),
('210304', 'Coasa', 'Carabaya', 'Puno'),
('210305', 'Corani', 'Carabaya', 'Puno'),
('210306', 'Crucero', 'Carabaya', 'Puno'),
('210307', 'Ituata', 'Carabaya', 'Puno'),
('210308', 'Ollachea', 'Carabaya', 'Puno'),
('210309', 'San Gaban', 'Carabaya', 'Puno'),
('210310', 'Usicayos', 'Carabaya', 'Puno'),
('210401', 'Juli', 'Chucuito', 'Puno'),
('210402', 'Desaguadero', 'Chucuito', 'Puno'),
('210403', 'Huacullani', 'Chucuito', 'Puno'),
('210404', 'Kelluyo', 'Chucuito', 'Puno'),
('210405', 'Pisacoma', 'Chucuito', 'Puno'),
('210406', 'Pomata', 'Chucuito', 'Puno'),
('210407', 'Zepita', 'Chucuito', 'Puno'),
('210501', 'Ilave', 'El Collao', 'Puno'),
('210502', 'Capazo', 'El Collao', 'Puno'),
('210503', 'Pilcuyo', 'El Collao', 'Puno'),
('210504', 'Santa Rosa', 'El Collao', 'Puno'),
('210505', 'Conduriri', 'El Collao', 'Puno'),
('210601', 'Huancane', 'Huancane', 'Puno'),
('210602', 'Cojata', 'Huancane', 'Puno'),
('210603', 'Huatasani', 'Huancane', 'Puno'),
('210604', 'Inchupalla', 'Huancane', 'Puno'),
('210605', 'Pusi', 'Huancane', 'Puno'),
('210606', 'Rosaspata', 'Huancane', 'Puno'),
('210607', 'Taraco', 'Huancane', 'Puno'),
('210608', 'Vilque Chico', 'Huancane', 'Puno'),
('210701', 'Lampa', 'Lampa', 'Puno'),
('210702', 'Cabanilla', 'Lampa', 'Puno'),
('210703', 'Calapuja', 'Lampa', 'Puno'),
('210704', 'Nicasio', 'Lampa', 'Puno'),
('210705', 'Ocuviri', 'Lampa', 'Puno'),
('210706', 'Palca', 'Lampa', 'Puno'),
('210707', 'Paratia', 'Lampa', 'Puno'),
('210708', 'Pucara', 'Lampa', 'Puno'),
('210709', 'Santa Lucia', 'Lampa', 'Puno'),
('210710', 'Vilavila', 'Lampa', 'Puno'),
('210801', 'Ayaviri', 'Melgar', 'Puno'),
('210802', 'Antauta', 'Melgar', 'Puno'),
('210803', 'Cupi', 'Melgar', 'Puno'),
('210804', 'Llalli', 'Melgar', 'Puno'),
('210805', 'Macari', 'Melgar', 'Puno'),
('210806', 'Nuñoa', 'Melgar', 'Puno'),
('210807', 'Orurillo', 'Melgar', 'Puno'),
('210808', 'Santa Rosa', 'Melgar', 'Puno'),
('210809', 'Umachiri', 'Melgar', 'Puno'),
('210901', 'Moho', 'Moho', 'Puno'),
('210902', 'Conima', 'Moho', 'Puno'),
('210903', 'Huayrapata', 'Moho', 'Puno'),
('210904', 'Tilali', 'Moho', 'Puno'),
('211001', 'Putina', 'San Antonio de Putin', 'Puno'),
('211002', 'Ananea', 'San Antonio de Putin', 'Puno'),
('211003', 'Pedro Vilca Apaza', 'San Antonio de Putin', 'Puno'),
('211004', 'Quilcapuncu', 'San Antonio de Putin', 'Puno'),
('211005', 'Sina', 'San Antonio de Putin', 'Puno'),
('211101', 'Juliaca', 'San Roman', 'Puno'),
('211102', 'Cabana', 'San Roman', 'Puno'),
('211103', 'Cabanillas', 'San Roman', 'Puno'),
('211104', 'Caracoto', 'San Roman', 'Puno'),
('211105', 'San Miguel', 'San Roman', 'Puno'),
('211201', 'Sandia', 'Sandia', 'Puno'),
('211202', 'Cuyocuyo', 'Sandia', 'Puno'),
('211203', 'Limbani', 'Sandia', 'Puno'),
('211204', 'Patambuco', 'Sandia', 'Puno'),
('211205', 'Phara', 'Sandia', 'Puno'),
('211206', 'Quiaca', 'Sandia', 'Puno'),
('211207', 'San Juan del Oro', 'Sandia', 'Puno'),
('211208', 'Yanahuaya', 'Sandia', 'Puno'),
('211209', 'Alto Inambari', 'Sandia', 'Puno'),
('211210', 'San Pedro de Putina Punco', 'Sandia', 'Puno'),
('211301', 'Yunguyo', 'Yunguyo', 'Puno'),
('211302', 'Anapia', 'Yunguyo', 'Puno'),
('211303', 'Copani', 'Yunguyo', 'Puno'),
('211304', 'Cuturapi', 'Yunguyo', 'Puno'),
('211305', 'Ollaraya', 'Yunguyo', 'Puno'),
('211306', 'Tinicachi', 'Yunguyo', 'Puno'),
('211307', 'Unicachi', 'Yunguyo', 'Puno'),
('220101', 'Moyobamba', 'Moyobamba', 'San Martin'),
('220102', 'Calzada', 'Moyobamba', 'San Martin'),
('220103', 'Habana', 'Moyobamba', 'San Martin'),
('220104', 'Jepelacio', 'Moyobamba', 'San Martin'),
('220105', 'Soritor', 'Moyobamba', 'San Martin'),
('220106', 'Yantalo', 'Moyobamba', 'San Martin'),
('220201', 'Bellavista', 'Bellavista', 'San Martin'),
('220202', 'Alto Biavo', 'Bellavista', 'San Martin'),
('220203', 'Bajo Biavo', 'Bellavista', 'San Martin'),
('220204', 'Huallaga', 'Bellavista', 'San Martin'),
('220205', 'San Pablo', 'Bellavista', 'San Martin'),
('220206', 'San Rafael', 'Bellavista', 'San Martin'),
('220301', 'San Jose de Sisa', 'El Dorado', 'San Martin'),
('220302', 'Agua Blanca', 'El Dorado', 'San Martin'),
('220303', 'San Martin', 'El Dorado', 'San Martin'),
('220304', 'Santa Rosa', 'El Dorado', 'San Martin'),
('220305', 'Shatoja', 'El Dorado', 'San Martin'),
('220401', 'Saposoa', 'Huallaga', 'San Martin'),
('220402', 'Alto Saposoa', 'Huallaga', 'San Martin'),
('220403', 'El Eslabon', 'Huallaga', 'San Martin'),
('220404', 'Piscoyacu', 'Huallaga', 'San Martin'),
('220405', 'Sacanche', 'Huallaga', 'San Martin'),
('220406', 'Tingo de Saposoa', 'Huallaga', 'San Martin'),
('220501', 'Lamas', 'Lamas', 'San Martin'),
('220502', 'Alonso de Alvarado', 'Lamas', 'San Martin'),
('220503', 'Barranquita', 'Lamas', 'San Martin'),
('220504', 'Caynarachi', 'Lamas', 'San Martin'),
('220505', 'Cuñumbuqui', 'Lamas', 'San Martin'),
('220506', 'Pinto Recodo', 'Lamas', 'San Martin'),
('220507', 'Rumisapa', 'Lamas', 'San Martin'),
('220508', 'San Roque de Cumbaza', 'Lamas', 'San Martin'),
('220509', 'Shanao', 'Lamas', 'San Martin'),
('220510', 'Tabalosos', 'Lamas', 'San Martin'),
('220511', 'Zapatero', 'Lamas', 'San Martin'),
('220601', 'Juanjui', 'Mariscal Caceres', 'San Martin'),
('220602', 'Campanilla', 'Mariscal Caceres', 'San Martin'),
('220603', 'Huicungo', 'Mariscal Caceres', 'San Martin'),
('220604', 'Pachiza', 'Mariscal Caceres', 'San Martin'),
('220605', 'Pajarillo', 'Mariscal Caceres', 'San Martin'),
('220701', 'Picota', 'Picota', 'San Martin'),
('220702', 'Buenos Aires', 'Picota', 'San Martin'),
('220703', 'Caspisapa', 'Picota', 'San Martin'),
('220704', 'Pilluana', 'Picota', 'San Martin'),
('220705', 'Pucacaca', 'Picota', 'San Martin'),
('220706', 'San Cristobal', 'Picota', 'San Martin'),
('220707', 'San Hilarion', 'Picota', 'San Martin'),
('220708', 'Shamboyacu', 'Picota', 'San Martin'),
('220709', 'Tingo de Ponasa', 'Picota', 'San Martin'),
('220710', 'Tres Unidos', 'Picota', 'San Martin'),
('220801', 'Rioja', 'Rioja', 'San Martin'),
('220802', 'Awajun', 'Rioja', 'San Martin'),
('220803', 'Elias Soplin Vargas', 'Rioja', 'San Martin'),
('220804', 'Nueva Cajamarca', 'Rioja', 'San Martin'),
('220805', 'Pardo Miguel', 'Rioja', 'San Martin'),
('220806', 'Posic', 'Rioja', 'San Martin'),
('220807', 'San Fernando', 'Rioja', 'San Martin'),
('220808', 'Yorongos', 'Rioja', 'San Martin'),
('220809', 'Yuracyacu', 'Rioja', 'San Martin'),
('220901', 'Tarapoto', 'San Martin', 'San Martin'),
('220902', 'Alberto Leveau', 'San Martin', 'San Martin'),
('220903', 'Cacatachi', 'San Martin', 'San Martin'),
('220904', 'Chazuta', 'San Martin', 'San Martin'),
('220905', 'Chipurana', 'San Martin', 'San Martin'),
('220906', 'El Porvenir', 'San Martin', 'San Martin'),
('220907', 'Huimbayoc', 'San Martin', 'San Martin'),
('220908', 'Juan Guerra', 'San Martin', 'San Martin'),
('220909', 'La Banda de Shilcayo', 'San Martin', 'San Martin'),
('220910', 'Morales', 'San Martin', 'San Martin'),
('220911', 'Papaplaya', 'San Martin', 'San Martin'),
('220912', 'San Antonio', 'San Martin', 'San Martin'),
('220913', 'Sauce', 'San Martin', 'San Martin'),
('220914', 'Shapaja', 'San Martin', 'San Martin'),
('221001', 'Tocache', 'Tocache', 'San Martin'),
('221002', 'Nuevo Progreso', 'Tocache', 'San Martin'),
('221003', 'Polvora', 'Tocache', 'San Martin'),
('221004', 'Shunte', 'Tocache', 'San Martin'),
('221005', 'Uchiza', 'Tocache', 'San Martin'),
('230101', 'Tacna', 'Tacna', 'Tacna'),
('230102', 'Alto de La Alianza', 'Tacna', 'Tacna'),
('230103', 'Calana', 'Tacna', 'Tacna'),
('230104', 'Ciudad Nueva', 'Tacna', 'Tacna'),
('230105', 'Inclan', 'Tacna', 'Tacna'),
('230106', 'Pachia', 'Tacna', 'Tacna'),
('230107', 'Palca', 'Tacna', 'Tacna'),
('230108', 'Pocollay', 'Tacna', 'Tacna'),
('230109', 'Sama', 'Tacna', 'Tacna'),
('230110', 'Coronel Gregorio Albarracin Lanchipa', 'Tacna', 'Tacna'),
('230111', 'La Yarada-Los Palos', 'Tacna', 'Tacna'),
('230201', 'Candarave', 'Candarave', 'Tacna'),
('230202', 'Cairani', 'Candarave', 'Tacna'),
('230203', 'Camilaca', 'Candarave', 'Tacna'),
('230204', 'Curibaya', 'Candarave', 'Tacna'),
('230205', 'Huanuara', 'Candarave', 'Tacna'),
('230206', 'Quilahuani', 'Candarave', 'Tacna'),
('230301', 'Locumba', 'Jorge Basadre', 'Tacna'),
('230302', 'Ilabaya', 'Jorge Basadre', 'Tacna'),
('230303', 'Ite', 'Jorge Basadre', 'Tacna'),
('230401', 'Tarata', 'Tarata', 'Tacna'),
('230402', 'Heroes Albarracin', 'Tarata', 'Tacna'),
('230403', 'Estique', 'Tarata', 'Tacna'),
('230404', 'Estique-Pampa', 'Tarata', 'Tacna'),
('230405', 'Sitajara', 'Tarata', 'Tacna'),
('230406', 'Susapaya', 'Tarata', 'Tacna'),
('230407', 'Tarucachi', 'Tarata', 'Tacna'),
('230408', 'Ticaco', 'Tarata', 'Tacna'),
('240101', 'Tumbes', 'Tumbes', 'Tumbes'),
('240102', 'Corrales', 'Tumbes', 'Tumbes'),
('240103', 'La Cruz', 'Tumbes', 'Tumbes'),
('240104', 'Pampas de Hospital', 'Tumbes', 'Tumbes'),
('240105', 'San Jacinto', 'Tumbes', 'Tumbes'),
('240106', 'San Juan de La Virgen', 'Tumbes', 'Tumbes'),
('240201', 'Zorritos', 'Contralmirante Villa', 'Tumbes'),
('240202', 'Casitas', 'Contralmirante Villa', 'Tumbes'),
('240203', 'Canoas de Punta Sal', 'Contralmirante Villa', 'Tumbes'),
('240301', 'Zarumilla', 'Zarumilla', 'Tumbes'),
('240302', 'Aguas Verdes', 'Zarumilla', 'Tumbes'),
('240303', 'Matapalo', 'Zarumilla', 'Tumbes'),
('240304', 'Papayal', 'Zarumilla', 'Tumbes'),
('250101', 'Calleria', 'Coronel Portillo', 'Ucayali'),
('250102', 'Campoverde', 'Coronel Portillo', 'Ucayali'),
('250103', 'Iparia', 'Coronel Portillo', 'Ucayali'),
('250104', 'Masisea', 'Coronel Portillo', 'Ucayali'),
('250105', 'Yarinacocha', 'Coronel Portillo', 'Ucayali'),
('250106', 'Nueva Requena', 'Coronel Portillo', 'Ucayali'),
('250107', 'Manantay', 'Coronel Portillo', 'Ucayali'),
('250201', 'Raymondi', 'Atalaya', 'Ucayali'),
('250202', 'Sepahua', 'Atalaya', 'Ucayali'),
('250203', 'Tahuania', 'Atalaya', 'Ucayali'),
('250204', 'Yurua', 'Atalaya', 'Ucayali'),
('250301', 'Padre Abad', 'Padre Abad', 'Ucayali'),
('250302', 'Irazola', 'Padre Abad', 'Ucayali'),
('250303', 'Curimana', 'Padre Abad', 'Ucayali'),
('250304', 'Neshuya', 'Padre Abad', 'Ucayali'),
('250305', 'Alexander von Humboldt', 'Padre Abad', 'Ucayali'),
('250401', 'Purus', 'Purus', 'Ucayali');

insert into Personas (dni, nombre, ap_paterno, ap_materno, direccion, ubigeo_direccion, fecha_nac) values
('48590606', 'Laura', 'Pérez', 'Ramírez', 'Av. La Marina 519', '050101', '1996-07-21'),
('28416021', 'Eduardo', 'Flores', 'Sánchez', 'Jr. de la Unión 641', '050104', '2002-11-23'),
('19004745', 'Luis', 'Ortega', 'Rodríguez', 'Av. Angamos 649', '050101', '1997-02-26'),
('75320541', 'Patricia', 'Sánchez', 'Ortega', 'Av. Angamos 523', '050101', '1990-09-09'),
('95137057', 'Verónica', 'Herrera', 'Chávez', 'Av. Venezuela 272', '050101', '1994-05-28'), 
('44089101', 'Eduardo', 'Chávez', 'Reyes', 'Av. Brasil 331', '050101', '1998-09-12'),
('68518091', 'Andrés', 'González', 'Ríos', 'Av. Universitaria 844', '050101', '1998-04-08'),
('90401787', 'Fernando', 'Mendoza', 'Chávez', 'Av. La Marina 965', '050101', '1996-11-21'),
('15767034', 'Ana', 'Herrera', 'Herrera', 'Av. Abancay 267', '050101', '1995-02-28'),
('80763261', 'Fernando', 'Ramírez', 'Sánchez', 'Av. Javier Prado 983', '050116', '1998-02-09'),
('30829047', 'Carmen', 'Díaz', 'Ramírez', 'Av. Arequipa 369', '050115', '1996-02-03'),
('66380239', 'Carlos', 'Chávez', 'Rodríguez', 'Av. Brasil 586', '050101', '1999-12-05'),
('85043567', 'Patricia', 'González', 'González', 'Av. Venezuela 981', '050101', '1993-09-19'),
('74503874', 'Manuel', 'Pérez', 'Romero', 'Av. Universitaria 208', '050101', '1998-08-03'),
('57563114', 'Patricia', 'Chávez', 'Chávez', 'Av. Brasil 226', '050101', '1992-05-15'),
('74554690', 'Jorge', 'Sánchez', 'López', 'Av. Universitaria 981', '050101', '1994-10-18'),
('69942690', 'Andrés', 'Martínez', 'Flores', 'Av. Venezuela 527', '050101', '1992-05-18'),
('44650521', 'Jorge', 'Ortega', 'Rodríguez', 'Av. Universitaria 768', '050101', '2002-11-10'),
('71741496', 'Diego', 'Ramírez', 'Ríos', 'Jr. de la Unión 288', '050104', '1991-08-13'),
('46901668', 'Verónica', 'Ramírez', 'Mendoza', 'Av. Angamos 897', '050101', '2000-07-09'), 
('97463500', 'Carmen', 'Martínez', 'Reyes', 'Av. Venezuela 980', '050101', '1994-04-06'),
('70169211', 'José', 'Vargas', 'Ramírez', 'Av. La Marina 687', '050101', '1999-01-23'),
('87572990', 'Patricia', 'Vargas', 'López', 'Av. Abancay 115', '050101', '2001-12-30'),
('76974246', 'Patricia', 'Chávez', 'Ramírez', 'Av. Javier Prado 238', '050116', '2000-03-29'),
('49146016', 'Carlos', 'Castro', 'Torres', 'Jr. de la Unión 290', '050104', '1992-07-02'),
('13047252', 'Laura', 'Vargas', 'González', 'Av. Venezuela 898', '050101', '1995-04-12'),
('80029996', 'Juan', 'Chávez', 'Romero', 'Av. Venezuela 697', '050101', '1991-09-06'),
('31142456', 'Manuel', 'Reyes', 'Chávez', 'Av. Benavides 386', '050101', '2002-06-02'),
('34456948', 'Diego', 'González', 'Vargas', 'Av. Arequipa 206', '050115', '1991-04-04'),
('23692816', 'Carmen', 'López', 'Pérez', 'Av. Arequipa 439', '050115', '2001-08-21'),
('91754025', 'Lucía', 'Romero', 'González', 'Av. Abancay 714', '050101', '1995-08-14'),
('86597190', 'María', 'Castro', 'Castro', 'Av. Abancay 313', '050101', '1998-01-12'),
('77264063', 'Rosa', 'Flores', 'Vargas', 'Av. Arequipa 580', '050115', '1999-07-11'),
('96679954', 'Eduardo', 'González', 'Ramírez', 'Av. Arequipa 351', '050115', '1991-09-18'),
('92435633', 'Carmen', 'Reyes', 'Vargas', 'Av. Angamos 782', '050101', '1996-01-08'),
('55921450', 'Manuel', 'Vargas', 'Ortega', 'Av. Angamos 512', '050101', '1997-05-21'),
('10803443', 'Jorge', 'Díaz', 'Vargas', 'Av. Benavides 401', '050101', '1995-05-19'),
('34220083', 'Silvia', 'Ortega', 'Ríos', 'Av. Benavides 534', '050101', '2000-05-23'),
('99034066', 'Fernando', 'Romero', 'Castro', 'Av. Brasil 945', '050101', '2000-11-23'),
('93780045', 'Andrés', 'Torres', 'Romero', 'Av. Venezuela 165', '050101', '1993-06-24'), 
('49143046', 'Carmen', 'Rodríguez', 'Ríos', 'Av. Brasil 685', '050101', '1999-05-27'),
('23125534', 'Juan', 'Sánchez', 'Castro', 'Av. Benavides 151', '050101', '1998-02-12'),
('12588302', 'Eduardo', 'Ortega', 'Ríos', 'Av. Universitaria 984', '050101', '1997-07-13'),
('86754371', 'Ana', 'Reyes', 'González', 'Av. Javier Prado 331', '050116', '1998-11-14'),
('79920374', 'Carlos', 'Martínez', 'Chávez', 'Av. Angamos 811', '050101', '1994-06-07'), 
('68173719', 'Lucía', 'Torres', 'Ramírez', 'Av. La Marina 418', '050101', '1991-01-22'), 
('79499485', 'Andrés', 'Castro', 'Flores', 'Av. Javier Prado 834', '050116', '1999-05-03'),
('55837764', 'Patricia', 'López', 'Ramírez', 'Av. Brasil 504', '050101', '1990-03-29'),
('50593842', 'Carlos', 'Ortega', 'Ríos', 'Av. Arequipa 890', '050115', '1991-08-03'),
('17560374', 'Diego', 'Ortega', 'Reyes', 'Jr. de la Unión 521', '050104', '2002-03-31'), -- Del id = 50 hacia atrás son empleados activos
('93711045', 'Andrea', 'Torres', 'Romero', 'Av. Venezuela 113', '050101', '1993-12-24'),
('40043046', 'Mariana', 'Rodríguez', 'Ríos', 'Av. Brasil 689', '050101', '1999-11-27'),
('21225534', 'Juan', 'Sánchez', 'Perez', 'Av. Benavides 151', '050101', '1999-02-12'),
('43545431', 'Diana', 'Ortega', 'Ríos', 'Av. Universitaria 984', '050101', '1996-07-13'),
('86710371', 'Andres', 'Reyes', 'González', 'Av. Javier Prado 331', '050116', '1998-11-24'), -- Del id = 55 hacia atrás son transportistas
('74920374', 'Pablo', 'Martínez', 'Chávez', 'Av. Angamos 811', '050101', '1994-06-17'),
('28173719', 'Lucía', 'Torres', 'Zapata', 'Av. La Marina 418', '050101', '1991-01-02'),
('30499485', 'Liliana', 'Castro', 'Flores', 'Av. Javier Prado 834', '050116', '1999-01-03'),
('50837764', 'Patricia', 'Solis', 'Ramírez', 'Av. Brasil 504', '050101', '1990-03-19'),
('54593842', 'Gabriela', 'Ortega', 'Vasquez', 'Av. Arequipa 891', '050115', '1991-01-23'), -- Del id = 60 hacia atrás son técnicos de mantenimiento
('70849561', 'María', 'Huamán', 'Quispe', 'Av. Mariscal Cáceres 1287', '050101', '1984-09-15'),
('71840652', 'Jorge', 'Cáceres', 'Gutiérrez', 'Jr. San Martín 432', '050101', '1992-05-09'),
('70984235', 'Rosa', 'Palomino', 'Arango', 'Jr. Bellido 489', '050101', '1986-11-27'),
('72419580', 'Carlos', 'Mendoza', 'Ticona', 'Av. Independencia Mz D Lt 1B', '050101', '1990-02-18'),
('71486049', 'Ana', 'Valencia', 'Loayza', 'Av. Mariscal Castilla 240', '050101', '1983-07-30'),
('70518236', 'Héctor', 'Meza', 'Córdova', 'Jr. 9 de Diciembre 264', '050101', '1995-03-12'),
('72590317', 'Diana', 'Soto', 'Galván', 'Jr. Asamblea 300', '050101', '1981-06-24'),
('73518640', 'Ricardo', 'Chávez', 'García', 'Jr. Carlos F. Vivanco 384', '050101', '1993-01-08'),
('73850261', 'Julia', 'Rojas', 'Salas', 'Jr. Cuzco 101', '050101', '1988-12-04'),
('74280395', 'Oscar', 'Quintana', 'Paredes', 'Jr. Dos de Mayo 580', '050101', '1996-10-22'), -- Del id = 70 hacia atrás, transportistas adicionales
('48751932', 'Sofía', 'González', 'Martínez', NULL, NULL, NULL),
('75203418', 'Diego', 'Pérez', 'López', NULL, NULL, NULL),
('31698247', 'Valentina', 'Hernández', 'García', NULL, NULL, NULL),
('69021573', 'Mateo', 'Ramírez', 'Sánchez', NULL, NULL, NULL),
('82367415', 'Camila', 'Torres', 'Reyes', NULL, NULL, NULL),
('10837596', 'Lucas', 'Vargas', 'Chávez', NULL, NULL, NULL),
('29947683', 'Isabella', 'Díaz', 'Flores', NULL, NULL, NULL),
('58413079', 'Sebastián', 'Ortega', 'Ríos', NULL, NULL, NULL),
('47058912', 'Emilia', 'Castro', 'González', NULL, NULL, NULL),
('65290714', 'Gabriel', 'Mendoza', 'Chávez', NULL, NULL, NULL),
('39647280', 'Victoria', 'Solis', 'Ramírez', NULL, NULL, NULL),
('74839016', 'Alejandro', 'Reyes', 'Martínez', NULL, NULL, NULL),
('10928374', 'Natalia', 'López', 'Pérez', NULL, NULL, NULL),
('83265019', 'Joaquín', 'González', 'Hernández', NULL, NULL, NULL),
('57249180', 'Luciana', 'Sánchez', 'Torres', NULL, NULL, NULL),
('48120937', 'Fernando', 'Vásquez', 'Ríos', NULL, NULL, NULL),
('26503819', 'Mariana', 'Cáceres', 'Flores', NULL, NULL, NULL),
('70614829', 'Andrés', 'Paredes', 'García', NULL, NULL, NULL),
('98130547', 'Renata', 'Valencia', 'Chávez', NULL, NULL, NULL),
('43085719', 'Nicolás', 'Maldonado', 'Reyes', NULL, NULL, NULL),
('51749208', 'Mía', 'Cruz', 'Ortega', NULL, NULL, NULL),
('69073215', 'Samuel', 'Salazar', 'Díaz', NULL, NULL, NULL),
('34825760', 'Lía', 'Ponce', 'González', NULL, NULL, NULL),
('72849103', 'Hugo', 'Córdova', 'Martínez', NULL, NULL, NULL),
('80517324', 'Tobías', 'Alvarado', 'Sánchez', NULL, NULL, NULL);  -- Del id = 95 hacia atrás, receptores de despachos (de los clientes)

insert into TelefonosPersona (id_persona, telefono) values 
(1, '985124573'),
(2, '974678907'),
(3, '919228617'),
(4, '988497230'),
(5, '973482604'),
(6, '973670519'),
(7, '924642448'),
(8, '976015818'),
(9, '938955804'),
(10, '923519770'),
(11, '923063059'),
(12, '986605742'),
(13, '926699049'),
(14, '993843596'),
(15, '987781573'),
(16, '933238072'),
(17, '915284303'),
(18, '961753048'),
(19, '952582203'),
(20, '965991745'),
(21, '962263737'),
(22, '974891933'),
(23, '989190159'),
(24, '914196618'),
(25, '967364728'),
(26, '911448449'),
(27, '952588885'),
(28, '983643348'),
(29, '915962762'),
(30, '900084398'),
(31, '929186908'),
(32, '992706109'),
(33, '972942169'),
(34, '974623993'),
(35, '963728288'),
(36, '901848012'),
(37, '928565743'),
(38, '932333715'),
(39, '947496189'),
(40, '955900812'),
(41, '997161113'),
(42, '921916420'),
(43, '950335701'),
(44, '915260497'),
(45, '967437628'),
(46, '992006898'),
(47, '939541521'),
(48, '965088486'),
(49, '989648143'),
(50, '963368693');

insert into CorreosPersona (id_persona, correo) values 
(1, 'laura.perez50@yahoo.com'),
(2, 'eduardo.flores91@hotmail.com'),
(3, 'luis.ortega53@yahoo.com'),
(4, 'patricia.sanchez80@yahoo.com'),
(5, 'veronica.herrera91@gmail.com'),
(6, 'eduardo.chavez81@yahoo.com'),
(7, 'andres.gonzalez10@yahoo.com'),
(8, 'fernando.mendoza25@yahoo.com'),
(9, 'ana.herrera44@gmail.com'),
(10, 'fernando.ramirez65@yahoo.com'),
(11, 'carmen.diaz84@outlook.com'),
(12, 'carlos.chavez82@gmail.com'),
(13, 'patricia.gonzalez10@outlook.com'),
(14, 'manuel.perez83@outlook.com'),
(15, 'patricia.chavez53@hotmail.com'),
(16, 'jorge.sanchez25@outlook.com'),
(17, 'andres.martinez91@gmail.com'),
(18, 'jorge.ortega43@yahoo.com'),
(19, 'diego.ramirez24@hotmail.com'),
(20, 'veronica.ramirez26@yahoo.com'),
(21, 'carmen.martinez99@gmail.com'),
(22, 'jose.vargas80@gmail.com'),
(23, 'patricia.vargas16@outlook.com'),
(24, 'patricia.chavez10@yahoo.com'),
(25, 'carlos.castro37@yahoo.com'),
(26, 'laura.vargas38@gmail.com'),
(27, 'juan.chavez83@hotmail.com'),
(28, 'manuel.reyes58@hotmail.com'),
(29, 'diego.gonzalez43@yahoo.com'),
(30, 'carmen.lopez53@yahoo.com'),
(31, 'lucia.romero54@yahoo.com'),
(32, 'maria.castro87@outlook.com'),
(33, 'rosa.flores27@outlook.com'),
(34, 'eduardo.gonzalez86@outlook.com'),
(35, 'carmen.reyes78@outlook.com'),
(36, 'manuel.vargas29@outlook.com'),
(37, 'jorge.diaz52@yahoo.com'),
(38, 'silvia.ortega25@outlook.com'),
(39, 'fernando.romero94@gmail.com'),
(40, 'andres.torres22@outlook.com'),
(41, 'carmen.rodriguez14@hotmail.com'),
(42, 'juan.sanchez20@hotmail.com'),
(43, 'eduardo.ortega21@yahoo.com'),
(44, 'ana.reyes71@hotmail.com'),
(45, 'carlos.martinez43@hotmail.com'),
(46, 'lucia.torres82@gmail.com'),
(47, 'andres.castro71@yahoo.com'),
(48, 'patricia.lopez45@outlook.com'),
(49, 'carlos.ortega57@hotmail.com'),
(50, 'diego.ortega61@gmail.com');

INSERT INTO Empresas (codigo_ruc, razon_social, nombre_comercial, direccion, ubigeo_direccion) VALUES
('28109072177', 'RETAIL STORE PERU S.A.', 'Store Peru', 'Av. José Larco 763', '150122'),
('20120035121', 'MOLIENDAS S.A.', 'Moliendas', 'Av. Venezuela 4906', '150101'),
('20130070970', 'SUPERMERCADOS INTI S.A.', 'Mercados Inti', 'Av. Paseo de la República 3168', '150131'),
('20508563934', 'HIPERMERCADOS CENTRAL S.A.', 'Hiper Central', 'Av. Javier Prado Este 4112', '150114'),
('20563529308', 'TIENDA FORTIQUINUA S.A.C.', 'FortiQuinua', 'Av. República de Panamá 7758', '150131'),
('20565727240', 'DISTRIBUIDORA DASUR S.A.C.', 'Distribuidora Dasur', 'Calle Los Olivos 987', '150122'),
('20509515884', 'MADERERA RNP INVERSIONES LOS CLAVELES E.I.R.L.', 'Maderera RNP', 'Calle Los Claveles 974', '150113'),
('20607223522', 'C & R GLASS COMPANY E.I.R.L.', 'C & R Glass', 'Av. Guardia Civil 505', '150104'),
('20485180797', 'DISTRIBUIDORA EMBID S.A.C.', 'Distribuidora Embid', 'Av. San Borja Sur 1706', '150114'),
('20132381624', 'YUGOCORP S.A.C.', 'Yugocorp', 'Av. Universitaria 8233', '150115'),
('20100205492', 'REPRESENTACIONES INTERNACIONALES S.A.C.', 'Reinter', 'Jr. Los Próceres 916', '150116'),
('20601233488', 'DISTRIBUIDORA SAN JORGE S.A.', 'San Jorge', 'Av. Los Próceres 9185', '150118'),
('20490952790', 'INVERSIONES ALVAMARPE S.R.L.', 'Alvamarpe', 'Av. Los Héroes 5055', '150119'),
('20523345601', 'TRANSPORTES CALLAO EXPRESS S.A.C.', 'Callao Express', 'Av. Argentina 840', '070101'),
('20579834755', 'ENVASES DEL PACIFICO S.A.', 'Envasur', 'Av. Industrial 1961', '150123'),
('20123456789', 'DISTRIBUIDORA ALIMENTOS DEL NORTE S.A.C.', 'Alinor', 'Av. Universitaria 8283', '150113'),
('20234567890', 'MAYORISTA CENTRAL DE ABARROTES S.R.L.', 'Centab', 'Av. Mexico 2138', '150141'),
('20345678901', 'SUPERMERCADOS DEL SUR E.I.R.L.', 'Supersur', 'Av. José Carlos Mariátegui 874', '150142'),
('20456789012', 'DISTRIBUCIONES DEL PRADO S.A.C.', 'Distribuciones del Prado', 'Av. Los Próceres 276', '150113'),
('20567890123', 'MAYORISTA DE ALIMENTOS ORGANICOS S.R.L.', 'Sayariq', 'Av. Los Andes 898', '150132'),
('20485180798', 'FRANCO SUPERMERCADO E.I.R.L.', 'Franco Supermercado', 'Av. Emmel 128', '040101'),
('20567890124', 'DISTRIBUIDORA HELCOS S.A.C.', 'Distribuidora Helcos', 'Av. Dolores 829', '040110'),
('20567890125', 'DISTRIBUIDORA MENDOZA S.A.C.', 'Distribuidora Mendoza', 'Av. Parra 201', '040101'),
('20567890126', 'DIAZ FOOD SERVICE S.A.C.', 'Díaz Food Service', 'Av. Independencia 190', '040101'),
('20567890127', 'DISTRIBUIDORA GRAOS S.A.C.', 'Distribuidora Graos', 'Av. América Sur 588', '130101'),
('20567890128', 'DISTRIBUIDORA SOL NACIENTE S.A.C.', 'Sol Naciente', 'Jr. Las Turquesas 455', '130101'),
('20567890129', 'INVERSIONES MM7 S.A.C.', 'Inversiones MM7', 'Av. España 958', '130101'),
('20567890130', 'CODIJISA TRUJILLO S.A.C.', 'Codijisa Trujillo', 'Av. Larco 592', '130101'),
('20567890131', 'ALMACÉN MAYORISTA DE ABARROTES AYACUCHO S.A.C.', 'Almacén Mayorista Ayacucho', 'Jr. Salvador Cavero 741', '050101'),
('20567890132', 'INDUSTRIA DE ALIMENTOS DELAY E.I.R.L.', 'Alimentos Delay', 'Jr. Bellido 548', '050101'),
('20567890133', 'INDUSTRIA DE ALIMENTOS PRAPE S.R.L.', 'Alimentos Prape', 'Jr. Puno 968', '050101'),
('20567890134', 'AGROINDUSTRIA EL BATÁN DE SAN JUAN BAUTISTA S.A.', 'El Batán', 'Jr. Javier Heraud 102', '050102'),
('20567890135', 'ALEM DISTRIBUCIONES Y REPRESENTACIONES E.I.R.L.', 'Alem Distribuciones', 'Jr. Los Jazmines 273', '050101'),
('20567890136', 'INVERSIONES SANLE E.I.R.L.', 'Inversiones Sanle', 'Av. Ejército 383', '050101'),
('20567890137', 'FAMEZA S.A.C.', 'Fameza', 'Av. Venezuela 776', '050102'),
('20100039207', 'RANSA COMERCIAL S.A.C.', 'Ransa', 'Av. Argentina 2833', '070101'),
('20427919111', 'DINET S.A.', 'Dinet', 'Jr. Domenico Morelli 110', '150130'),
('20510945736', 'SAVAR CORPORACIÓN LOGÍSTICA S.A.', 'Savar', 'Av. Argentina 4006', '070101'),
('20491973651', 'SOUTH PACIFIC LOGISTICS S.A.C.', 'South Pacific Logistics', 'Av. Dionisio Derteano 184', '150131'),
('20509149179', 'NOATUM LOGISTICS PERU INC. S.R.L.', 'Noatum Logistics', 'Av. 28 de Julio 150', '150122'),
('20601793441', 'FRESH CARGO E.I.R.L.', 'Fresh Cargo', 'Av. La Molina 805', '150114'),
('20544466080', 'SOUTH EXPRESS CARGO PERÚ S.A.C.', 'South Express Cargo', 'Av. Elmer Faucett 2823', '070101'),
('20604839310', 'A-NIA GROUP PERÚ S.A.C.', 'A-NIA Group', 'Calle Juan Betanzos 169', '150113'),
('20601793442', 'TRANSDELRIO S.A.C.', 'TransDelRio', 'Av. Los Próceres 123', '150104'),
('20605985671', 'TRANSDELSA PERÚ S.A.C.', 'Transdelsa', 'Av. Gutenberg 109', '040104'),
('20485032109', 'AGROINDUSTRIA DE GRANOS ANDINOS EIRL', 'AgroQuinua Andina', 'Jr. Independencia 276', '150131'),
('20481234566', 'MOLINO AYACUCHO S.A.C.', 'Molino Ayacucho', 'Av. Mariscal Cáceres 1501', '150113'),
('20481112998', 'GRANOS Y SEMILLAS DEL SUR EIRL', 'Granos del Sur', 'Calle Arequipa 201', '150131'),
('20609875432', 'EXTRACTOS NATURALES DEL SUR EIRL', 'Color Natural Perú', 'Av. Universitaria S/N', '150113'),
('20560111222', 'COMERCIALIZADORA AGRO ANDINA SAC', 'Insumos del Ande', 'Jr. Cuzco 315', '150119'),
('20481267899', 'OVOPRODUCTOS DEL SUR EIRL', 'Huevos del Sol', 'Jr. Bolívar 500', '150113'),
('20609999877', 'CONDIMENTOS REGIONALES EIRL', 'Sazón Serrana', 'Calle San Martín 100', '150131'),
('20600234567', 'SOLUCIONES DE EMPAQUE HUANTA S.A.C.', 'Empaques Huanta', 'Av. Circunvalación S/N', '150119'),
('20609875123', 'EMPAQUES CORRUGADOS DEL SUR S.A.C.', 'Cartonera Andina', 'Av. Los Álamos 345', '150113'),
('20605984160', 'AGROINDUSTRIAS PASTAS & FIDEOS S.A.C.', 'Fideo Foods', 'Jr. Cusco 185', '050110');

insert into TelefonosEmpresa (id_empresa, telefono) values
(1, '974332882'),
(2, '928950179'),
(3, '939136505'),
(4, '930486773'),
(5, '934399028'),
(6, '938199707'),
(7, '926752768'),
(8, '928357138'),
(9, '992519927'),
(10, '984426428'),
(11, '957696631'),
(12, '977020335'),
(13, '935318192'),
(14, '960582974'),
(15, '929721493'),
(16, '987654321'),
(17, '983112233'),
(18, '986778899'),
(19, '981223344'),
(20, '980334455'),
(21, '979445566'),
(22, '978556677'),
(23, '977667788'),
(24, '976778899'),
(25, '975889900'),
(26, '974990011'),
(27, '973001122'),
(28, '972112233'),
(29, '971223344'),
(30, '970334455'),
(31, '969445566'),
(32, '968556677'),
(33, '967667788'),
(34, '966778899'),
(35, '965889900'),
(2, '912345678'),
(4, '913456789'),
(6, '914567890'),
(9, '915678901'),
(12, '916789012'),
(16, '917890123'),
(18, '918901234'),
(22, '919012345'),
(25, '920123456'),
(29, '921234567'),
(30, '922345678'),
(33, '923456789'),
(34, '924567890'),
(35, '925678901'),
(36, '987120345'),
(36, '987120346'),
(37, '988231456'),
(37, '988231457'),
(38, '989342567'),
(38, '989342568'),
(39, '986453678'),
(39, '986453679'),
(40, '985564789'),
(40, '985564790'),
(41, '984675890'),
(41, '984675891'),
(42, '983786901'),
(42, '983786902'),
(43, '982897012'),
(44, '981908123'),
(44, '981908124'),
(45, '980019234'),
(46, '966785621'),
(46, '987456321'),
(47, '914782190'),
(48, '943582201'),
(49, '916646100'),
(49, '987992521'),
(50, '922014107'),
(51, '914172360'),
(52, '906944189'),
(52, '989587136'),
(53, '973364164'),
(54, '907974161');

insert into Clientes (id_cliente, tipo_cliente) values
(1, 'Retail'),
(3, 'Retail'),
(4, 'Retail'),
(5, 'Distribuidor local'),
(12, 'Mayorista'),
(16, 'Distribuidor local'),
(17, 'Mayorista'),
(18, 'Retail'),
(19, 'Distribuidor local'),
(20, 'Mayorista'),
(21, 'Retail'),
(22, 'Distribuidor local'),
(23, 'Distribuidor local'),
(24, 'Distribuidor local'),
(25, 'Distribuidor local'),
(26, 'Distribuidor local'),
(27, 'Distribuidor local'),
(28, 'Distribuidor local'),
(29, 'Mayorista'),
(30, 'Mayorista'),
(31, 'Mayorista'),
(32, 'Mayorista'),
(33, 'Distribuidor local'),
(34, 'Distribuidor local'),
(35, 'Distribuidor local');

INSERT INTO Empleados (id_empleado, codigo, estado_laboral, area, cargo) VALUES
(1, 'E0001', 'Activo', 'Producción', 'Jefe de producción'),
(2, 'E0002', 'Retirado', 'Producción', 'Jefe de producción'),
(3, 'E0003', 'Activo', 'Producción', 'Operario'),
(4, 'E0004', 'Activo', 'Producción', 'Operario'), 
(5, 'E0005', 'Activo', 'Producción', 'Operario'), --Dosificado
(6, 'E0006', 'Activo', 'Producción', 'Operario'), 
(7, 'E0007', 'Activo', 'Producción', 'Operario'),
(8, 'E0008', 'Activo', 'Producción', 'Operario'), --Mezclado
(9, 'E0009', 'Activo', 'Producción', 'Operario'), 
(10,'E0010', 'Activo', 'Producción', 'Operario'), 
(11,'E0011', 'Activo', 'Producción', 'Operario'), --Moldeado
(12,'E0012', 'Activo', 'Producción', 'Operario'), 
(13,'E0013', 'Activo', 'Producción', 'Operario'), 
(14,'E0014', 'Activo', 'Producción', 'Operario'), --Secado
(15,'E0015', 'Activo', 'Producción', 'Operario'),
(16,'E0016', 'Activo', 'Producción', 'Operario'),
(17,'E0017', 'Activo', 'Producción', 'Operario'), --Envasado

(18, 'E0018', 'Activo', 'Mantenimiento', 'Jefe de mantenimiento'), --Mantenimiento

(19, 'E0019', 'Activo', 'Compras', 'Analista de compras'),
(20, 'E0020', 'Activo', 'Compras', 'Analista de compras'),
(21, 'E0021', 'Activo', 'Compras', 'Analista de compras'),
(22, 'E0022', 'Activo', 'Compras', 'Analista de compras'),
(23, 'E0023', 'Activo', 'Compras', 'Jefe de compras'), --Compras

(24, 'E0024', 'Activo', 'Calidad', 'Jefe de calidad'),
(25, 'E0025', 'Activo', 'Calidad', 'Inspector de calidad'), 
(26, 'E0026', 'Activo', 'Calidad', 'Inspector de calidad'), --Insumos
(27, 'E0027', 'Activo', 'Calidad', 'Inspector de calidad'),
(28, 'E0028', 'Activo', 'Calidad', 'Inspector de calidad'), --Procesos de Mezclado
(29, 'E0029', 'Activo', 'Calidad', 'Inspector de calidad'),
(30, 'E0030', 'Activo', 'Calidad', 'Inspector de calidad'), --Procesos de Moldeado
(31, 'E0031', 'Activo', 'Calidad', 'Inspector de calidad'),
(32, 'E0032', 'Activo', 'Calidad', 'Inspector de calidad'), --Procesos de Secado
(33, 'E0033', 'Activo', 'Calidad', 'Inspector de calidad'),
(34, 'E0034', 'Activo', 'Calidad', 'Inspector de calidad'), --Procesos de Envasado
(35, 'E0035', 'Activo', 'Calidad', 'Inspector de calidad'), 
(36, 'E0036', 'Activo', 'Calidad', 'Inspector de calidad'), --Picking

(37, 'E0037', 'Activo', 'Logistica', 'Auxiliar de almacen'),  
(38, 'E0038', 'Activo', 'Logistica', 'Auxiliar de almacen'),
(39, 'E0039', 'Activo', 'Logistica', 'Auxiliar de almacen'),
(40, 'E0040', 'Activo', 'Logistica', 'Auxiliar de almacen'),
(41, 'E0041', 'Activo', 'Logistica', 'Auxiliar de almacen '), --Almacén Insumos

(42, 'E0042', 'Activo', 'Logistica', 'Auxiliar de almacen'),
(43, 'E0043', 'Activo', 'Logistica', 'Auxiliar de almacen'),
(44, 'E0044', 'Activo', 'Logistica', 'Auxiliar de almacen'),
(45, 'E0045', 'Activo', 'Logistica', 'Auxiliar de almacen'),
(46, 'E0046', 'Activo', 'Logistica', 'Auxiliar de almacen'), --Almacén Productos

(47, 'E0047', 'Activo', 'Logistica', 'Supervisor de almacen'), --Almacén 
 
(48, 'E0048', 'Activo', 'Distribucion', 'Jefe de distribucion'), 
(49, 'E0049', 'Retirado', 'Distribucion', 'Jefe de distribucion'),
(50, 'E0050', 'Retirado', 'Distribucion', 'Jefe de distribucion'); --Distribución

INSERT INTO Productos (codigo, nombre, peso_producto, presentacion, precio_unitario, descripcion, cantidad_envases_empaque) VALUES
('PQT001', 'Pasta con Quinua Orgánica Fusilli', 0.25, 'Caja de carton', 6.50, 'Fusilli con 75% de quinua orgánica en Caja de carton de 250 g.', 21),
('PQ3', 'Pasta con Quinua Orgánica Fusilli Tricolor', 0.25, 'Caja de carton', 7.00, 'Fusilli tricolor elaborado con colorantes naturales: maíz morado, espirulina y cúrcuma.', 21),
('TPO102', 'Nutripasta Penne Rigate de Consomé de Cuy y Quinua', 0.25, 'Bolsa de plastico', 3.20, 'Penne rigate con sabor a consomé de cuy y quinua, alto valor nutritivo.', 30),
('TPO094', 'Nutripasta Spaguetti de Consomé de Cuy y Quinua', 0.25, 'Bolsa de plastico', 3.20, 'Spaghetti nutritivo sabor cuy y quinua, ideal para una alimentación balanceada.', 30),
('PQ001', 'Nutripasta Tallarín de Consomé de Cuy y Quinua', 0.25, 'Bolsa de plastico', 3.20, 'Tallarines enriquecidos con consomé de cuy y quinua.', 30),
('NP004', 'Nutripasta Canuto de Consomé de Cuy y Quinua', 0.25, 'Bolsa de plastico', 3.20, 'Pasta tipo canuto con consomé de cuy y quinua, lista para cocinar.', 30),
('PQT005', 'Pasta con Quinua Orgánica Macarrones', 0.25, 'Caja de carton', 3.50, 'Macarrones elaborados con quinua orgánica, aptos para dietas balanceadas.', 21),
('TPO110', 'Nutripasta Fettuccine de Consomé de Cuy y Quinua', 0.25, 'Bolsa de plastico', 3.20, 'Fettuccine con alto contenido proteico de cuy y quinua.', 30),
('PQ004', 'Pasta con Quinua Orgánica Penne Tricolor', 0.25, 'Caja de carton', 3.70, 'Penne tricolor con quinua orgánica, colorantes naturales de vegetales.', 21),
('NP010', 'Nutripasta Ñoquis de Consomé de Cuy y Quinua', 0.25, 'Bolsa de plastico', 3.30, 'Ñoquis andinos con sabor natural de cuy y quinua.', 30);

INSERT INTO PedidosCliente (id_cliente, codigo, estado_pedido_cliente, fecha_pedido, fecha_prog_entrega, direccion_entrega, ubigeo_entrega) VALUES
(1, 'PD20240001', 'Completado', '2024-01-05 10:15', '2024-01-10', 'Av. Los Tucanes 398', '150118'),
(3, 'PD20240002', 'Completado', '2024-01-06 14:30', '2024-01-10', 'Av. Separadora Industrial 673', '150103'),
(4, 'PD20240003', 'Completado', '2024-01-12 11:45', '2024-01-17', 'Parcela II, Mz C Lote 5 – Av. Pedro Huilca 1301', '150142'),
(5, 'PD20240004', 'Completado', '2024-01-19 12:00', '2024-01-25', 'Av. República de Panamá 3418', '150131'),
(12, 'PD20240005', 'Completado', '2024-02-07 09:30', '2024-02-11', 'Av. La Cultura 808', '150137'),
(16, 'PD20240006', 'Completado', '2024-02-08 15:00', '2024-02-11', 'Jr. Venegas 898', '150117'),
(17, 'PD20240007', 'Completado', '2024-02-08 10:15', '2024-02-11', 'Av. Los Virreyes MZ I Lt 15', '150137'),
(20, 'PD20240008', 'Completado', '2024-03-02 13:30', '2024-03-07', 'Av. 22 de Julio 247', '150137'),
(26, 'PD20240009', 'Completado', '2024-03-03 09:45', '2024-03-12', 'Jr. Las Turquesas 513, Urb. Sta. Inés', '130101'),
(32, 'PD20240010', 'Completado', '2024-03-04 11:00', '2024-03-09', 'Jr. Javier Heraud 525', '050102'),
(35, 'PD20240011', 'Completado', '2024-04-07 10:30', '2024-04-11', 'Av. Venezuela 228', '050102'),
(34, 'PD20240012', 'Completado', '2024-04-08 14:15', '2024-04-11', 'Av. Ejército 443', '050101'),
(33, 'PD20240013', 'Completado', '2024-04-08 10:00', '2024-04-11', 'Jr. Los Jazmines 171', '050101'),
(30, 'PD20240014', 'Completado', '2024-04-09 09:30', '2024-04-11', 'Jr. Bellido 722', '050101'),
(23, 'PD20240015', 'Completado', '2024-05-06 15:45', '2024-05-13', 'Av. Parra 237', '040101'),
(24, 'PD20240016', 'Completado', '2024-05-07 10:30', '2024-05-13', 'Av. Independencia 105', '040101'),
(27, 'PD20240017', 'Completado', '2024-05-17 11:15', '2024-05-23', 'Av. España 764', '130101'),
(28, 'PD20240018', 'Completado', '2024-05-18 14:00', '2024-05-23', 'Av. Larco 943', '130101'),
(1, 'PD20240019', 'Completado', '2024-06-15 10:00', '2024-06-27', 'Av. Los Tucanes 398', '150118'),
(12, 'PD20240020', 'Completado', '2024-06-16 12:30', '2024-06-27', 'Av. La Cultura 808', '150137'),
(4, 'PD20240021', 'Completado', '2024-06-16 11:00', '2024-06-27', 'Parcela II, Mz C Lote 5 – Av. Pedro Huilca 1301', '150142'),
(16, 'PD20240022', 'Completado', '2024-06-21 13:15', '2024-06-27', 'Jr. Venegas 898', '150117'),
(17, 'PD20240023', 'Completado', '2024-07-12 14:30', '2024-07-18', 'Av. Los Virreyes MZ I Lt 15', '150137'),
(18, 'PD20240024', 'Completado', '2024-07-13 10:15', '2024-07-18', 'Parque Ind. Las Praderas – Av. Industrial 2599', '150119'),
(19, 'PD20240025', 'Completado', '2024-07-21 11:00', '2024-07-28', 'Calle Proveedores 174', '150103'),
(21, 'PD20240026', 'Completado', '2024-07-23 12:30', '2024-07-28', 'Variante de Uchumayo Km 4.5, Sachaca', '040117'),
(22, 'PD20240027', 'Completado', '2024-08-01 14:00', '2024-08-07', 'Av. Dolores 749, José L. Bustamante y Rivero', '040110'),
(25, 'PD20240028', 'Completado', '2024-08-02 10:30', '2024-08-09', 'Av. América Sur 814', '130101'),
(29, 'PD20240029', 'Completado', '2024-08-03 15:00', '2024-08-07', 'Jr. Salvador Cavero 210', '050101'),
(31, 'PD20240030', 'Completado', '2024-08-04 11:15', '2024-08-07', 'Jr. Puno 129', '050101'),
(1, 'PD20240031', 'Completado', '2024-09-01 10:00', '2024-09-10', 'Av. Los Tucanes 398', '150118'),
(23, 'PD20240032', 'Completado', '2024-09-03 12:30', '2024-09-11', 'Av. Parra 237', '040101'),
(3, 'PD20240033', 'Completado', '2024-09-05 14:15', '2024-09-10', 'Av. Separadora Industrial 673', '150103'),
(27, 'PD20240034', 'Completado', '2024-10-13 11:00', '2024-10-18', 'Av. España 764', '130101'),
(30, 'PD20240035', 'Completado', '2024-10-14 10:15', '2024-10-20', 'Jr. Bellido 722', '050101'),
(12, 'PD20240036', 'Completado', '2024-10-17 13:30', '2024-10-23', 'Av. La Cultura 808', '150137'),
(5, 'PD20240037', 'Completado', '2024-10-20 15:45', '2024-10-23', 'Av. República de Panamá 3418', '150131'),
(26, 'PD20240038', 'Completado', '2024-11-04 10:30', '2024-11-09', 'Jr. Las Turquesas 513, Urb. Sta. Inés', '130101'),
(25, 'PD20240039', 'Completado', '2024-11-05 12:00', '2024-11-09', 'Av. América Sur 814', '130101'),
(34, 'PD20240040', 'Completado', '2024-11-17 11:15', '2024-11-23', 'Av. Ejército 443', '050101'),
(33, 'PD20240041', 'Completado', '2024-11-19 14:00', '2024-11-23', 'Jr. Los Jazmines 171', '050101'),
(16, 'PD20240042', 'Completado', '2024-12-07 10:15', '2024-12-14', 'Jr. Venegas 898', '150117'),
(17, 'PD20240043', 'Completado', '2024-12-08 12:30', '2024-12-14', 'Av. Los Virreyes MZ I Lt 15', '150137'),
(18, 'PD20240044', 'Completado', '2024-12-08 15:00', '2024-12-14', 'Parque Ind. Las Praderas – Av. Industrial 2599', '150119'),
(23, 'PD20250001', 'Despacho parcial', '2025-05-21 10:30', '2025-06-01', 'Av. Parra 237', '040101'),
(35, 'PD20250002', 'Despacho parcial', '2025-05-25 12:00', '2025-05-28', 'Av. Venezuela 228', '050102'),
(33, 'PD20250003', 'Despacho parcial', '2025-05-25 11:15', '2025-05-28', 'Jr. Los Jazmines 171', '050101'),
(30, 'PD20250004', 'Pickeado', '2025-05-26 14:00', '2025-05-28', 'Jr. Bellido 722', '050101'),
(1, 'PD20250005', 'Pendiente', '2025-05-28 09:30', '2025-06-02', 'Av. Los Tucanes 398', '150118');

insert into DetallesPedido (id_producto, id_pedido_cliente, cantidad_solicitada) values 
(1, 1, 20), (2, 1, 10), (9, 1, 15), (10, 1, 21),
(1, 2, 15), (2, 2, 17),
(2, 3, 12), (5, 3, 30), (7, 3, 16),
(3, 4, 10), (4, 4, 11), (8, 4, 20),
(3, 5, 15), (4, 5, 12), (5, 5, 17), (6, 5, 13),
(1, 6, 20), (2, 6, 25), (3, 6, 17),
(7, 7, 15), (9, 7, 18), (10, 7, 16),
(3, 8, 30), (5, 8, 15), (8, 8, 16), 
(1, 9, 30), (2, 9, 25), (9, 9, 27),
(4, 10, 20), (6, 10, 28),
(3, 11, 23), (5, 11, 29),
(1, 12, 10), (2, 12, 11),
(7, 13, 30), (10, 13, 25),
(4, 14, 15), (6, 14, 16),
(3, 15, 20), (9, 15, 17),
(2, 16, 21), (7, 16, 16), (8, 16, 12),
(5, 17, 25), (7, 17, 16), (9, 17, 18),
(1, 18, 30), (2, 18, 20),
(1, 19, 30), (2, 19, 40), (4, 19, 25), 
(1, 20, 20), (3, 20, 30),
(1, 21, 25), (2, 21, 21), (4, 21, 17),
(5, 22, 12), 
(3, 23, 10), (5, 23, 15), (6, 23, 13),
(1, 24, 30), (9, 24, 15),
(2, 25, 18), (5, 25, 21),
(3, 26, 15), (6, 26, 23),
(4, 27, 16), (7, 27, 20),
(3, 28, 18), (6, 28, 12),
(1, 29, 21), (2, 29, 20), (5, 29, 24), (8, 29, 19),
(3, 30, 8), (4, 30, 19), (9, 30, 20),
(1, 31, 30), (4, 31, 22), (6, 31, 19), 
(1, 32, 20), (2, 32, 19), (10, 32, 32),
(1, 33, 23), (3, 33, 36), (7, 33, 17),
(1, 34, 20), (2, 34, 23),
(3, 35, 17), (6, 35, 19),
(7, 36, 20),
(1, 37, 19), (3, 37, 31),
(3, 38, 20), (7, 38, 23),
(1, 39, 15), (9, 39, 23),
(3, 40, 18), (6, 40, 21),
(6, 41, 9), (7, 41, 15),
(1, 42, 17), (3, 42, 22),
(4, 43, 19), (7, 43, 21),
(1, 44, 32), (9, 44, 16), (10, 44, 25),
(6, 45, 6), (7, 45, 2), (10, 45, 15),
(1, 46, 25), (4, 46, 16),
(1, 47, 23), (10, 47, 11),
(1, 48, 7), (7, 48, 11),
(5, 49, 19), (8, 49, 23), (10, 49, 19);

-- Poblacion de tablas - Almacen de insumos
INSERT INTO Insumos (id_insumo, codigo, nombre_insumo, unidad_medida, tipo_insumo, stock_minimo, rango_venc_alerta) VALUES
(1,  'MP000001', 'Harina de trigo', 'kg', 'Materia Prima', 100, 10),
(2,  'MP000002', 'Harina de quinua', 'kg', 'Materia Prima', 100, 10),
(3,  'MP000003', 'Harina de kiwicha', 'kg', 'Materia Prima', 40, 10),
(4,  'MP000004', 'Harina de zanahoria', 'kg', 'Materia Prima', 30, 10),
(5,  'AD000001', 'Goma de tara', 'kg', 'Aditivo', 5, 20),
(6,  'AD000002', 'Huevo deshidratado', 'kg', 'Aditivo', 5, 23),
(7,  'AD000003', 'Consomé de cuy', 'kg', 'Aditivo', 5, 25),
(8,  'AD000004', 'Sal de mar', 'kg', 'Aditivo', 5, 20),
(9,  'AD000005', 'Ají amarillo deshidratado', 'kg', 'Aditivo', 5, 20),
(10, 'AD000006', 'Ajo en polvo', 'kg', 'Aditivo', 5, 20),
(11, 'EM000001', 'Bolsa film', 'u', 'Material Empaque', 500, 0),
(12, 'EM000002', 'Bolsa plástica', 'u', 'Material Empaque', 500, 0),
(13, 'EM000003', 'Caja de cartón', 'u', 'Material Empaque', 500, 0),
(14, 'EM000004', 'Caja máster', 'u', 'Material Empaque', 50, 0);

INSERT INTO Formulaciones (id_producto, codigo, Nombre_formulacion, fecha_creacion) VALUES
(1, 'FM000001', 'Formulación Pasta quinua 75% fusilli', '2024-01-01'),
(2, 'FM000002', 'Formulación Pasta quinua 75% fusilli tricolor', '2024-01-02'),
(3, 'FM000003', 'Formulación Nutripasta penne consomé cuy', '2024-01-03'),
(4, 'FM000004', 'Formulación Nutripasta spaguetti consomé cuy', '2024-01-04'),
(5, 'FM000005', 'Formulación Nutripasta tallarín consomé cuy', '2024-01-05'),
(6, 'FM000006', 'Formulación Nutripasta canuto consomé cuy', '2024-01-06'),
(7, 'FM000007', 'Formulación Pasta kiwicha-quinua fusilli', '2024-01-07'),
(8, 'FM00008', 'Formulación Pasta penne quinua ají amarillo', '2024-01-08'),
(9, 'FM00009', 'Formulación Pasta tallarin andina tricolor', '2024-01-09'),
(10, 'FM000010', 'Formulación Pasta spaguetti ajo', '2024-01-10');

INSERT INTO DetallesFormulacion (id_formulacion, id_insumo, cantidad_asignada) VALUES
(1, 2, 18.75),
(1, 1, 6.25),
(1, 5, 0.20),
(1, 6, 0.20),
(1, 8, 0.05),
(1, 11, 100.00),
(1, 13, 100.00),
(1, 14, 5.00),

(2, 2, 17.00),
(2, 1, 5.00),
(2, 4, 2.50),
(2, 5, 0.20),
(2, 6, 0.20),
(2, 8, 0.05),
(2, 11, 100.00),
(2, 13, 100.00),
(2, 14, 5.00),

(3, 2, 15.00),
(3, 1, 8.00),
(3, 7, 0.20),
(3, 10, 0.20),
(3, 8, 0.05),
(3, 12, 150.00),
(3, 14, 5.00),

(4, 2, 15.00),
(4, 1, 8.00),
(4, 7, 0.20),
(4, 10, 0.20),
(4, 8, 0.05),
(4, 12, 150.00),
(4, 14, 5.00),

(5, 2, 15.00),
(5, 1, 8.00),
(5, 7, 0.20),
(5, 10, 0.20),
(5, 12, 150.00),
(5, 14, 5.00),

(6, 2, 15.00),
(6, 1, 8.00),
(6, 7, 0.40),
(6, 8, 0.05),
(6, 12, 150.00),
(6, 14, 5.00),

(7, 2, 12.00),
(7, 1, 8.00),
(7, 3, 5.00),
(7, 5, 0.20),
(7, 6, 0.20),
(7, 8, 0.05),
(7, 12, 150.00),
(7, 14, 5.00),

(8, 2, 16.00),
(8, 1, 8.00),
(8, 9, 0.30),
(8, 5, 0.10),
(8, 8, 0.05),
(8, 12, 150.00),
(8, 14, 5.00),

(9, 2, 10.00),
(9, 1, 6.00),
(9, 4, 4.50),
(9, 3, 4.50),
(9, 5, 0.20),
(9, 6, 0.20),
(9, 12, 150.00),
(9, 14, 5.00),

(10, 2, 15.00),
(10, 1, 8.00),
(10, 10, 0.60),
(10, 8, 0.05),
(10, 12, 150.00),
(10, 14, 5.00);

INSERT INTO Proveedores (id_proveedor, codigo, id_empresa, tipo_insumo) VALUES
(1, 'PV001', 46,'Materia Prima'),
(2, 'PV002', 47,'Materia Prima'),
(3, 'PV003', 48,'Materia Prima'),
(4, 'PV004', 49,'Aditivo'),
(5, 'PV005', 50,'Aditivo'),
(6, 'PV006', 51,'Aditivo'),
(7, 'PV007', 52,'Aditivo'),
(8, 'PV008', 53,'Material Empaque'),
(9, 'PV009', 54,'Material Empaque');

INSERT INTO SolicitudesAbastecimiento (id_solicitud_abastecimiento, codigo, Fecha_solicitud_abastecimiento, id_empleado, estado) VALUES
(1,  'SA000001', '2024-01-07 09:25:00', 36, 'Atendido'),
(2,  'SA000002', '2024-01-20 12:43:00', 37, 'Atendido'),
(3,  'SA000003', '2024-02-05 15:27:00', 38, 'Atendido'),
(4,  'SA000004', '2024-02-23 08:29:00', 39, 'Atendido'),
(5,  'SA000005', '2024-03-10 13:41:00', 39, 'Atendido'),
(6,  'SA000006', '2024-03-25 16:30:00', 37, 'Atendido'),
(7,  'SA000007', '2024-04-06 15:25:00', 38, 'Atendido'),
(8,  'SA000008', '2024-04-29 08:42:00', 39, 'Atendido'),
(9,  'SA000009', '2024-05-04 12:31:00', 40, 'Atendido'),
(10, 'SA000010', '2024-05-22 13:03:00', 37, 'Atendido'),
(11, 'SA000011', '2024-06-11 12:15:00', 38, 'Atendido'),
(12, 'SA000012', '2024-06-26 15:43:00', 39, 'Atendido'),
(13, 'SA000013', '2024-07-14 17:55:00', 41, 'Atendido'),
(14, 'SA000014', '2024-07-29 12:12:00', 37, 'Atendido'),
(15, 'SA000015', '2024-08-12 10:19:00', 38, 'Atendido'),
(16, 'SA000016', '2024-08-24 10:05:00', 39, 'Atendido'),
(17, 'SA000017', '2024-09-05 08:36:00', 40, 'Atendido'),
(18, 'SA000018', '2024-09-29 09:41:00', 37, 'Atendido'),
(19, 'SA000019', '2024-10-07 08:35:00', 38, 'Atendido'),
(20, 'SA000020', '2024-11-28 09:29:00', 39, 'Atendido'),
(21, 'SA000021', '2024-11-06 11:56:00', 41, 'Atendido'),
(22, 'SA000022', '2024-12-22 13:11:00', 37, 'Atendido'),
(23, 'SA000023', '2024-12-13 15:16:00', 38, 'Atendido'),
(24, 'SA000024', '2024-01-25 16:29:00', 39, 'Atendido'),
(25, 'SA000025', '2025-01-01 13:37:00', 40, 'Atendido'),
(26, 'SA000026', '2025-01-26 12:40:00', 37, 'Atendido'),
(27, 'SA000027', '2025-02-05 14:18:00', 38, 'Atendido'),
(28, 'SA000028', '2025-02-27 10:32:00', 39, 'Atendido'),
(29, 'SA000029', '2025-03-16 13:50:00', 41, 'Atendido'),
(30, 'SA000030', '2025-03-30 15:55:00', 37, 'Atendido'),
(31, 'SA000031', '2025-04-11 10:43:00', 38, 'Atendido'),
(32, 'SA000032', '2025-04-24 09:20:00', 39, 'Atendido'),
(33, 'SA000033', '2025-05-04 09:29:00', 40, 'Atendido'),
(34, 'SA000034', '2025-05-28 08:01:00', 37, 'Atendido'),
(35, 'SA000035', '2025-06-12 08:51:00', 38, 'Atendido'),
(36, 'SA000036', '2025-06-25 12:19:00', 39, 'Pendiente');

INSERT INTO PropuestasCompra (
	id_propuesta_compra, codigo, id_empleado, id_proveedor, id_solicitud_abastecimiento,
	fecha_propuesta_compra, fecha_acuerdo_entrega, estado,
	descuento_compra, monto_total_compra
) VALUES
(1   ,'PC000001' ,20,  1, 1,  '2024-01-08 11:10:00', '2024-01-10 12:30:00', 'Pendiente'  ,5.00  ,760.00),
(2   ,'PC000002' ,21,  6, 1,  '2024-01-08 09:42:00', '2024-01-10 09:45:00', 'Aprobado'  ,0.00  ,495.00),
(3   ,'PC000003' ,22,  8, 1,  '2024-01-09 08:57:00', '2024-01-11 08:00:00', 'Aprobado'  ,10.00 ,450.00),
(4   ,'PC000004' ,21,  9, 1,  '2024-01-09 12:26:00', '2024-01-11 12:00:00', 'Aprobado'  ,0.00  ,1368.00),
(5   ,'PC000005' ,19,  2, 2,  '2024-01-22 14:26:00', '2024-01-23 10:00:00', 'Rechazado' ,0.00  ,360.00),
(6   ,'PC000006' ,20,  5, 2,  '2024-01-22 12:35:00', '2024-01-24 14:00:00', 'Aprobado'  ,0.00  ,841.00),
(7   ,'PC000007' ,21,  9, 2,  '2024-01-22 11:47:00', '2024-01-24 09:30:00', 'Aprobado'  ,5.00  ,852.20),
(8   ,'PC000008' ,22,  3, 3,  '2024-02-05 10:05:00', '2024-02-06 10:00:00', 'Aprobado'  ,0.00  ,950.00),
(9   ,'PC000009' ,21,  6, 3,  '2024-02-06 12:35:00', '2024-02-07 11:30:00', 'Aprobado'  ,0.00  ,1225.00),
(10  ,'PC000010' ,19,  7, 3,  '2024-02-05 08:40:00', '2024-02-06 12:00:00', 'Aprobado'  ,5.00  ,841.50),
(11  ,'PC000011' ,20,  8, 3,  '2024-02-06 11:40:00', '2024-02-08 12:15:00', 'Aprobado'  ,15.00 ,745.50),
(12  ,'PC000012' ,21,  9, 3,  '2024-02-05 14:33:00', '2024-02-07 14:00:00', 'Aprobado'  ,0.00  ,820.00),
(13  ,'PC000013' ,22,  1, 4,  '2024-02-20 11:16:00', '2024-02-21 12:21:00', 'Aprobado'  ,10.00 ,921.00),
(14  ,'PC000014' ,21,  4, 4,  '2024-02-19 14:03:00', '2024-02-21 13:41:00', 'Aprobado'  ,0.00  ,745.20),
(15  ,'PC000015' ,19,  5, 4,  '2024-02-19 15:45:00', '2024-02-21 08:50:00', 'Aprobado'  ,0.00  ,1025.00),
(16  ,'PC000016' ,20,  8, 4,  '2024-02-20 10:27:00', '2024-02-22 09:35:00', 'Aprobado'  ,0.00  ,685.00),
(17  ,'PC000017' ,21,  9, 4,  '2024-02-20 08:25:00', '2024-02-22 12:15:00', 'Aprobado'  ,0.00  ,715.20),
(18  ,'PC000018' ,22,  1, 5,  '2024-03-04 10:25:00', '2024-03-06 10:30:00', 'Aprobado'  ,5.00  ,850.40),
(19  ,'PC000019' ,21,  4, 5,  '2024-03-05 11:35:00', '2024-03-06 12:45:00', 'Aprobado'  ,0.00  ,925.00),
(20  ,'PC000020' ,19,  5, 5,  '2024-03-05 12:07:00', '2024-03-06 08:30:00', 'Aprobado'  ,0.00  ,1150.00),
(21  ,'PC000021' ,20,  8, 5,  '2024-03-04 10:54:00', '2024-03-06 12:15:00', 'Aprobado'  ,0.00  ,1085.00),
(22  ,'PC000022' ,21,  9, 5,  '2024-03-04 13:28:00', '2024-03-06 14:30:00', 'Aprobado'  ,5.00  ,956.20),
(23  ,'PC000023' ,22,  2, 6,  '2024-03-19 12:47:00', '2024-03-21 15:30:00', 'Aprobado'  ,10.00 ,851.00),
(24  ,'PC000024' ,21,  6, 6,  '2024-03-19 14:11:00', '2024-03-20 14:00:00', 'Aprobado'  ,5.00  ,785.20),
(25  ,'PC000025' ,19,  7, 6,  '2024-03-19 13:35:00', '2024-03-21 13:30:00', 'Aprobado'  ,0.00  ,965.00),
(26  ,'PC000026' ,20,  8, 6,  '2024-03-19 13:10:00', '2024-03-20 13:00:00', 'Aprobado'  ,0.00  ,1050.00),
(27  ,'PC000027' ,21,  9, 6,  '2024-03-20 12:35:00', '2024-03-22 12:30:00', 'Aprobado'  ,5.00  ,945.00),
(28  ,'PC000028' ,22,  2, 7,  '2024-04-08 09:51:00', '2024-04-09 12:30:00', 'Aprobado'  ,0.00  ,805.00),
(29  ,'PC000029' ,21,  5, 7,  '2024-04-07 11:35:00', '2024-04-10 14:45:00', 'Aprobado'  ,5.00  ,966.00),
(30  ,'PC000030' ,19,  7, 7,  '2024-04-06 12:36:00', '2024-04-10 10:30:00', 'Aprobado'  ,0.00  ,1074.00),
(31  ,'PC000031' ,20,  8, 7,  '2024-04-06 12:52:00', '2024-04-09 12:00:00', 'Aprobado'  ,0.00  ,1250.00),
(32  ,'PC000032' ,21,  9, 7,  '2024-04-08 12:11:00', '2024-04-09 13:45:00', 'Aprobado'  ,0.00  ,1010.00),
(33  ,'PC000033' ,22,  3, 8,  '2024-04-19 15:25:00', '2024-04-20 15:15:00', 'Aprobado'  ,10.00 ,985.00),
(34  ,'PC000034' ,21,  5, 8,  '2024-04-20 08:29:00', '2024-04-21 08:30:00', 'Aprobado'  ,12.00 ,745.00),
(35  ,'PC000035' ,19,  6, 8,  '2024-04-19 11:15:00', '2024-04-20 15:30:00', 'Aprobado'  ,0.00  ,810.00),
(36  ,'PC000036' ,20,  8, 8,  '2024-04-20 14:06:00', '2024-04-21 14:15:00', 'Aprobado'  ,0.00  ,925.00),
(37  ,'PC000037' ,21,  9, 8,  '2024-04-20 08:21:00', '2024-04-22 08:30:00', 'Rechazado' ,10.00 ,785.00),
(38  ,'PC000038' ,22,  1, 9,  '2024-05-06 12:52:00', '2024-05-08 12:30:00', 'Aprobado'  ,5.00  ,1025.60),
(39  ,'PC000039' ,21,  7, 9,  '2024-05-06 08:36:00', '2024-05-07 11:15:00', 'Aprobado'  ,0.00  ,995.00),
(40  ,'PC000040' ,19,  8, 9,  '2024-05-06 14:21:00', '2024-05-07 13:30:00', 'Aprobado'  ,0.00  ,874.00),
(41  ,'PC000041' ,20,  9, 9,  '2024-05-07 16:12:00', '2024-05-08 14:00:00', 'Aprobado'  ,5.00  ,785.20),
(42  ,'PC000042' ,21,  1, 10, '2024-05-24 14:10:00', '2024-05-26 09:30:00', 'Aprobado'  ,0.00  ,924.00),
(43  ,'PC000043' ,22,  5, 10, '2024-05-24 09:32:00', '2024-05-26 14:30:00', 'Aprobado'  ,0.00  ,963.00),
(44  ,'PC000044' ,21,  6, 10, '2024-05-24 08:47:00', '2024-05-25 11:15:00', 'Aprobado'  ,5.00  ,1020.25),
(45  ,'PC000045' ,19,  8, 10, '2024-05-24 11:54:00', '2024-05-25 10:30:00', 'Aprobado'  ,8.00  ,745.60),
(46  ,'PC000046' ,20,  9, 10, '2024-05-23 08:52:00', '2024-05-25 09:45:00', 'Aprobado'  ,10.00 ,879.00),
(47  ,'PC000047' ,21,  3, 11, '2024-06-08 10:35:00', '2024-06-10 10:30:00', 'Aprobado'  ,0.00  ,1105.00),
(48  ,'PC000048' ,22,  4, 11, '2024-06-08 09:44:00', '2024-06-10 11:15:00', 'Aprobado'  ,0.00  ,1320.00),
(49  ,'PC000049' ,21,  5, 11, '2024-06-08 12:07:00', '2024-06-09 12:30:00', 'Aprobado'  ,5.00  ,975.20),
(50  ,'PC000050' ,19,  8, 11, '2024-06-08 12:51:00', '2024-06-09 12:00:00', 'Aprobado'  ,0.00  ,685.00),
(51  ,'PC000051' ,20,  9, 11, '2024-06-08 08:13:00', '2024-06-10 10:45:00', 'Aprobado'  ,0.00  ,880.00),
(52  ,'PC000052' ,21,  1, 12, '2024-06-25 12:03:00', '2024-06-26 11:00:00', 'Aprobado'  ,3.00  ,765.40),
(53  ,'PC000053' ,22,  6, 12, '2024-06-25 08:52:00', '2024-06-26 12:00:00', 'Aprobado'  ,5.00  ,840.00),
(54  ,'PC000054' ,21,  7, 12, '2024-06-25 10:47:00', '2024-06-27 12:45:00', 'Aprobado'  ,0.00  ,980.00),
(55  ,'PC000055' ,19,  8, 12, '2024-06-25 15:23:00', '2024-06-26 14:30:00', 'Aprobado'  ,0.00  ,750.00),
(56  ,'PC000056' ,20,  9, 12, '2024-06-25 16:49:00', '2024-06-26 08:30:00', 'Aprobado'  ,5.00  ,842.50),
(57  ,'PC000057' ,21,  2, 13, '2024-07-08 11:10:00', '2024-07-10 12:30:00', 'Aprobado'  ,10.00 ,740.00),
(58  ,'PC000058' ,22,  4, 13, '2024-07-08 09:42:00', '2024-07-10 09:45:00', 'Aprobado'  ,0.00  ,940.00),
(59  ,'PC000059' ,21,  6, 13, '2024-07-09 08:57:00', '2024-07-11 08:00:00', 'Aprobado'  ,0.00  ,856.00),
(60  ,'PC000060' ,19,  8, 13, '2024-07-09 12:26:00', '2024-07-11 12:00:00', 'Aprobado'  ,5.00  ,1050.20),
(61  ,'PC000061' ,20,  9, 13, '2024-07-09 14:26:00', '2024-07-10 10:00:00', 'Aprobado'  ,0.00  ,760.00),
(62  ,'PC000062' ,21,  1, 14, '2024-07-22 12:35:00', '2024-07-24 14:00:00', 'Aprobado'  ,0.00  ,495.00),
(63  ,'PC000063' ,22,  5, 14, '2024-07-22 11:47:00', '2024-07-24 09:30:00', 'Aprobado'  ,10.00 ,450.00),
(64  ,'PC000064' ,21,  9, 14, '2024-07-23 10:05:00', '2024-07-24 10:00:00', 'Aprobado'  ,5.00  ,1368.00),
(65  ,'PC000065' ,19,  3, 15, '2024-08-06 12:35:00', '2024-08-07 11:30:00', 'Aprobado'  ,0.00  ,360.00),
(66  ,'PC000066' ,20,  6, 15, '2024-08-05 08:40:00', '2024-08-06 12:00:00', 'Aprobado'  ,0.00  ,841.00),
(67  ,'PC000067' ,21,  7, 15, '2024-08-06 11:40:00', '2024-08-08 12:15:00', 'Aprobado'  ,5.00  ,852.20),
(68  ,'PC000068' ,22,  8, 15, '2024-08-05 14:33:00', '2024-08-07 14:00:00', 'Aprobado'  ,0.00  ,950.00),
(69  ,'PC000069' ,21,  9, 15, '2024-08-06 11:16:00', '2024-08-07 12:20:00', 'Aprobado'  ,5.00  ,1225.00),
(70  ,'PC000070' ,19,  2, 16, '2024-08-22 14:03:00', '2024-08-23 13:40:00', 'Aprobado'  ,0.00  ,841.50),
(71  ,'PC000071' ,20,  4, 16, '2024-08-21 15:45:00', '2024-08-23 08:50:00', 'Aprobado'  ,0.00  ,745.50),
(72  ,'PC000072' ,21,  5, 16, '2024-08-21 10:27:00', '2024-08-22 09:35:00', 'Aprobado'  ,0.00  ,820.00),
(73  ,'PC000073' ,22,  8, 16, '2024-08-20 08:25:00', '2024-08-22 12:15:00', 'Aprobado'  ,0.00  ,921.00),
(74  ,'PC000074' ,21,  9, 16, '2024-08-21 10:25:00', '2024-08-23 10:30:00', 'Aprobado'  ,5.00  ,745.20),
(75  ,'PC000075' ,19,  1, 17, '2024-09-05 11:35:00', '2024-09-06 12:45:00', 'Aprobado'  ,0.00  ,1025.00),
(76  ,'PC000076' ,20,  5, 17, '2024-09-05 12:07:00', '2024-09-06 08:30:00', 'Aprobado'  ,0.00  ,685.00),
(77  ,'PC000077' ,21,  7, 17, '2024-09-04 10:54:00', '2024-09-06 12:15:00', 'Aprobado'  ,5.00  ,715.20),
(78  ,'PC000078' ,22,  8, 17, '2024-09-04 13:28:00', '2024-09-06 14:30:00', 'Aprobado'  ,8.00  ,850.40),
(79  ,'PC000079' ,21,  9, 17, '2024-09-05 12:47:00', '2024-09-07 15:30:00', 'Aprobado'  ,5.00  ,925.00),
(80  ,'PC000080' ,19,  2, 18, '2024-09-19 14:11:00', '2024-09-20 14:00:00', 'Aprobado'  ,0.00  ,1150.00),
(81  ,'PC000081' ,20,  6, 18, '2024-09-19 13:35:00', '2024-09-21 13:30:00', 'Rechazado' ,0.00  ,1085.00),
(82  ,'PC000082' ,21,  7, 18, '2024-09-19 13:10:00', '2024-09-20 13:00:00', 'Aprobado'  ,0.00  ,956.20),
(83  ,'PC000083' ,22,  8, 18, '2024-09-20 12:35:00', '2024-09-22 12:30:00', 'Aprobado'  ,0.00  ,851.00),
(84  ,'PC000084' ,21,  9, 18, '2024-09-19 09:51:00', '2024-09-20 12:30:00', 'Aprobado'  ,5.00  ,785.20),
(85  ,'PC000085' ,19,  2, 19, '2024-10-07 11:35:00', '2024-10-10 14:45:00', 'Aprobado'  ,0.00  ,965.00),
(86  ,'PC000086' ,20,  4, 19, '2024-10-06 12:36:00', '2024-10-10 10:30:00', 'Aprobado'  ,3.00  ,1050.00),
(87  ,'PC000087' ,21,  5, 19, '2024-10-06 12:52:00', '2024-10-09 12:00:00', 'Aprobado'  ,0.00  ,945.00),
(88  ,'PC000088' ,22,  8, 19, '2024-10-08 12:11:00', '2024-10-09 13:45:00', 'Aprobado'  ,5.00  ,805.00),
(89  ,'PC000089' ,21,  9, 19, '2024-10-08 15:25:00', '2024-10-10 15:15:00', 'Aprobado'  ,0.00  ,966.00),
(90  ,'PC000090' ,19,  1, 20, '2024-10-21 08:29:00', '2024-10-22 08:30:00', 'Aprobado'  ,0.00  ,1074.00),
(91  ,'PC000091' ,20,  5, 20, '2024-10-20 11:15:00', '2024-10-21 15:30:00', 'Aprobado'  ,8.00  ,1250.00),
(92  ,'PC000092' ,21,  6, 20, '2024-10-20 14:06:00', '2024-10-21 14:15:00', 'Aprobado'  ,0.00  ,1010.00),
(93  ,'PC000093' ,22,  8, 20, '2024-10-20 08:21:00', '2024-10-22 08:30:00', 'Aprobado'  ,0.00  ,985.00),
(94  ,'PC000094' ,21,  9, 20, '2024-10-21 12:52:00', '2024-10-22 12:30:00', 'Aprobado'  ,10.00 ,745.00),
(95  ,'PC000095' ,19,  1, 21, '2024-11-06 08:36:00', '2024-11-08 11:15:00', 'Aprobado'  ,0.00  ,810.00),
(96  ,'PC000096' ,20,  4, 21, '2024-11-06 14:21:00', '2024-11-07 13:30:00', 'Aprobado'  ,0.00  ,925.00),
(97  ,'PC000097' ,21,  8, 21, '2024-11-07 16:12:00', '2024-11-08 14:00:00', 'Aprobado'  ,5.00  ,785.00),
(98  ,'PC000098' ,22,  9, 21, '2024-11-06 14:10:00', '2024-11-08 09:30:00', 'Aprobado'  ,0.00  ,1025.60),
(99  ,'PC000099' ,21,  1, 22, '2024-11-24 09:32:00', '2024-11-26 14:30:00', 'Aprobado'  ,0.00  ,995.00),
(100 ,'PC000100' ,19,  5, 22, '2024-11-24 08:47:00', '2024-11-25 11:15:00', 'Aprobado'  ,5.00  ,874.00),
(101 ,'PC000101' ,20,  6, 22, '2024-11-24 11:54:00', '2024-11-25 10:30:00', 'Aprobado'  ,0.00  ,785.20),
(102 ,'PC000102' ,21,  8, 22, '2024-11-23 08:52:00', '2024-11-25 09:45:00', 'Aprobado'  ,0.00  ,924.00),
(103 ,'PC000103' ,22,  9, 22, '2024-11-23 10:35:00', '2024-11-24 10:30:00', 'Aprobado'  ,5.00  ,963.00),
(104 ,'PC000104' ,21,  2, 23, '2024-12-08 09:44:00', '2024-12-10 11:15:00', 'Aprobado'  ,0.00  ,1020.25),
(105 ,'PC000105' ,19,  5, 23, '2024-12-08 12:07:00', '2024-12-09 12:30:00', 'Aprobado'  ,8.00  ,745.60),
(106 ,'PC000106' ,20,  7, 23, '2024-12-08 12:51:00', '2024-12-09 12:00:00', 'Rechazado' ,0.00  ,879.00),
(107 ,'PC000107' ,21,  8, 23, '2024-12-08 08:13:00', '2024-12-10 10:45:00', 'Aprobado'  ,0.00  ,1105.00),
(108 ,'PC000108' ,22,  9, 23, '2024-12-09 12:03:00', '2024-12-11 11:00:00', 'Aprobado'  ,0.00  ,1320.00),
(109 ,'PC000109' ,21,  1, 24, '2024-12-25 08:52:00', '2024-12-26 12:00:00', 'Aprobado'  ,7.00  ,975.20),
(110 ,'PC000110' ,19,  6, 24, '2024-12-25 10:47:00', '2024-12-27 12:45:00', 'Aprobado'  ,0.00  ,685.00),
(111 ,'PC000111' ,20,  7, 24, '2024-12-25 15:23:00', '2024-12-26 14:30:00', 'Aprobado'  ,0.00  ,880.00),
(112 ,'PC000112' ,21,  8, 24, '2024-12-25 16:49:00', '2024-12-26 08:30:00', 'Aprobado'  ,5.00  ,765.40),
(113 ,'PC000113' ,22,  9, 24, '2024-12-25 13:15:00', '2024-12-26 12:30:00', 'Aprobado'  ,0.00  ,840.00),
(114 ,'PC000114' ,21,  2, 33, '2025-05-06 08:36:00', '2025-05-07 11:15:00', 'Aprobado'  ,0.00  ,1010.00),
(115 ,'PC000115' ,22,  4, 33, '2025-05-06 14:21:00', '2025-05-07 13:30:00', 'Aprobado'  ,0.00  ,985.00),
(116 ,'PC000116' ,21,  8, 33, '2025-05-07 16:12:00', '2025-05-08 14:00:00', 'Aprobado'  ,0.00  ,745.00),
(117 ,'PC000117' ,19,  9, 33, '2025-05-06 14:10:00', '2025-05-07 09:30:00', 'Aprobado'  ,3.00  ,810.00),
(118 ,'PC000118' ,20,  1, 34, '2025-05-24 09:32:00', '2025-05-26 14:30:00', 'Aprobado'  ,7.00  ,925.00),
(119 ,'PC000119' ,21,  5, 34, '2025-05-24 08:47:00', '2025-05-25 11:15:00', 'Aprobado'  ,0.00  ,785.00),
(120 ,'PC000120' ,22,  6, 34, '2025-05-24 11:54:00', '2025-05-25 10:30:00', 'Pendiente' ,0.00  ,1025.60),
(121 ,'PC000121' ,21,  8, 34, '2025-05-23 08:52:00', '2025-05-25 09:45:00', 'Pendiente' ,5.00  ,995.00),
(122 ,'PC000122' ,19,  9, 34, '2025-05-23 10:35:00', '2025-05-24 10:30:00', 'Pendiente' ,0.00  ,874.00);

INSERT INTO OrdenesCompra (
	id_orden_compra, codigo, id_propuesta_compra, id_empleado, estado
) VALUES
(1 , 'OC000001', 1 ,21 ,'Pagado'),
(2 , 'OC000002', 2 ,22 ,'Pagado'),
(3 , 'OC000003', 3 ,22 ,'Pagado'),
(4 , 'OC000004', 4 ,19 ,'Pagado'),
(5 , 'OC000005', 6 ,21 ,'Pagado'),
(6 , 'OC000006', 7 ,22 ,'Pagado'),
(7 , 'OC000007', 8 ,22 ,'Pagado'),
(8 , 'OC000008', 9 ,19 ,'Pagado'),
(9 , 'OC000009', 10 ,20 ,'Cancelado'),
(10 , 'OC000010', 11 ,21 ,'Pagado'),
(11 , 'OC000011', 12 ,22 ,'Pagado'),
(12 , 'OC000012', 13 ,22 ,'Pagado'),
(13 , 'OC000013', 14 ,19 ,'Pagado'),
(14 , 'OC000014', 15 ,20 ,'Pagado'),
(15 , 'OC000015', 16 ,21 ,'Pagado'),
(16 , 'OC000016', 17 ,22 ,'Pagado'),
(17 , 'OC000017', 18 ,22 ,'Pagado'),
(18 , 'OC000018', 19 ,19 ,'Pagado'),
(19 , 'OC000019', 20 ,20 ,'Pagado'),
(20 , 'OC000020', 21 ,21 ,'Cancelado'),
(21 , 'OC000021', 22 ,22 ,'Pagado'),
(22 , 'OC000022', 23 ,22 ,'Pagado'),
(23 , 'OC000023', 24 ,19 ,'Pagado'),
(24 , 'OC000024', 25 ,20 ,'Pagado'),
(25 , 'OC000025', 26 ,21 ,'Pagado'),
(26 , 'OC000026', 27 ,22 ,'Pagado'),
(27 , 'OC000027', 28 ,22 ,'Pagado'),
(28 , 'OC000028', 29 ,19 ,'Pagado'),
(29 , 'OC000029', 30 ,20 ,'Pagado'),
(30 , 'OC000030', 31 ,21 ,'Pagado'),
(31 , 'OC000031', 32 ,22 ,'Pagado'),
(32 , 'OC000032', 33 ,22 ,'Pagado'),
(33 , 'OC000033', 34 ,19 ,'Pagado'),
(34 , 'OC000034', 35 ,20 ,'Pagado'),
(35 , 'OC000035', 36 ,21 ,'Pagado'),
(36 , 'OC000036', 38 ,22 ,'Pagado'),
(37 , 'OC000037', 39 ,19 ,'Cancelado'),
(38 , 'OC000038', 40 ,20 ,'Pagado'),
(39 , 'OC000039', 41 ,21 ,'Pagado'),
(40 , 'OC000040', 42 ,22 ,'Pagado'),
(41 , 'OC000041', 43 ,22 ,'Pagado'),
(42 , 'OC000042', 44 ,19 ,'Pagado'),
(43 , 'OC000043', 45 ,20 ,'Pagado'),
(44 , 'OC000044', 46 ,21 ,'Pagado'),
(45 , 'OC000045', 47 ,22 ,'Pagado'),
(46 , 'OC000046', 48 ,22 ,'Pagado'),
(47 , 'OC000047', 49 ,19 ,'Pagado'),
(48 , 'OC000048', 50 ,20 ,'Pagado'),
(49 , 'OC000049', 51 ,21 ,'Pagado'),
(50 , 'OC000050', 52 ,22 ,'Pagado'),
(51 , 'OC000051', 53 ,22 ,'Pagado'),
(52 , 'OC000052', 54 ,19 ,'Pagado'),
(53 , 'OC000053', 55 ,20 ,'Pagado'),
(54 , 'OC000054', 56 ,21 ,'Pagado'),
(55 , 'OC000055', 57 ,22 ,'Pagado'),
(56 , 'OC000056', 58 ,22 ,'Pagado'),
(57 , 'OC000057', 59 ,19 ,'Pagado'),
(58 , 'OC000058', 60 ,20 ,'Pagado'),
(59 , 'OC000059', 61 ,21 ,'Pagado'),
(60 , 'OC000060', 62 ,22 ,'Pagado'),
(61 , 'OC000061', 63 ,22 ,'Pagado'),
(62 , 'OC000062', 64 ,19 ,'Pagado'),
(63 , 'OC000063', 65 ,20 ,'Pagado'),
(64 , 'OC000064', 66 ,21 ,'Pagado'),
(65 , 'OC000065', 67 ,22 ,'Pagado'),
(66 , 'OC000066', 68 ,22 ,'Pagado'),
(67 , 'OC000067', 69 ,19 ,'Pagado'),
(68 , 'OC000068', 70 ,20 ,'Pagado'),
(69 , 'OC000069', 71 ,21 ,'Pagado'),
(70 , 'OC000070', 72 ,22 ,'Pagado'),
(71 , 'OC000071', 73 ,22 ,'Pagado'),
(72 , 'OC000072', 74 ,19 ,'Pagado'),
(73 , 'OC000073', 75 ,20 ,'Pagado'),
(74 , 'OC000074', 76 ,21 ,'Pagado'),
(75 , 'OC000075', 77 ,22 ,'Pagado'),
(76 , 'OC000076', 78 ,22 ,'Pagado'),
(77 , 'OC000077', 79 ,19 ,'Pagado'),
(78 , 'OC000078', 80 ,20 ,'Pagado'),
(79 , 'OC000079', 82 ,22 ,'Cancelado'),
(80 , 'OC000080', 83 ,22 ,'Pagado'),
(81 , 'OC000081', 84 ,19 ,'Pagado'),
(82 , 'OC000082', 85 ,20 ,'Pagado'),
(83 , 'OC000083', 86 ,21 ,'Pagado'),
(84 , 'OC000084', 87 ,22 ,'Pagado'),
(85 , 'OC000085', 88 ,22 ,'Cancelado'),
(86 , 'OC000086', 89 ,19 ,'Pagado'),
(87 , 'OC000087', 90 ,20 ,'Pagado'),
(88 , 'OC000088', 91 ,21 ,'Pagado'),
(89 , 'OC000089', 92 ,22 ,'Pagado'),
(90 , 'OC000090', 93 ,22 ,'Pagado'),
(91 , 'OC000091', 94 ,19 ,'Pagado'),
(92 , 'OC000092', 95 ,20 ,'Pagado'),
(93 , 'OC000093', 96 ,21 ,'Pagado'),
(94 , 'OC000094', 97 ,22 ,'Pagado'),
(95 , 'OC000095', 98 ,22 ,'Pagado'),
(96 , 'OC000096', 99 ,19 ,'Pagado'),
(97 , 'OC000097', 100 ,20 ,'Pagado'),
(98 , 'OC000098', 101 ,21 ,'Pagado'),
(99 , 'OC000099', 102 ,22 ,'Pagado'),
(100 , 'OC000100', 103 ,22 ,'Pagado'),
(101 , 'OC000101', 104 ,19 ,'Pagado'),
(102 , 'OC000102', 105 ,20 ,'Pagado'),
(103 , 'OC000103', 107 ,22 ,'Pagado'),
(104 , 'OC000104', 108 ,22 ,'Pagado'),
(105 , 'OC000105', 109 ,19 ,'Cancelado'),
(106 , 'OC000106', 110 ,20 ,'Pagado'),
(107 , 'OC000107', 111 ,21 ,'Pagado'),
(108 , 'OC000108', 112 ,22 ,'Pagado'),
(109 , 'OC000109', 113 ,22 ,'Pagado'),
(110 , 'OC000110', 114 ,22 ,'Pagado'),
(111 , 'OC000111', 115 ,22 ,'Pagado'),
(112 , 'OC000112', 116 ,19 ,'Pagado'),
(113 , 'OC000113', 117 ,20 ,'Pagado'),
(114 , 'OC000114', 118 ,21 ,'Pendiente'),
(115 , 'OC000115', 119 ,22 ,'Pendiente');

INSERT INTO Compras (
	id_compra, codigo, id_orden_compra, estado
) VALUES
(1 ,'CO000001' ,1 ,'Aceptado'),
(2 ,'CO000002' ,2 ,'Aceptado'),
(3 ,'CO000003' ,3 ,'Aceptado'),
(4 ,'CO000004' ,4 ,'Rechazado'),
(5 ,'CO000005' ,5 ,'Aceptado'),
(6 ,'CO000006' ,6 ,'Aceptado'),
(7 ,'CO000007' ,7 ,'Aceptado'),
(8 ,'CO000008' ,8 ,'Rechazado'),
(9 ,'CO000009' ,10 ,'Aceptado'),
(10 ,'CO000010' ,11 ,'Aceptado'),
(11 ,'CO000011' ,12 ,'Rechazado'),
(12 ,'CO000012' ,13 ,'Aceptado'),
(13 ,'CO000013' ,14 ,'Aceptado'),
(14 ,'CO000014' ,15 ,'Aceptado'),
(15 ,'CO000015' ,16 ,'Rechazado'),
(16 ,'CO000016' ,17 ,'Aceptado'),
(17 ,'CO000017' ,18 ,'Aceptado'),
(18 ,'CO000018' ,19 ,'Aceptado'),
(19 ,'CO000019' ,21 ,'Aceptado'),
(20 ,'CO000020' ,22 ,'Aceptado'),
(21 ,'CO000021' ,23 ,'Aceptado'),
(22 ,'CO000022' ,24 ,'Aceptado'),
(23 ,'CO000023' ,25 ,'Aceptado'),
(24 ,'CO000024' ,26 ,'Aceptado'),
(25 ,'CO000025' ,27 ,'Aceptado'),
(26 ,'CO000026' ,28 ,'Aceptado'),
(27 ,'CO000027' ,29 ,'Rechazado'),
(28 ,'CO000028' ,30 ,'Aceptado'),
(29 ,'CO000029' ,31 ,'Aceptado'),
(30 ,'CO000030' ,32 ,'Aceptado'),
(31 ,'CO000031' ,33 ,'Aceptado'),
(32 ,'CO000032' ,34 , 'Aceptado'),
(33 ,'CO000033' ,35 ,'Aceptado'),
(34 ,'CO000034' ,36 ,'Rechazado'),
(35 ,'CO000035' ,38 ,'Aceptado'),
(36 ,'CO000036' ,39 ,'Aceptado'),
(37 ,'CO000037' ,40 ,'Aceptado'),
(38 ,'CO000038' ,41 ,'Aceptado'),
(39 ,'CO000039' ,42 ,'Aceptado'),
(40 ,'CO000040' ,43 ,'Aceptado'),
(41 ,'CO000041' ,44 ,'Aceptado'),
(42 ,'CO000042' ,45 ,'Aceptado'),
(43 ,'CO000043' ,46 ,'Aceptado'),
(44 ,'CO000044' ,47 ,'Aceptado'),
(45 ,'CO000045' ,48 ,'Aceptado'),
(46 ,'CO000046' ,49 ,'Rechazado'),
(47 ,'CO000047' ,50 ,'Aceptado'),
(48 ,'CO000048' ,51 ,'Aceptado'),
(49 ,'CO000049' ,52 ,'Aceptado'),
(50 ,'CO000050' ,53 ,'Aceptado'),
(51 ,'CO000051' ,54 ,'Aceptado'),
(52 ,'CO000052' ,55 ,'Aceptado'),
(53 ,'CO000053' ,56 ,'Aceptado'),
(54 ,'CO000054' ,57 ,'Rechazado'),
(55 ,'CO000055' ,58 ,'Aceptado'),
(56 ,'CO000056' ,59 ,'Rechazado'),
(57 ,'CO000057' ,60 ,'Aceptado'),
(58 ,'CO000058' ,61 ,'Aceptado'),
(59 ,'CO000059' ,62 ,'Aceptado'),
(60 ,'CO000060' ,63 ,'Aceptado'),
(61 ,'CO000061' ,64 ,'Aceptado'),
(62 ,'CO000062' ,65 ,'Rechazado'),
(63 ,'CO000063' ,66 ,'Aceptado'),
(64 ,'CO000064' ,67 ,'Aceptado'),
(65 ,'CO000065' ,68 ,'Aceptado'),
(66 ,'CO000066' ,69 ,'Aceptado'),
(67 ,'CO000067' ,70 ,'Aceptado'),
(68 ,'CO000068' ,71 ,'Rechazado'),
(69 ,'CO000069' ,72 ,'Aceptado'),
(70 ,'CO000070' ,73 ,'Aceptado'),
(71 ,'CO000071' ,74 ,'Aceptado'),
(72 ,'CO000072' ,75 ,'Rechazado'),
(73 ,'CO000073' ,76 ,'Aceptado'),
(74 ,'CO000074' ,77 ,'Aceptado'),
(75 ,'CO000075' ,78 ,'Aceptado'),
(76 ,'CO000076' ,80 ,'Aceptado'),
(77 ,'CO000077' ,81 ,'Aceptado'),
(78 ,'CO000078' ,82 ,'Aceptado'),
(79 ,'CO000079' ,83 ,'Aceptado'),
(80 ,'CO000080' ,84 ,'Aceptado'),
(81 ,'CO000081' ,86 ,'Aceptado'),
(82 ,'CO000082' ,87 ,'Rechazado'),
(83 ,'CO000083' ,88 ,'Aceptado'),
(84 ,'CO000084' ,89 ,'Aceptado'),
(85 ,'CO000085' ,90 ,'Aceptado'),
(86 ,'CO000086' ,91 ,'Aceptado'),
(87 ,'CO000087' ,92 ,'Aceptado'),
(88 ,'CO000088' ,93 ,'Rechazado'),
(89 ,'CO000089' ,94 ,'Aceptado'),
(90 ,'CO000090' ,95 ,'Aceptado'),
(91 ,'CO000091' ,96 ,'Aceptado'),
(92 ,'CO000092' ,97 ,'Aceptado'),
(93 ,'CO000093' ,98 ,'Aceptado'),
(94 ,'CO000094' ,99 , 'Aceptado'),
(95 ,'CO000095' ,100 ,'Aceptado'),
(96 ,'CO000096' ,101 ,'Rechazado'),
(97 ,'CO000097' ,102 ,'Aceptado'),
(98 ,'CO000098' ,103 ,'Rechazado'),
(99 ,'CO000099' ,104 ,'Aceptado'),
(100 ,'CO000100' ,106 ,'Rechazado'),
(101 ,'CO000101' ,107 ,'Aceptado'),
(102 ,'CO000102' ,108 ,'Rechazado'),
(103 ,'CO000103' ,109 ,'Aceptado'),

(104 ,'CO000104' ,110 , null),
(105 ,'CO000105' ,111 , null),
(106 ,'CO000106' ,112 , null),
(107 ,'CO000107' ,113 , null),
(108 ,'CO000108' ,114 , null),
(109 ,'CO000109' ,115 , null);

INSERT INTO SeguimientosCompra (
	id_seguimiento_compra, codigo, id_compra, fecha_ingreso_compra, estado
) VALUES
(1, 'SG000001' , 1, '2024-01-10 12:17:00', 'A Tiempo'),
(2, 'SG000002' , 2, '2024-01-10 09:25:00', 'A Tiempo'),
(3, 'SG000003' , 3, '2024-01-11 07:38:00', 'A Tiempo'),
(4, 'SG000004' , 4, '2024-01-11 12:19:00', 'Con Retraso'),
(5, 'SG000005' , 5, '2024-01-24 13:25:00', 'A Tiempo'),
(6, 'SG000006' , 6, '2024-01-24 09:11:00', 'A Tiempo'),
(7, 'SG000007' , 7, '2024-02-06 09:42:00', 'A Tiempo'),
(8, 'SG000008' , 8, '2024-02-07 11:05:00', 'A Tiempo'),
(9, 'SG000009' , 9, '2024-02-08 12:07:00', 'A Tiempo'),
(10, 'SG000010' , 10, '2024-02-07 13:25:00', 'A Tiempo'),
(11, 'SG000011' , 11, '2024-02-21 12:09:00', 'A Tiempo'),
(12, 'SG000012' , 12, '2024-02-21 13:25:00', 'A Tiempo'),
(13, 'SG000013' , 13, '2024-02-21 09:25:00', 'Con Retraso'),
(14, 'SG000014' , 14, '2024-02-22 09:01:00', 'A Tiempo'),
(15, 'SG000015' , 15, '2024-02-22 11:35:00', 'A Tiempo'),
(16, 'SG000016' , 16, '2024-03-06 10:21:00', 'A Tiempo'),
(17, 'SG000017' , 17, '2024-03-06 12:23:00', 'A Tiempo'),
(18, 'SG000018' , 18, '2024-03-06 07:50:00', 'A Tiempo'),
(19, 'SG000019' , 19, '2024-03-06 13:09:00', 'A Tiempo'),
(20, 'SG000020' , 20, '2024-03-21 14:58:00', 'A Tiempo'),
(21, 'SG000021' , 21, '2024-03-20 12:55:00', 'A Tiempo'),
(22, 'SG000022' , 22, '2024-03-21 13:15:00', 'A Tiempo'),
(23, 'SG000023' , 23, '2024-03-20 12:58:00', 'A Tiempo'),
(24, 'SG000024' , 24, '2024-03-22 11:49:00', 'A Tiempo'),
(25, 'SG000025' , 25, '2024-04-09 12:55:00', 'Con Retraso'),
(26, 'SG000026' , 26, '2024-04-10 14:25:00', 'A Tiempo'),
(27, 'SG000027' , 27, '2024-04-10 10:17:00', 'A Tiempo'),
(28, 'SG000028' , 28, '2024-04-09 11:23:00', 'A Tiempo'),
(29, 'SG000029' , 29, '2024-04-09 13:40:00', 'A Tiempo'),
(30, 'SG000030' , 30, '2024-04-20 15:01:00', 'A Tiempo'),
(31, 'SG000031' , 31, '2024-04-21 08:07:00', 'A Tiempo'),
(32, 'SG000032' , 32, null, 'Cancelado'),
(33, 'SG000033' , 33, '2024-04-21 13:29:00', 'A Tiempo'),
(34, 'SG000034' , 34, '2024-05-08 11:58:00', 'A Tiempo'),
(35, 'SG000035' , 35, '2024-05-07 12:24:00', 'A Tiempo'),
(36, 'SG000036' , 36, '2024-05-08 13:48:00', 'A Tiempo'),
(37, 'SG000037' , 37, '2024-05-26 09:19:00', 'A Tiempo'),
(38, 'SG000038' , 38, '2024-05-26 14:05:00', 'A Tiempo'),
(39, 'SG000039' , 39, '2024-05-25 10:49:00', 'A Tiempo'),
(40, 'SG000040' , 40, '2024-05-25 10:11:00', 'A Tiempo'),
(41, 'SG000041' , 41, '2024-05-25 09:27:00', 'A Tiempo'),
(42, 'SG000042' , 42, '2024-06-10 09:48:00', 'A Tiempo'),
(43, 'SG000043' , 43, '2024-06-10 11:47:00', 'Con Retraso'),
(44, 'SG000044' , 44, '2024-06-09 12:59:00', 'Con Retraso'),
(45, 'SG000045' , 45, '2024-06-09 11:35:00', 'A Tiempo'),
(46, 'SG000046' , 46, '2024-06-10 10:27:00', 'A Tiempo'),
(47, 'SG000047' , 47, '2024-06-26 10:19:00', 'A Tiempo'),
(48, 'SG000048' , 48, '2024-06-26 11:16:00', 'A Tiempo'),
(49, 'SG000049' , 49, '2024-06-27 12:09:00', 'A Tiempo'),
(50, 'SG000050' , 50, '2024-06-26 15:24:00', 'Con Retraso'),
(51, 'SG000051' , 51, '2024-06-26 08:05:00', 'A Tiempo'),
(52, 'SG000052' , 52, '2024-07-10 11:47:00', 'A Tiempo'),
(53, 'SG000053' , 53, '2024-07-10 09:25:00', 'A Tiempo'),
(54, 'SG000054' , 54, '2024-07-11 07:31:00', 'A Tiempo'),
(55, 'SG000055' , 55, '2024-07-11 11:11:00', 'A Tiempo'),
(56, 'SG000056' , 56, '2024-07-10 09:25:00', 'A Tiempo'),
(57, 'SG000057' , 57, '2024-07-24 12:48:00', 'A Tiempo'),
(58, 'SG000058' , 58, '2024-07-24 09:09:00', 'A Tiempo'),
(59, 'SG000059' , 59, '2024-07-24 09:49:00', 'A Tiempo'),
(60, 'SG000060' , 60, '2024-08-07 10:49:00', 'A Tiempo'),
(61, 'SG000061' , 61, '2024-08-06 12:48:00', 'Con Retraso'),
(62, 'SG000062' , 62, '2024-08-08 12:07:00', 'A Tiempo'),
(63, 'SG000063' , 63, '2024-08-07 13:55:00', 'A Tiempo'),
(64, 'SG000064' , 64, '2024-08-07 12:08:00', 'A Tiempo'),
(65, 'SG000065' , 65, '2024-08-23 13:17:00', 'A Tiempo'),
(66, 'SG000066' , 66, '2024-08-23 08:10:00', 'A Tiempo'),
(67, 'SG000067' , 67, '2024-08-22 08:48:00', 'A Tiempo'),
(68, 'SG000068' , 68, '2024-08-22 11:35:00', 'A Tiempo'),
(69, 'SG000069' , 69, '2024-08-23 10:19:00', 'A Tiempo'),
(70, 'SG000070' , 70, '2024-09-06 12:09:00', 'A Tiempo'),
(71, 'SG000071' , 71, '2024-09-06 07:48:00', 'A Tiempo'),
(72, 'SG000072' , 72, '2024-09-06 11:50:00', 'A Tiempo'),
(73, 'SG000073' , 73, '2024-09-06 14:52:00', 'Con Retraso'),
(74, 'SG000074' , 74, '2024-09-07 14:29:00', 'A Tiempo'),
(75, 'SG000075' , 75, '2024-09-20 13:16:00', 'A Tiempo'),
(76, 'SG000076' , 76, '2024-09-22 12:09:00', 'A Tiempo'),
(77, 'SG000077' , 77, '2024-09-20 11:38:00', 'A Tiempo'),
(78, 'SG000078' , 78, '2024-10-10 14:17:00', 'A Tiempo'),
(79, 'SG000079' , 79, '2024-10-10 10:16:00', 'A Tiempo'),
(80, 'SG000080' , 80, '2024-10-09 11:48:00', 'A Tiempo'),
(81, 'SG000081' , 81, '2024-10-10 13:25:00', 'A Tiempo'),
(82, 'SG000082' , 82, '2024-10-22 07:42:00', 'A Tiempo'),
(83, 'SG000083' , 83, '2024-10-21 14:26:00', 'A Tiempo'),
(84, 'SG000084' , 84, '2024-10-21 14:49:00', 'Con Retraso'),
(85, 'SG000085' , 85, '2024-10-22 08:10:00', 'A Tiempo'),
(86, 'SG000086' , 86, '2024-10-22 12:19:00', 'A Tiempo'),
(87, 'SG000087' , 87, '2024-11-08 10:49:00', 'A Tiempo'),
(88, 'SG000088' , 88, '2024-11-07 13:07:00', 'A Tiempo'),
(89, 'SG000089' , 89, '2024-11-08 13:16:00', 'A Tiempo'),
(90, 'SG000090' , 90, '2024-11-08 08:47:00', 'A Tiempo'),
(91, 'SG000091' , 91, '2024-11-26 13:28:00', 'A Tiempo'),
(92, 'SG000092' , 92, '2024-11-25 10:49:00', 'A Tiempo'),
(93, 'SG000093' , 93, '2024-11-25 10:10:00', 'A Tiempo'),
(94, 'SG000094' , 94, null, 'Cancelado'),
(95, 'SG000095' , 95, '2024-11-24 10:49:00', 'Con Retraso'),
(96, 'SG000096' , 96, '2024-12-10 11:07:00', 'A Tiempo'),
(97, 'SG000097' , 97, '2024-12-09 10:51:00', 'A Tiempo'),
(98, 'SG000098' , 98, '2024-12-10 10:12:00', 'A Tiempo'),
(99, 'SG000099' , 99, '2024-12-11 10:29:00', 'A Tiempo'),
(100, 'SG000100' , 100, '2024-12-27 14:55:00', 'Con Retraso'),
(101, 'SG000101' , 101, '2024-12-26 10:19:00', 'A Tiempo'),
(102, 'SG000102' , 102, '2024-12-26 07:26:00', 'A Tiempo'),
(103, 'SG000103' , 103, '2024-12-26 09:14:00', 'A Tiempo'),
(104, 'SG000104' , 104, '2025-05-07 10:49:00', 'A Tiempo'),
(105, 'SG000105' , 105, '2025-05-07 13:12:00', 'A Tiempo'),
(106, 'SG000106' , 106, '2025-05-08 13:46:00', 'Pendiente'),
(107, 'SG000107' , 107, '2025-05-07 09:16:00', 'Pendiente');

INSERT INTO Ubicaciones (zona, estanteria, nivel) VALUES
('Zona A', 'Estantería 1', 'Nivel 1'),
('Zona A', 'Estantería 1', 'Nivel 2'),
('Zona A', 'Estantería 1', 'Nivel 3'),
('Zona A', 'Estantería 2', 'Nivel 1'),
('Zona A', 'Estantería 2', 'Nivel 2'),
('Zona A', 'Estantería 2', 'Nivel 3'),
('Zona B', 'Estantería 1', 'Nivel 1'),
('Zona B', 'Estantería 1', 'Nivel 2'),
('Zona B', 'Estantería 1', 'Nivel 3'),
('Zona B', 'Estantería 2', 'Nivel 1'),
('Zona B', 'Estantería 2', 'Nivel 2'),
('Zona B', 'Estantería 2', 'Nivel 3'),
('Zona C', 'Estantería 1', 'Nivel 1'),
('Zona C', 'Estantería 1', 'Nivel 2'),
('Zona C', 'Estantería 1', 'Nivel 3'),
('Zona C', 'Estantería 2', 'Nivel 1'),
('Zona C', 'Estantería 2', 'Nivel 2'),
('Zona C', 'Estantería 2', 'Nivel 3'),
('Zona D', 'Estantería 1', 'Nivel 1'),
('Zona D', 'Estantería 1', 'Nivel 2'),
('Zona D', 'Estantería 1', 'Nivel 3'),
('Zona D', 'Estantería 2', 'Nivel 1'),
('Zona D', 'Estantería 2', 'Nivel 2'),
('Zona D', 'Estantería 2', 'Nivel 3'),
('Zona E', 'Estantería 1', 'Nivel 1'),
('Zona E', 'Estantería 1', 'Nivel 2'),
('Zona E', 'Estantería 1', 'Nivel 3'),
('Zona E', 'Estantería 2', 'Nivel 1'),
('Zona E', 'Estantería 2', 'Nivel 2'),
('Zona E', 'Estantería 2', 'Nivel 3'),
('Zona F', 'Estantería 1', 'Nivel 1'),
('Zona F', 'Estantería 1', 'Nivel 2'),
('Zona F', 'Estantería 1', 'Nivel 3'),
('Zona F', 'Estantería 2', 'Nivel 1'),
('Zona F', 'Estantería 2', 'Nivel 2'),
('Zona F', 'Estantería 2', 'Nivel 3'),
('Zona G', 'Estantería 1', 'Nivel 1'),
('Zona G', 'Estantería 1', 'Nivel 2'),
('Zona G', 'Estantería 2', 'Nivel 1'),
('Zona G', 'Estantería 2', 'Nivel 2');

INSERT INTO Recepciones (id_recepcion, codigo, fecha_llegada, estado, id_compra, id_empleado) VALUES
(1, 'RX000001', '2024-01-10 15:17:00', 'Recepcionado', 1, 38),
(2, 'RX000002', '2024-01-10 12:25:00', 'Recepcionado', 2, 39),
(3, 'RX000003', '2024-01-11 10:38:00', 'Recepcionado', 3, 40),
(4, 'RX000004', '2024-01-11 15:19:00', 'Recepcionado', 4, 41),
(5, 'RX000005', '2024-01-24 16:25:00', 'Recepcionado', 5, 37),
(6, 'RX000006', '2024-01-24 12:11:00', 'Recepcionado', 6, 38),
(7, 'RX000007', '2024-02-06 12:42:00', 'Recepcionado', 7, 39),
(8, 'RX000008', '2024-02-07 14:05:00', 'Recepcionado', 8, 40),
(9, 'RX000009', '2024-02-08 15:07:00', 'Recepcionado', 9, 41),
(10, 'RX000010', '2024-02-07 16:25:00', 'Recepcionado', 10, 37),
(11, 'RX000011', '2024-02-21 15:09:00', 'Recepcionado', 11, 38),
(12, 'RX000012', '2024-02-21 16:25:00', 'Recepcionado', 12, 39),
(13, 'RX000013', '2024-02-21 12:25:00', 'Recepcionado', 13, 40),
(14, 'RX000014', '2024-02-22 12:01:00', 'Recepcionado', 14, 41),
(15, 'RX000015', '2024-02-22 14:35:00', 'Recepcionado', 15, 37),
(16, 'RX000016', '2024-03-06 13:21:00', 'Recepcionado', 16, 38),
(17, 'RX000017', '2024-03-06 15:23:00', 'Recepcionado', 17, 39),
(18, 'RX000018', '2024-03-06 10:50:00', 'Recepcionado', 18, 40),
(19, 'RX000019', '2024-03-06 16:09:00', 'Recepcionado', 19, 41),
(20, 'RX000020', '2024-03-21 17:58:00', 'Recepcionado', 20, 37),
(21, 'RX000021', '2024-03-20 15:55:00', 'Recepcionado', 21, 38),
(22, 'RX000022', '2024-03-21 16:15:00', 'Recepcionado', 22, 39),
(23, 'RX000023', '2024-03-20 15:58:00', 'Recepcionado', 23, 40),
(24, 'RX000024', '2024-03-22 14:49:00', 'Recepcionado', 24, 41),
(25, 'RX000025', '2024-04-09 15:55:00', 'Recepcionado', 25, 37),
(26, 'RX000026', '2024-04-10 17:25:00', 'Recepcionado', 26, 38),
(27, 'RX000027', '2024-04-10 13:17:00', 'Recepcionado', 27, 39),
(28, 'RX000028', '2024-04-09 14:23:00', 'Recepcionado', 28, 40),
(29, 'RX000029', '2024-04-09 16:40:00', 'Recepcionado', 29, 41),
(30, 'RX000030', '2024-04-20 18:01:00', 'Recepcionado', 30, 37),
(31, 'RX000031', '2024-04-21 11:07:00', 'Recepcionado', 31, 38),
(32, 'RX000032', null, 'Recepcionado', 32, 39),
(33, 'RX000033', '2024-04-21 16:29:00', 'Recepcionado', 33, 39),
(34, 'RX000034', '2024-05-08 14:58:00', 'Recepcionado', 34, 40),
(35, 'RX000035', '2024-05-07 15:24:00', 'Recepcionado', 35, 41),
(36, 'RX000036', '2024-05-08 16:48:00', 'Recepcionado', 36, 37),
(37, 'RX000037', '2024-05-26 12:19:00', 'Recepcionado', 37, 38),
(38, 'RX000038', '2024-05-26 17:05:00', 'Recepcionado', 38, 39),
(39, 'RX000039', '2024-05-25 13:49:00', 'Recepcionado', 39, 40),
(40, 'RX000040', '2024-05-25 13:11:00', 'Recepcionado', 40, 41),
(41, 'RX000041', '2024-05-25 12:27:00', 'Recepcionado', 41, 37),
(42, 'RX000042', '2024-06-10 12:48:00', 'Recepcionado', 42, 38),
(43, 'RX000043', '2024-06-10 14:47:00', 'Recepcionado', 43, 39),
(44, 'RX000044', '2024-06-09 15:59:00', 'Recepcionado', 44, 40),
(45, 'RX000045', '2024-06-09 14:35:00', 'Recepcionado', 45, 41),
(46, 'RX000046', '2024-06-10 13:27:00', 'Recepcionado', 46, 37),
(47, 'RX000047', '2024-06-26 13:19:00', 'Recepcionado', 47, 38),
(48, 'RX000048', '2024-06-26 14:16:00', 'Recepcionado', 48, 39),
(49, 'RX000049', '2024-06-27 15:09:00', 'Recepcionado', 49, 40),
(50, 'RX000050', '2024-06-26 18:24:00', 'Recepcionado', 50, 41),
(51, 'RX000051', '2024-06-26 11:05:00', 'Recepcionado', 51, 37),
(52, 'RX000052', '2024-07-10 14:47:00', 'Recepcionado', 52, 38),
(53, 'RX000053', '2024-07-10 12:25:00', 'Recepcionado', 53, 39),
(54, 'RX000054', '2024-07-11 10:31:00', 'Recepcionado', 54, 40),
(55, 'RX000055', '2024-07-11 14:11:00', 'Recepcionado', 55, 41),
(56, 'RX000056', '2024-07-10 12:25:00', 'Recepcionado', 56, 37),
(57, 'RX000057', '2024-07-24 15:48:00', 'Recepcionado', 57, 38),
(58, 'RX000058', '2024-07-24 12:09:00', 'Recepcionado', 58, 39),
(59, 'RX000059', '2024-07-24 12:49:00', 'Recepcionado', 59, 40),
(60, 'RX000060', '2024-08-07 13:49:00', 'Recepcionado', 60, 41),
(61, 'RX000061', '2024-08-06 15:48:00', 'Recepcionado', 61, 37),
(62, 'RX000062', '2024-08-08 15:07:00', 'Recepcionado', 62, 38),
(63, 'RX000063', '2024-08-07 16:55:00', 'Recepcionado', 63, 39),
(64, 'RX000064', '2024-08-07 15:08:00', 'Recepcionado', 64, 40),
(65, 'RX000065', '2024-08-23 16:17:00', 'Recepcionado', 65, 41),
(66, 'RX000066', '2024-08-23 11:10:00', 'Recepcionado', 66, 37),
(67, 'RX000067', '2024-08-22 11:48:00', 'Recepcionado', 67, 38),
(68, 'RX000068', '2024-08-22 14:35:00', 'Recepcionado', 68, 39),
(69, 'RX000069', '2024-08-23 13:19:00', 'Recepcionado', 69, 40),
(70, 'RX000070', '2024-09-06 15:09:00', 'Recepcionado', 70, 41),
(71, 'RX000071', '2024-09-06 10:48:00', 'Recepcionado', 71, 37),
(72, 'RX000072', '2024-09-06 14:50:00', 'Recepcionado', 72, 38),
(73, 'RX000073', '2024-09-06 17:52:00', 'Recepcionado', 73, 39),
(74, 'RX000074', '2024-09-07 17:29:00', 'Recepcionado', 74, 40),
(75, 'RX000075', '2024-09-20 16:16:00', 'Recepcionado', 75, 41),
(76, 'RX000076', '2024-09-22 15:09:00', 'Recepcionado', 76, 37),
(77, 'RX000077', '2024-09-20 14:38:00', 'Recepcionado', 77, 38),
(78, 'RX000078', '2024-10-10 17:17:00', 'Recepcionado', 78, 39),
(79, 'RX000079', '2024-10-10 13:16:00', 'Recepcionado', 79, 40),
(80, 'RX000080', '2024-10-09 14:48:00', 'Recepcionado', 80, 41),
(81, 'RX000081', '2024-10-10 16:25:00', 'Recepcionado', 81, 37),
(82, 'RX000082', '2024-10-22 10:42:00', 'Recepcionado', 82, 38),
(83, 'RX000083', '2024-10-21 17:26:00', 'Recepcionado', 83, 39),
(84, 'RX000084', '2024-10-21 17:49:00', 'Recepcionado', 84, 40),
(85, 'RX000085', '2024-10-22 11:10:00', 'Recepcionado', 85, 41),
(86, 'RX000086', '2024-10-22 15:19:00', 'Recepcionado', 86, 37),
(87, 'RX000087', '2024-11-08 13:49:00', 'Recepcionado', 87, 38),
(88, 'RX000088', '2024-11-07 16:07:00', 'Recepcionado', 88, 39),
(89, 'RX000089', '2024-11-08 16:16:00', 'Recepcionado', 89, 40),
(90, 'RX000090', '2024-11-08 11:47:00', 'Recepcionado', 90, 41),
(91, 'RX000091', '2024-11-26 16:28:00', 'Recepcionado', 91, 37),
(92, 'RX000092', '2024-11-25 13:49:00', 'Recepcionado', 92, 38),
(93, 'RX000093', '2024-11-25 13:10:00', 'Recepcionado', 93, 39),
(94, 'RX000094', null, 'Recepcionado', 93, 39),
(95, 'RX000095', '2024-11-24 13:49:00', 'Recepcionado', 95, 40),
(96, 'RX000096', '2024-12-10 14:07:00', 'Recepcionado', 96, 41),
(97, 'RX000097', '2024-12-09 13:51:00', 'Recepcionado', 97, 37),
(98, 'RX000098', '2024-12-10 13:12:00', 'Recepcionado', 98, 38),
(99, 'RX000099', '2024-12-11 13:29:00', 'Recepcionado', 99, 39),
(100, 'RX000100', '2024-12-27 17:55:00', 'Recepcionado', 100, 40),
(101, 'RX000101', '2024-12-26 13:19:00', 'Recepcionado', 101, 41),
(102, 'RX000102', '2024-12-26 10:26:00', 'Recepcionado', 102, 37),
(103, 'RX000103', '2024-12-26 12:14:00', 'Recepcionado', 103, 38),
(104, 'RX000104', '2025-05-07 13:49:00', 'Recepcionado', 104, 39),
(105, 'RX000105', '2025-05-07 16:12:00', 'Recepcionado', 105, 40),
(106, 'RX000106', '2025-05-08 16:46:00', 'En entrega', 106, 41),
(107, 'RX000107', '2025-05-07 17:16:00', 'Proceso de Calidad', 107, 37),

(108, 'RX000108', '2025-05-07 17:36:00', 'Proceso de Calidad', 108, 38), 
(109, 'RX000109', '2025-05-07 18:16:00', 'Proceso de Calidad', 109, 39);

--Activar trigger
ALTER TABLE compras ENABLE TRIGGER trg_crear_recepciones;
SELECT setval('codigo_recepcion_insumos_seq', (SELECT MAX(SUBSTRING(codigo, 3)::INT) FROM recepciones ));


INSERT INTO InspeccionesGenerales (codigo, tipo_inspeccion, fecha_hora_inspeccion , estado_revision , id_empleado, comentario, evidencia) VALUES
('IG000001', 'Lote de Insumo', '2024-10-01 13:26:00', 'Revisado', 25, NULL, NULL),
('IG000002', 'Lote de Insumo', '2024-10-01 13:25:00', 'Revisado', 26, NULL, NULL),
('IG000003', 'Lote de Insumo', '2024-10-01 10:34:00', 'Revisado', 25, NULL, NULL),
('IG000004', 'Lote de Insumo', '2024-10-01 11:22:00', 'Revisado', 25, NULL, NULL),
('IG000005', 'Lote de Insumo', '2024-11-01 09:01:00', 'Revisado', 26, NULL, NULL),
('IG000006', 'Lote de Insumo', '2024-11-01 13:18:00', 'Revisado', 25, NULL, NULL),
('IG000007', 'Lote de Insumo', '2024-01-24 10:02:00', 'Revisado', 26, NULL, NULL),
('IG000008', 'Lote de Insumo', '2024-01-24 11:15:00', 'Revisado', 26, NULL, NULL),
('IG000009', 'Lote de Insumo', '2024-06-02 10:43:00', 'Revisado', 26, NULL, NULL),
('IG000010', 'Lote de Insumo', '2024-07-02 12:34:00', 'Revisado', 26, NULL, NULL),
('IG000011', 'Lote de Insumo', '2024-07-02 12:23:00', 'Revisado', 25, NULL, NULL),
('IG000012', 'Lote de Insumo', '2024-03-02 12:55:00', 'Revisado', 25, NULL, NULL),
('IG000013', 'Lote de Insumo', '2024-07-02 14:36:00', 'Revisado', 26, NULL, NULL),
('IG000014', 'Lote de Insumo', '2024-02-21 12:42:00', 'Revisado', 26, NULL, NULL),
('IG000015', 'Lote de Insumo', '2024-02-21 14:55:00', 'Revisado', 25, NULL, NULL),
('IG000016', 'Lote de Insumo', '2024-02-21 15:11:00', 'Revisado', 26, NULL, NULL),
('IG000017', 'Lote de Insumo', '2024-02-21 10:08:00', 'Revisado', 26, NULL, NULL),
('IG000018', 'Lote de Insumo', '2024-02-21 10:16:00', 'Revisado', 25, NULL, NULL),
('IG000019', 'Lote de Insumo', '2024-02-22 12:23:00', 'Revisado', 26, NULL, NULL),
('IG000020', 'Lote de Insumo', '2024-06-03 11:42:00', 'Revisado', 26, NULL, NULL),
('IG000021', 'Lote de Insumo', '2024-06-03 13:08:00', 'Revisado', 26, NULL, NULL),
('IG000022', 'Lote de Insumo', '2024-06-03 14:03:00', 'Revisado', 26, NULL, NULL),
('IG000023', 'Lote de Insumo', '2024-06-03 09:13:00', 'Revisado', 26, NULL, NULL),
('IG000024', 'Lote de Insumo', '2024-06-03 14:16:00', 'Revisado', 25, NULL, NULL),
('IG000025', 'Lote de Insumo', '2024-03-21 15:25:00', 'Revisado', 26, NULL, NULL),
('IG000026', 'Lote de Insumo', '2024-03-20 13:47:00', 'Revisado', 25, NULL, NULL),
('IG000027', 'Lote de Insumo', '2024-03-21 14:14:00', 'Revisado', 25, NULL, NULL),
('IG000028', 'Lote de Insumo', '2024-03-21 14:25:00', 'Revisado', 25, NULL, NULL),
('IG000029', 'Lote de Insumo', '2024-03-20 14:00:00', 'Revisado', 26, NULL, NULL),
('IG000030', 'Lote de Insumo', '2024-03-22 12:22:00', 'Revisado', 25, NULL, NULL),
('IG000031', 'Lote de Insumo', '2024-09-04 14:26:00', 'Revisado', 25, NULL, NULL),
('IG000032', 'Lote de Insumo', '2024-10-04 15:26:00', 'Revisado', 26, NULL, NULL),
('IG000033', 'Lote de Insumo', '2024-10-04 11:22:00', 'Revisado', 26, NULL, NULL),
('IG000034', 'Lote de Insumo', '2024-10-04 17:10:00', 'Revisado', 25, NULL, NULL),
('IG000035', 'Lote de Insumo', '2024-09-04 12:52:00', 'Revisado', 26, NULL, NULL),
('IG000036', 'Lote de Insumo', '2024-09-04 14:29:00', 'Revisado', 26, NULL, NULL),
('IG000037', 'Lote de Insumo', '2024-04-20 15:26:00', 'Revisado', 25, NULL, NULL),
('IG000038', 'Lote de Insumo', '2024-04-21 09:43:00', 'Revisado', 25, NULL, NULL),
('IG000039', 'Lote de Insumo', '2024-04-21 09:25:00', 'Revisado', 26, NULL, NULL),
('IG000040', 'Lote de Insumo', '2024-04-21 14:26:00', 'Revisado', 26, NULL, NULL),
('IG000041', 'Lote de Insumo', '2024-08-05 13:34:00', 'Revisado', 25, NULL, NULL),
('IG000042', 'Lote de Insumo', '2024-07-05 14:10:00', 'Revisado', 25, NULL, NULL),
('IG000043', 'Lote de Insumo', '2024-08-05 15:07:00', 'Revisado', 26, NULL, NULL),
('IG000044', 'Lote de Insumo', '2024-08-05 15:08:00', 'Revisado', 26, NULL, NULL),
('IG000045', 'Lote de Insumo', '2024-05-26 10:53:00', 'Revisado', 26, NULL, NULL),
('IG000046', 'Lote de Insumo', '2024-05-26 10:52:00', 'Revisado', 26, NULL, NULL),
('IG000047', 'Lote de Insumo', '2024-05-26 15:18:00', 'Revisado', 26, NULL, NULL),
('IG000048', 'Lote de Insumo', '2024-05-25 12:31:00', 'Revisado', 25, NULL, NULL),
('IG000049', 'Lote de Insumo', '2024-05-25 11:44:00', 'Revisado', 26, NULL, NULL),
('IG000050', 'Lote de Insumo', '2024-05-25 10:19:00', 'Revisado', 25, NULL, NULL),
('IG000051', 'Lote de Insumo', '2024-10-06 10:36:00', 'Revisado', 26, NULL, NULL),
('IG000052', 'Lote de Insumo', '2024-10-06 11:13:00', 'Revisado', 25, NULL, NULL),
('IG000053', 'Lote de Insumo', '2024-09-06 14:10:00', 'Revisado', 25, NULL, NULL),
('IG000054', 'Lote de Insumo', '2024-09-06 15:00:00', 'Revisado', 26, NULL, NULL),
('IG000055', 'Lote de Insumo', '2024-10-06 11:07:00', 'Revisado', 26, NULL, NULL),
('IG000056', 'Lote de Insumo', '2024-06-26 10:57:00', 'Revisado', 26, NULL, NULL),
('IG000057', 'Lote de Insumo', '2024-06-26 12:00:00', 'Revisado', 26, NULL, NULL),
('IG000058', 'Lote de Insumo', '2024-06-27 13:19:00', 'Revisado', 26, NULL, NULL),
('IG000059', 'Lote de Insumo', '2024-06-26 16:20:00', 'Revisado', 25, NULL, NULL),
('IG000060', 'Lote de Insumo', '2024-06-26 17:18:00', 'Revisado', 26, NULL, NULL),
('IG000061', 'Lote de Insumo', '2024-06-26 08:43:00', 'Revisado', 26, NULL, NULL),
('IG000062', 'Lote de Insumo', '2024-10-07 12:18:00', 'Revisado', 25, NULL, NULL),
('IG000063', 'Lote de Insumo', '2024-10-07 10:02:00', 'Revisado', 26, NULL, NULL),
('IG000064', 'Lote de Insumo', '2024-11-07 09:19:00', 'Revisado', 25, NULL, NULL),
('IG000065', 'Lote de Insumo', '2024-11-07 12:27:00', 'Revisado', 25, NULL, NULL),
('IG000066', 'Lote de Insumo', '2024-11-07 12:18:00', 'Revisado', 26, NULL, NULL),
('IG000067', 'Lote de Insumo', '2024-10-07 10:25:00', 'Revisado', 26, NULL, NULL),
('IG000068', 'Lote de Insumo', '2024-07-24 14:00:00', 'Revisado', 26, NULL, NULL),
('IG000069', 'Lote de Insumo', '2024-07-24 10:25:00', 'Revisado', 26, NULL, NULL),
('IG000070', 'Lote de Insumo', '2024-07-24 10:25:00', 'Revisado', 25, NULL, NULL),
('IG000071', 'Lote de Insumo', '2024-03-23 15:50:00', 'Revisado', 25, NULL, NULL),
('IG000072', 'Lote de Insumo', '2024-03-24 16:51:00', 'Revisado', 25, NULL, NULL),
('IG000073', 'Lote de Insumo', '2024-03-25 17:44:00', 'Revisado', 25, NULL, NULL),
('IG000074', 'Lote de Insumo', '2024-03-26 17:13:00', 'Revisado', 25, NULL, NULL),
('IG000075', 'Lote de Insumo', '2024-03-27 17:25:00', 'Revisado', 25, NULL, NULL),
('IG000076', 'Lote de Insumo', '2024-03-28 17:00:00', 'Revisado', 25, NULL, NULL),
('IG000077', 'Lote de Insumo', '2024-03-29 17:26:00', 'Revisado', 26, NULL, NULL),
('IG000078', 'Lote de Insumo', '2024-03-30 17:26:00', 'Revisado', 26, NULL, NULL),
('IG000079', 'Lote de Insumo', '2024-03-31 16:16:00', 'Revisado', 25, NULL, NULL),
('IG000080', 'Lote de Insumo', '2024-01-04 17:04:00', 'Revisado', 25, NULL, NULL),
('IG000081', 'Lote de Insumo', '2024-02-04 16:09:00', 'Revisado', 25, NULL, NULL),
('IG000082', 'Lote de Insumo', '2024-03-04 16:07:00', 'Revisado', 25, NULL, NULL),
('IG000083', 'Lote de Insumo', '2024-04-04 16:20:00', 'Revisado', 26, NULL, NULL),
('IG000084', 'Lote de Insumo', '2024-05-04 17:43:00', 'Revisado', 25, NULL, NULL),
('IG000085', 'Lote de Insumo', '2024-06-04 16:24:00', 'Revisado', 26, NULL, NULL),
('IG000086', 'Lote de Insumo', '2024-07-04 16:03:00', 'Revisado', 26, NULL, NULL),
('IG000087', 'Lote de Insumo', '2024-08-04 16:26:00', 'Revisado', 26, NULL, NULL),
('IG000088', 'Lote de Insumo', '2024-09-04 17:25:00', 'Revisado', 25, NULL, NULL),
('IG000089', 'Lote de Insumo', '2024-10-04 16:01:00', 'Revisado', 25, NULL, NULL),
('IG000090', 'Lote de Insumo', '2024-11-04 17:06:00', 'Revisado', 26, NULL, NULL),
('IG000091', 'Lote de Insumo', '2024-12-04 15:25:00', 'Revisado', 26, NULL, NULL),
('IG000092', 'Lote de Insumo', '2024-04-13 17:01:00', 'Revisado', 26, NULL, NULL),
('IG000093', 'Lote de Insumo', '2024-04-14 17:07:00', 'Revisado', 25, NULL, NULL),
('IG000094', 'Lote de Insumo', '2024-04-15 17:36:00', 'Revisado', 26, NULL, NULL),
('IG000095', 'Lote de Insumo', '2024-04-18 17:44:00', 'Revisado', 26, NULL, NULL),
('IG000096', 'Lote de Insumo', '2024-04-19 15:54:00', 'Revisado', 25, NULL, NULL),
('IG000097', 'Lote de Insumo', '2024-04-20 16:54:00', 'Revisado', 26, NULL, NULL),
('IG000098', 'Lote de Insumo', '2024-04-21 17:06:00', 'Revisado', 26, NULL, NULL),
('IG000099', 'Lote de Insumo', '2024-04-22 17:05:00', 'Revisado', 26, NULL, NULL),
('IG000100', 'Lote de Insumo', '2024-04-23 17:36:00', 'Revisado', 25, NULL, NULL),
('IG000101', 'Lote de Insumo', '2024-04-24 17:19:00', 'Revisado', 26, NULL, NULL),
('IG000102', 'Lote de Insumo', '2024-04-25 16:05:00', 'Revisado', 25, NULL, NULL),
('IG000103', 'Lote de Insumo', '2024-04-26 16:01:00', 'Revisado', 25, NULL, NULL),
('IG000104', 'Lote de Insumo', '2024-04-27 16:26:00', 'Revisado', 26, NULL, NULL),
('IG000105', 'Lote de Insumo', '2024-04-28 15:46:00', 'Revisado', 25, NULL, NULL),
('IG000106', 'Lote de Insumo', '2024-04-29 17:16:00', 'Revisado', 26, NULL, NULL),
('IG000107', 'Lote de Insumo', '2024-04-30 15:59:00', 'Revisado', 25, NULL, NULL),
('IG000108', 'Lote de Insumo', '2024-01-05 17:06:00', 'Revisado', 25, NULL, NULL),
('IG000109', 'Lote de Insumo', '2024-02-05 17:25:00', 'Revisado', 25, NULL, NULL),
('IG000110', 'Lote de Insumo', '2024-03-05 17:03:00', 'Revisado', 26, NULL, NULL),
('IG000111', 'Lote de Insumo', '2024-04-05 15:55:00', 'Revisado', 25, NULL, NULL),
('IG000112', 'Lote de Insumo', '2024-05-05 16:36:00', 'Revisado', 25, NULL, NULL),
('IG000113', 'Lote de Insumo', '2024-06-05 16:24:00', 'Revisado', 26, NULL, NULL),
('IG000114', 'Lote de Insumo', '2024-07-05 16:26:00', 'Revisado', 26, NULL, NULL),
('IG000115', 'Lote de Insumo', '2024-08-05 17:34:00', 'Revisado', 25, NULL, NULL),
('IG000116', 'Lote de Insumo', '2024-09-05 16:20:00', 'Revisado', 26, NULL, NULL),
('IG000117', 'Lote de Insumo', '2024-10-05 15:58:00', 'Revisado', 25, NULL, NULL),
('IG000118', 'Lote de Insumo', '2024-11-05 17:18:00', 'Revisado', 26, NULL, NULL),
('IG000119', 'Lote de Insumo', '2024-12-05 17:46:00', 'Revisado', 26, NULL, NULL),
('IG000120', 'Lote de Insumo', '2024-05-13 16:09:00', 'Revisado', 25, NULL, NULL),
('IG000121', 'Lote de Insumo', '2024-05-14 16:25:00', 'Revisado', 26, NULL, NULL),
('IG000122', 'Lote de Insumo', '2024-05-15 16:44:00', 'Revisado', 26, NULL, NULL),
('IG000123', 'Lote de Insumo', '2024-05-16 17:28:00', 'Revisado', 26, NULL, NULL),
('IG000124', 'Lote de Insumo', '2024-05-17 16:34:00', 'Revisado', 26, NULL, NULL),
('IG000125', 'Lote de Insumo', '2024-05-18 17:25:00', 'Revisado', 26, NULL, NULL),
('IG000126', 'Lote de Insumo', '2024-05-19 16:31:00', 'Revisado', 25, NULL, NULL),
('IG000127', 'Lote de Insumo', '2024-05-20 16:49:00', 'Revisado', 25, NULL, NULL),
('IG000128', 'Lote de Insumo', '2024-05-21 16:05:00', 'Revisado', 26, NULL, NULL),

-- Lote de Producto 1
('IG000129', 'Proceso', '2024-07-01 08:33:00', 'Revisado', 28, NULL, NULL),
('IG000130', 'Proceso', '2024-07-01 08:30:00', 'Revisado', 28, NULL, NULL),
('IG000131', 'Proceso', '2024-07-01 08:57:00', 'Revisado', 30, NULL, NULL),
('IG000132', 'Proceso', '2024-07-01 08:48:00', 'Revisado', 30, NULL, NULL),
('IG000133', 'Proceso', '2024-07-01 09:15:00', 'Revisado', 32, NULL, NULL),

-- Lote de Producto 2
('IG000134', 'Proceso', '2024-07-01 08:36:00', 'Revisado', 27, NULL, NULL),
('IG000135', 'Proceso', '2024-07-01 08:31:00', 'Revisado', 27, NULL, NULL),
('IG000136', 'Proceso', '2024-07-01 08:38:00', 'Revisado', 28, NULL, NULL),
('IG000137', 'Proceso', '2024-07-01 08:35:00', 'Revisado', 27, NULL, NULL),
('IG000138', 'Proceso', '2024-07-01 08:58:00', 'Revisado', 30, NULL, NULL),
('IG000139', 'Proceso', '2024-07-01 08:57:00', 'Revisado', 29, NULL, NULL),
('IG000140', 'Proceso', '2024-07-01 08:52:00', 'Revisado', 29, NULL, NULL),
('IG000141', 'Proceso', '2024-07-01 08:59:00', 'Revisado', 29, NULL, NULL),
('IG000142', 'Proceso', '2024-07-01 09:20:00', 'Revisado', 31, NULL, NULL),

-- Lote de Producto 3
('IG000143', 'Proceso', '2024-07-01 08:31:00', 'Revisado', 28, NULL, NULL),
('IG000144', 'Proceso', '2024-07-01 08:26:00', 'Revisado', 28, NULL, NULL),
('IG000145', 'Proceso', '2024-07-01 08:54:00', 'Revisado', 29, NULL, NULL),
('IG000146', 'Proceso', '2024-07-01 08:47:00', 'Revisado', 29, NULL, NULL),
('IG000147', 'Proceso', '2024-07-01 09:19:00', 'Revisado', 32, NULL, NULL),

-- Lote de Producto 4
('IG000148', 'Proceso', '2024-07-01 08:39:00', 'Revisado', 28, NULL, NULL),
('IG000149', 'Proceso', '2024-07-01 08:29:00', 'Revisado', 27, NULL, NULL),
('IG000150', 'Proceso', '2024-07-01 08:34:00', 'Revisado', 28, NULL, NULL),
('IG000151', 'Proceso', '2024-07-01 08:32:00', 'Revisado', 27, NULL, NULL),
('IG000152', 'Proceso', '2024-07-01 08:55:00', 'Revisado', 30, NULL, NULL),
('IG000153', 'Proceso', '2024-07-01 08:49:00', 'Revisado', 29, NULL, NULL),
('IG000154', 'Proceso', '2024-07-01 08:51:00', 'Revisado', 29, NULL, NULL),
('IG000155', 'Proceso', '2024-07-01 08:52:00', 'Revisado', 30, NULL, NULL),
('IG000156', 'Proceso', '2024-07-01 09:21:00', 'Revisado', 31, NULL, NULL),

-- Lote de Producto 5
('IG000157', 'Proceso', '2024-07-01 08:37:00', 'Revisado', 27, NULL, NULL),
('IG000158', 'Proceso', '2024-07-01 08:32:00', 'Revisado', 27, NULL, NULL),
('IG000159', 'Proceso', '2024-07-01 08:51:00', 'Revisado', 30, NULL, NULL),
('IG000160', 'Proceso', '2024-07-01 08:47:00', 'Revisado', 30, NULL, NULL),
('IG000161', 'Proceso', '2024-07-01 09:11:00', 'Revisado', 32, NULL, NULL),

-- Lote de Producto 6
('IG000162', 'Proceso', '2024-07-01 08:32:00', 'Revisado', 28, NULL, NULL),
('IG000163', 'Proceso', '2024-07-01 08:35:00', 'Revisado', 28, NULL, NULL),
('IG000164', 'Proceso', '2024-07-01 08:35:00', 'Revisado', 27, NULL, NULL),
('IG000165', 'Proceso', '2024-07-01 08:29:00', 'Revisado', 27, NULL, NULL),
('IG000166', 'Proceso', '2024-07-01 08:58:00', 'Revisado', 30, NULL, NULL),
('IG000167', 'Proceso', '2024-07-01 08:57:00', 'Revisado', 29, NULL, NULL),
('IG000168', 'Proceso', '2024-07-01 08:49:00', 'Revisado', 30, NULL, NULL),
('IG000169', 'Proceso', '2024-07-01 08:53:00', 'Revisado', 29, NULL, NULL),
('IG000170', 'Proceso', '2024-07-01 09:16:00', 'Revisado', 31, NULL, NULL),

-- Lote de Producto 7
('IG000171', 'Proceso', '2024-07-01 08:33:00', 'Revisado', 27, NULL, NULL),
('IG000172', 'Proceso', '2024-07-01 08:32:00', 'Revisado', 28, NULL, NULL),
('IG000173', 'Proceso', '2024-07-01 08:47:00', 'Revisado', 30, NULL, NULL),
('IG000174', 'Proceso', '2024-07-01 08:56:00', 'Revisado', 29, NULL, NULL),
('IG000175', 'Proceso', '2024-07-01 09:11:00', 'Revisado', 31, NULL, NULL),

-- Lote de Producto 8
('IG000176', 'Proceso', '2024-07-01 08:39:00', 'Revisado', 27, NULL, NULL),
('IG000177', 'Proceso', '2024-07-01 08:36:00', 'Revisado', 27, NULL, NULL),
('IG000178', 'Proceso', '2024-07-01 08:39:00', 'Revisado', 27, NULL, NULL),
('IG000179', 'Proceso', '2024-07-01 08:34:00', 'Revisado', 27, NULL, NULL),
('IG000180', 'Proceso', '2024-07-01 08:54:00', 'Revisado', 29, NULL, NULL),
('IG000181', 'Proceso', '2024-07-01 08:52:00', 'Revisado', 30, NULL, NULL),
('IG000182', 'Proceso', '2024-07-01 08:53:00', 'Revisado', 30, NULL, NULL),
('IG000183', 'Proceso', '2024-07-01 08:52:00', 'Revisado', 29, NULL, NULL),
('IG000184', 'Proceso', '2024-07-01 09:21:00', 'Revisado', 31, NULL, NULL),

-- Lote de Producto 9
('IG000185', 'Proceso', '2024-01-14 10:36:00', 'Revisado', 28, NULL, NULL),
('IG000186', 'Proceso', '2024-01-14 10:36:00', 'Revisado', 28, NULL, NULL),
('IG000187', 'Proceso', '2024-01-14 10:37:00', 'Revisado', 28, NULL, NULL),
('IG000188', 'Proceso', '2024-01-14 10:48:00', 'Revisado', 30, NULL, NULL),
('IG000189', 'Proceso', '2024-01-14 10:56:00', 'Revisado', 29, NULL, NULL),
('IG000190', 'Proceso', '2024-01-14 10:55:00', 'Revisado', 29, NULL, NULL),
('IG000191', 'Proceso', '2024-01-14 11:17:00', 'Revisado', 32, NULL, NULL),

-- Lote de Producto 10
('IG000192', 'Proceso', '2024-01-14 10:34:00', 'Revisado', 27, NULL, NULL),
('IG000193', 'Proceso', '2024-01-14 10:35:00', 'Revisado', 28, NULL, NULL),
('IG000194', 'Proceso', '2024-01-14 10:38:00', 'Revisado', 28, NULL, NULL),
('IG000195', 'Proceso', '2024-01-14 10:29:00', 'Revisado', 27, NULL, NULL),
('IG000196', 'Proceso', '2024-01-14 10:59:00', 'Revisado', 30, NULL, NULL),
('IG000197', 'Proceso', '2024-01-14 10:58:00', 'Revisado', 29, NULL, NULL),
('IG000198', 'Proceso', '2024-01-14 10:59:00', 'Revisado', 29, NULL, NULL),
('IG000199', 'Proceso', '2024-01-14 10:51:00', 'Revisado', 29, NULL, NULL),
('IG000200', 'Proceso', '2024-01-14 11:13:00', 'Revisado', 31, NULL, NULL),

-- Lote de Producto 11
('IG000201', 'Proceso', '2024-01-15 10:33:00', 'Revisado', 27, NULL, NULL),
('IG000202', 'Proceso', '2024-01-15 10:56:00', 'Revisado', 29, NULL, NULL),
('IG000203', 'Proceso', '2024-01-15 11:12:00', 'Revisado', 31, NULL, NULL),

-- Lote de Producto 12
('IG000204', 'Proceso', '2024-01-14 10:34:00', 'Revisado', 27, NULL, NULL),
('IG000205', 'Proceso', '2024-01-14 10:34:00', 'Revisado', 28, NULL, NULL),
('IG000206', 'Proceso', '2024-01-14 10:52:00', 'Revisado', 30, NULL, NULL),
('IG000207', 'Proceso', '2024-01-14 10:50:00', 'Revisado', 29, NULL, NULL),
('IG000208', 'Proceso', '2024-01-14 11:11:00', 'Revisado', 31, NULL, NULL),

-- Lote de Producto 13
('IG000209', 'Proceso', '2024-01-14 10:34:00', 'Revisado', 27, NULL, NULL),
('IG000210', 'Proceso', '2024-01-14 10:37:00', 'Revisado', 28, NULL, NULL),
('IG000211', 'Proceso', '2024-01-14 10:30:00', 'Revisado', 27, NULL, NULL),
('IG000212', 'Proceso', '2024-01-14 10:35:00', 'Revisado', 28, NULL, NULL),
('IG000213', 'Proceso', '2024-01-14 10:52:00', 'Revisado', 29, NULL, NULL),
('IG000214', 'Proceso', '2024-01-14 10:58:00', 'Revisado', 30, NULL, NULL),
('IG000215', 'Proceso', '2024-01-14 10:58:00', 'Revisado', 30, NULL, NULL),
('IG000216', 'Proceso', '2024-01-14 10:50:00', 'Revisado', 30, NULL, NULL),
('IG000217', 'Proceso', '2024-01-14 11:19:00', 'Revisado', 32, NULL, NULL),

-- Lote de Producto 14
('IG000218', 'Proceso', '2024-01-21 08:37:00', 'Revisado', 28, NULL, NULL),
('IG000219', 'Proceso', '2024-01-21 08:32:00', 'Revisado', 27, NULL, NULL),
('IG000220', 'Proceso', '2024-01-21 08:47:00', 'Revisado', 30, NULL, NULL),
('IG000221', 'Proceso', '2024-01-21 08:57:00', 'Revisado', 30, NULL, NULL),
('IG000222', 'Proceso', '2024-01-21 09:14:00', 'Revisado', 31, NULL, NULL),

-- Lote de Producto 15
('IG000223', 'Proceso', '2024-01-21 08:30:00', 'Revisado', 27, NULL, NULL),
('IG000224', 'Proceso', '2024-01-21 08:33:00', 'Revisado', 28, NULL, NULL),
('IG000225', 'Proceso', '2024-01-21 08:34:00', 'Revisado', 28, NULL, NULL),
('IG000226', 'Proceso', '2024-01-21 08:38:00', 'Revisado', 27, NULL, NULL),
('IG000227', 'Proceso', '2024-01-21 08:55:00', 'Revisado', 29, NULL, NULL),
('IG000228', 'Proceso', '2024-01-21 08:57:00', 'Revisado', 30, NULL, NULL),
('IG000229', 'Proceso', '2024-01-21 08:58:00', 'Revisado', 29, NULL, NULL),
('IG000230', 'Proceso', '2024-01-21 08:57:00', 'Revisado', 30, NULL, NULL),
('IG000231', 'Proceso', '2024-01-21 09:14:00', 'Revisado', 32, NULL, NULL),

-- Lote de Producto 16
('IG000232', 'Proceso', '2024-01-21 08:31:00', 'Revisado', 28, NULL, NULL),
('IG000233', 'Proceso', '2024-01-21 08:38:00', 'Revisado', 28, NULL, NULL),
('IG000234', 'Proceso', '2024-01-21 08:34:00', 'Revisado', 27, NULL, NULL),
('IG000235', 'Proceso', '2024-01-21 08:54:00', 'Revisado', 30, NULL, NULL),
('IG000236', 'Proceso', '2024-01-21 08:57:00', 'Revisado', 30, NULL, NULL),
('IG000237', 'Proceso', '2024-01-21 08:50:00', 'Revisado', 29, NULL, NULL),
('IG000238', 'Proceso', '2024-01-21 09:11:00', 'Revisado', 31, NULL, NULL),

-- Lote de Producto 17
('IG000239', 'Proceso', '2024-01-21 08:33:00', 'Revisado', 27, NULL, NULL),
('IG000240', 'Proceso', '2024-01-21 08:31:00', 'Revisado', 28, NULL, NULL),
('IG000241', 'Proceso', '2024-01-21 08:36:00', 'Revisado', 27, NULL, NULL),
('IG000242', 'Proceso', '2024-01-21 08:32:00', 'Revisado', 28, NULL, NULL),
('IG000243', 'Proceso', '2024-01-21 08:53:00', 'Revisado', 30, NULL, NULL),
('IG000244', 'Proceso', '2024-01-21 08:59:00', 'Revisado', 29, NULL, NULL),
('IG000245', 'Proceso', '2024-01-21 08:49:00', 'Revisado', 29, NULL, NULL),
('IG000246', 'Proceso', '2024-01-21 08:56:00', 'Revisado', 30, NULL, NULL),
('IG000247', 'Proceso', '2024-01-21 09:21:00', 'Revisado', 32, NULL, NULL),

-- Lote de Producto 18
('IG000248', 'Proceso', '2024-01-21 08:31:00', 'Revisado', 27, NULL, NULL),
('IG000249', 'Proceso', '2024-01-21 08:30:00', 'Revisado', 27, NULL, NULL),
('IG000250', 'Proceso', '2024-01-21 08:50:00', 'Revisado', 30, NULL, NULL),
('IG000251', 'Proceso', '2024-01-21 09:13:00', 'Revisado', 31, NULL, NULL),

-- Lote de Producto 19
('IG000252', 'Proceso', '2024-01-22 08:36:00', 'Revisado', 28, NULL, NULL),
('IG000253', 'Proceso', '2024-01-22 08:30:00', 'Revisado', 29, NULL, NULL),
('IG000254', 'Proceso', '2024-01-22 09:16:00', 'Revisado', 31, NULL, NULL),

-- Lote de Producto 20
('IG000255', 'Proceso', '2024-01-21 08:30:00', 'Revisado', 27, NULL, NULL),
('IG000256', 'Proceso', '2024-01-21 08:35:00', 'Revisado', 28, NULL, NULL),
('IG000257', 'Proceso', '2024-01-21 08:34:00', 'Revisado', 27, NULL, NULL),
('IG000258', 'Proceso', '2024-01-21 08:39:00', 'Revisado', 28, NULL, NULL),
('IG000259', 'Proceso', '2024-01-21 08:50:00', 'Revisado', 29, NULL, NULL),
('IG000260', 'Proceso', '2024-01-21 08:50:00', 'Revisado', 30, NULL, NULL),
('IG000261', 'Proceso', '2024-01-21 08:58:00', 'Revisado', 29, NULL, NULL),
('IG000262', 'Proceso', '2024-01-21 08:56:00', 'Revisado', 29, NULL, NULL),
('IG000263', 'Proceso', '2024-01-21 09:20:00', 'Revisado', 31, NULL, NULL),

-- Lote de Producto 21
('IG000264', 'Proceso', '2024-09-02 09:27:00', 'Revisado', 28, NULL, NULL),
('IG000265', 'Proceso', '2024-09-02 09:26:00', 'Revisado', 27, NULL, NULL),
('IG000266', 'Proceso', '2024-09-02 09:51:00', 'Revisado', 29, NULL, NULL),
('IG000267', 'Proceso', '2024-09-02 09:56:00', 'Revisado', 39, NULL, NULL),
('IG000268', 'Proceso', '2024-09-02 10:21:00', 'Revisado', 31, NULL, NULL),

-- Lote de Producto 22
('IG000269', 'Proceso', '2024-09-02 09:36:00', 'Revisado', 27, NULL, NULL),
('IG000270', 'Proceso', '2024-09-02 09:37:00', 'Revisado', 27, NULL, NULL),
('IG000271', 'Proceso', '2024-09-02 09:39:00', 'Revisado', 28, NULL, NULL),
('IG000272', 'Proceso', '2024-09-02 09:38:00', 'Revisado', 27, NULL, NULL),
('IG000273', 'Proceso', '2024-09-02 09:53:00', 'Revisado', 30, NULL, NULL),
('IG000274', 'Proceso', '2024-09-02 09:55:00', 'Revisado', 30, NULL, NULL),
('IG000275', 'Proceso', '2024-09-02 09:52:00', 'Revisado', 29, NULL, NULL),
('IG000276', 'Proceso', '2024-09-02 09:53:00', 'Revisado', 29, NULL, NULL),
('IG000277', 'Proceso', '2024-09-02 10:11:00', 'Revisado', 31, NULL, NULL),

-- Lote de Producto 23
('IG000278', 'Proceso', '2024-05-03 10:28:00', 'Revisado', 28, NULL, NULL),
('IG000279', 'Proceso', '2024-05-03 10:26:00', 'Revisado', 28, NULL, NULL),
('IG000280', 'Proceso', '2024-05-03 10:56:00', 'Revisado', 30, NULL, NULL),
('IG000281', 'Proceso', '2024-05-03 10:54:00', 'Revisado', 29, NULL, NULL),
('IG000282', 'Proceso', '2024-05-03 11:13:00', 'Revisado', 31, NULL, NULL),

-- Lote de Producto 24
('IG000283', 'Proceso', '2024-05-03 10:37:00', 'Revisado', 27, NULL, NULL),
('IG000284', 'Proceso', '2024-05-03 10:31:00', 'Revisado', 28, NULL, NULL),
('IG000285', 'Proceso', '2024-05-03 10:30:00', 'Revisado', 27, NULL, NULL),
('IG000286', 'Proceso', '2024-05-03 10:39:00', 'Revisado', 28, NULL, NULL),
('IG000287', 'Proceso', '2024-05-03 10:52:00', 'Revisado', 29, NULL, NULL),
('IG000288', 'Proceso', '2024-05-03 10:51:00', 'Revisado', 29, NULL, NULL),
('IG000289', 'Proceso', '2024-05-03 10:55:00', 'Revisado', 30, NULL, NULL),
('IG000290', 'Proceso', '2024-05-03 10:49:00', 'Revisado', 29, NULL, NULL),
('IG000291', 'Proceso', '2024-05-03 11:18:00', 'Revisado', 31, NULL, NULL),

-- Lote de Producto 25
('IG000292', 'Proceso', '2024-08-05 08:31:00', 'Revisado', 27, NULL, NULL),
('IG000293', 'Proceso', '2024-08-05 08:29:00', 'Revisado', 28, NULL, NULL),
('IG000294', 'Proceso', '2024-08-05 08:50:00', 'Revisado', 29, NULL, NULL),
('IG000295', 'Proceso', '2024-08-05 08:54:00', 'Revisado', 29, NULL, NULL),
('IG000296', 'Proceso', '2024-08-05 09:17:00', 'Revisado', 32, NULL, NULL),

-- Lote de Producto 26
('IG000297', 'Proceso', '2024-08-05 08:35:00', 'Revisado', 28, NULL, NULL),
('IG000298', 'Proceso', '2024-08-05 08:36:00', 'Revisado', 27, NULL, NULL),
('IG000299', 'Proceso', '2024-08-05 08:38:00', 'Revisado', 28, NULL, NULL),
('IG000300', 'Proceso', '2024-08-05 08:30:00', 'Revisado', 27, NULL, NULL),
('IG000301', 'Proceso', '2024-08-05 08:51:00', 'Revisado', 30, NULL, NULL),
('IG000302', 'Proceso', '2024-08-05 08:53:00', 'Revisado', 29, NULL, NULL),
('IG000303', 'Proceso', '2024-08-05 08:54:00', 'Revisado', 30, NULL, NULL),
('IG000304', 'Proceso', '2024-08-05 08:58:00', 'Revisado', 29, NULL, NULL),
('IG000305', 'Proceso', '2024-08-05 09:15:00', 'Revisado', 31, NULL, NULL),

-- Lote de Producto 27
('IG000306', 'Proceso', '2024-05-20 09:30:00', 'Revisado', 28, NULL, NULL),
('IG000307', 'Proceso', '2024-05-20 09:34:00', 'Revisado', 27, NULL, NULL),
('IG000308', 'Proceso', '2024-05-20 09:28:00', 'Revisado', 28, NULL, NULL),
('IG000309', 'Proceso', '2024-05-20 09:52:00', 'Revisado', 29, NULL, NULL),
('IG000310', 'Proceso', '2024-05-20 09:53:00', 'Revisado', 30, NULL, NULL),
('IG000311', 'Proceso', '2024-05-20 09:55:00', 'Revisado', 29, NULL, NULL),
('IG000312', 'Proceso', '2024-05-20 10:19:00', 'Revisado', 32, NULL, NULL),

-- Lote de Producto 28
('IG000313', 'Proceso', '2024-05-20 09:39:00', 'Revisado', 27, NULL, NULL),
('IG000314', 'Proceso', '2024-05-20 09:31:00', 'Revisado', 28, NULL, NULL),
('IG000315', 'Proceso', '2024-05-20 09:34:00', 'Revisado', 27, NULL, NULL),
('IG000316', 'Proceso', '2024-05-20 09:30:00', 'Revisado', 28, NULL, NULL),
('IG000317', 'Proceso', '2024-05-20 09:58:00', 'Revisado', 30, NULL, NULL),
('IG000318', 'Proceso', '2024-05-20 09:55:00', 'Revisado', 29, NULL, NULL),
('IG000319', 'Proceso', '2024-05-20 09:58:00', 'Revisado', 30, NULL, NULL),
('IG000320', 'Proceso', '2024-05-20 09:52:00', 'Revisado', 29, NULL, NULL),
('IG000321', 'Proceso', '2024-05-20 10:17:00', 'Revisado', 32, NULL, NULL),

-- Lote de Producto 29
('IG000322', 'Proceso', '2024-06-18 08:32:00', 'Revisado', 40, NULL, NULL),
('IG000323', 'Proceso', '2024-06-18 08:29:00', 'Revisado', 41, NULL, NULL),
('IG000324', 'Proceso', '2024-06-18 08:35:00', 'Revisado', 37, NULL, NULL),
('IG000325', 'Proceso', '2024-06-18 08:57:00', 'Revisado', 38, NULL, NULL),
('IG000326', 'Proceso', '2024-06-18 08:48:00', 'Revisado', 39, NULL, NULL),
('IG000327', 'Proceso', '2024-06-18 08:50:00', 'Revisado', 40, NULL, NULL),
('IG000328', 'Proceso', '2024-06-18 09:20:00', 'Revisado', 41, NULL, NULL),

-- Lote de Producto 30
('IG000329', 'Proceso', '2024-06-18 08:31:00', 'Revisado', 28, NULL, NULL),
('IG000330', 'Proceso', '2024-06-18 08:29:00', 'Revisado', 27, NULL, NULL),
('IG000331', 'Proceso', '2024-06-18 08:29:00', 'Revisado', 28, NULL, NULL),
('IG000332', 'Proceso', '2024-06-18 08:38:00', 'Revisado', 27, NULL, NULL),
('IG000333', 'Proceso', '2024-06-18 08:56:00', 'Revisado', 29, NULL, NULL),
('IG000334', 'Proceso', '2024-06-18 08:50:00', 'Revisado', 30, NULL, NULL),
('IG000335', 'Proceso', '2024-06-18 08:53:00', 'Revisado', 29, NULL, NULL),
('IG000336', 'Proceso', '2024-06-18 08:55:00', 'Revisado', 30, NULL, NULL),
('IG000337', 'Proceso', '2024-06-18 09:16:00', 'Revisado', 32, NULL, NULL),

-- Lote de Producto 31
('IG000338', 'Proceso', '2024-06-19 08:26:00', 'Revisado', 27, NULL, NULL),
('IG000339', 'Proceso', '2024-06-19 08:55:00', 'Revisado', 30, NULL, NULL),
('IG000340', 'Proceso', '2024-06-19 09:13:00', 'Revisado', 32, NULL, NULL),

-- Lote de Producto 32
('IG000341', 'Proceso', '2024-06-23 10:34:00', 'Revisado', 28, NULL, NULL),
('IG000342', 'Proceso', '2024-06-23 10:32:00', 'Revisado', 28, NULL, NULL),
('IG000343', 'Proceso', '2024-06-23 10:57:00', 'Revisado', 30, NULL, NULL),
('IG000344', 'Proceso', '2024-06-23 10:56:00', 'Revisado', 29, NULL, NULL),
('IG000345', 'Proceso', '2024-06-23 11:12:00', 'Revisado', 32, NULL, NULL),

-- Lote de Producto 33
('IG000346', 'Proceso', '2024-06-23 10:30:00', 'Revisado', 28, NULL, NULL),
('IG000347', 'Proceso', '2024-06-23 10:30:00', 'Revisado', 27, NULL, NULL),
('IG000348', 'Proceso', '2024-06-23 10:33:00', 'Revisado', 28, NULL, NULL),
('IG000349', 'Proceso', '2024-06-23 10:39:00', 'Revisado', 28, NULL, NULL),
('IG000350', 'Proceso', '2024-06-23 10:49:00', 'Revisado', 30, NULL, NULL),
('IG000351', 'Proceso', '2024-06-23 10:53:00', 'Revisado', 29, NULL, NULL),
('IG000352', 'Proceso', '2024-06-23 10:49:00', 'Revisado', 30, NULL, NULL),
('IG000353', 'Proceso', '2024-06-23 10:59:00', 'Revisado', 29, NULL, NULL),
('IG000354', 'Proceso', '2024-06-23 11:12:00', 'Revisado', 32, NULL, NULL),

-- Lote de Producto 34
('IG000355', 'Proceso', '2024-07-15 09:29:00', 'Revisado', 27, NULL, NULL),
('IG000356', 'Proceso', '2024-07-15 09:30:00', 'Revisado', 28, NULL, NULL),
('IG000357', 'Proceso', '2024-07-15 09:48:00', 'Revisado', 29, NULL, NULL),
('IG000358', 'Proceso', '2024-07-15 09:47:00', 'Revisado', 30, NULL, NULL),
('IG000359', 'Proceso', '2024-07-15 10:21:00', 'Revisado', 32, NULL, NULL),

-- Lote de Producto 35
('IG000360', 'Proceso', '2024-07-15 09:30:00', 'Revisado', 27, NULL, NULL),
('IG000361', 'Proceso', '2024-07-15 09:29:00', 'Revisado', 28, NULL, NULL),
('IG000362', 'Proceso', '2024-07-15 09:38:00', 'Revisado', 27, NULL, NULL),
('IG000363', 'Proceso', '2024-07-15 09:34:00', 'Revisado', 28, NULL, NULL),
('IG000364', 'Proceso', '2024-07-15 09:58:00', 'Revisado', 30, NULL, NULL),
('IG000365', 'Proceso', '2024-07-15 09:49:00', 'Revisado', 29, NULL, NULL),
('IG000366', 'Proceso', '2024-07-15 09:55:00', 'Revisado', 30, NULL, NULL),
('IG000367', 'Proceso', '2024-07-15 09:58:00', 'Revisado', 29, NULL, NULL),
('IG000368', 'Proceso', '2024-07-15 10:12:00', 'Revisado', 31, NULL, NULL),

-- Lote de Producto 36
('IG000369', 'Proceso', '2024-07-15 09:29:00', 'Revisado', 27, NULL, NULL),
('IG000370', 'Proceso', '2024-07-15 09:31:00', 'Revisado', 28, NULL, NULL),
('IG000371', 'Proceso', '2024-07-15 09:48:00', 'Revisado', 29, NULL, NULL),
('IG000372', 'Proceso', '2024-07-15 09:50:00', 'Revisado', 30, NULL, NULL),
('IG000373', 'Proceso', '2024-07-15 10:18:00', 'Revisado', 31, NULL, NULL),

-- Lote de Producto 37
('IG000374', 'Proceso', '2024-07-15 09:38:00', 'Revisado', 27, NULL, NULL),
('IG000375', 'Proceso', '2024-07-15 09:34:00', 'Revisado', 28, NULL, NULL),
('IG000376', 'Proceso', '2024-07-15 09:37:00', 'Revisado', 27, NULL, NULL),
('IG000377', 'Proceso', '2024-07-15 09:31:00', 'Revisado', 28, NULL, NULL),
('IG000378', 'Proceso', '2024-07-15 09:51:00', 'Revisado', 30, NULL, NULL),
('IG000379', 'Proceso', '2024-07-15 09:51:00', 'Revisado', 29, NULL, NULL),
('IG000380', 'Proceso', '2024-07-15 09:55:00', 'Revisado', 30, NULL, NULL),
('IG000381', 'Proceso', '2024-07-15 09:58:00', 'Revisado', 29, NULL, NULL),
('IG000382', 'Proceso', '2024-07-15 10:16:00', 'Revisado', 32, NULL, NULL),

-- Lote de Producto 38
('IG000383', 'Proceso', '2024-03-08 08:31:00', 'Revisado', 27, NULL, NULL),
('IG000384', 'Proceso', '2024-03-08 08:32:00', 'Revisado', 27, NULL, NULL),
('IG000385', 'Proceso', '2024-03-08 08:50:00', 'Revisado', 30, NULL, NULL),
('IG000386', 'Proceso', '2024-03-08 08:49:00', 'Revisado', 29, NULL, NULL),
('IG000387', 'Proceso', '2024-03-08 09:14:00', 'Revisado', 32, NULL, NULL),

-- Lote de Producto 39
('IG000388', 'Proceso', '2024-03-08 08:29:00', 'Revisado', 27, NULL, NULL),
('IG000389', 'Proceso', '2024-03-08 08:29:00', 'Revisado', 28, NULL, NULL),
('IG000390', 'Proceso', '2024-03-08 08:37:00', 'Revisado', 27, NULL, NULL),
('IG000391', 'Proceso', '2024-03-08 08:39:00', 'Revisado', 28, NULL, NULL),
('IG000392', 'Proceso', '2024-03-08 08:59:00', 'Revisado', 29, NULL, NULL),
('IG000393', 'Proceso', '2024-03-08 08:51:00', 'Revisado', 30, NULL, NULL),
('IG000394', 'Proceso', '2024-03-08 08:51:00', 'Revisado', 29, NULL, NULL),
('IG000395', 'Proceso', '2024-03-08 08:49:00', 'Revisado', 30, NULL, NULL),
('IG000396', 'Proceso', '2024-03-08 09:19:00', 'Revisado', 32, NULL, NULL),

-- Lote de Producto 40
('IG000397', 'Proceso', '2024-03-08 08:34:00', 'Revisado', 27, NULL, NULL),
('IG000398', 'Proceso', '2024-03-08 08:29:00', 'Revisado', 28, NULL, NULL),
('IG000399', 'Proceso', '2024-03-08 08:47:00', 'Revisado', 29, NULL, NULL),
('IG000400', 'Proceso', '2024-03-08 08:54:00', 'Revisado', 30, NULL, NULL),
('IG000401', 'Proceso', '2024-03-08 09:16:00', 'Revisado', 31, NULL, NULL),

-- Lote de Producto 41
('IG000402', 'Proceso', '2024-03-08 08:33:00', 'Revisado', 27, NULL, NULL),
('IG000403', 'Proceso', '2024-03-08 08:38:00', 'Revisado', 28, NULL, NULL),
('IG000404', 'Proceso', '2024-03-08 08:33:00', 'Revisado', 27, NULL, NULL),
('IG000405', 'Proceso', '2024-03-08 08:36:00', 'Revisado', 28, NULL, NULL),
('IG000406', 'Proceso', '2024-03-08 08:57:00', 'Revisado', 30, NULL, NULL),
('IG000407', 'Proceso', '2024-03-08 08:58:00', 'Revisado', 29, NULL, NULL),
('IG000408', 'Proceso', '2024-03-08 08:57:00', 'Revisado', 30, NULL, NULL),
('IG000409', 'Proceso', '2024-03-08 08:53:00', 'Revisado', 29, NULL, NULL),
('IG000410', 'Proceso', '2024-03-08 09:21:00', 'Revisado', 32, NULL, NULL),

-- Lote de Producto 42
('IG000411', 'Proceso', '2024-04-08 08:36:00', 'Revisado', 27, NULL, NULL),
('IG000412', 'Proceso', '2024-04-08 08:33:00', 'Revisado', 28, NULL, NULL),
('IG000413', 'Proceso', '2024-04-08 08:55:00', 'Revisado', 30, NULL, NULL),
('IG000414', 'Proceso', '2024-04-08 09:13:00', 'Revisado', 31, NULL, NULL),

-- Lote de Producto 43
('IG000415', 'Proceso', '2024-05-08 08:32:00', 'Revisado', 28, NULL, NULL),
('IG000416', 'Proceso', '2024-05-08 08:51:00', 'Revisado', 29, NULL, NULL),
('IG000417', 'Proceso', '2024-05-08 09:08:00', 'Revisado', 31, NULL, NULL),

-- Lote de Producto 44
('IG000418', 'Proceso', '2024-04-08 08:35:00', 'Revisado', 27, NULL, NULL),
('IG000419', 'Proceso', '2024-04-08 08:29:00', 'Revisado', 28, NULL, NULL),
('IG000420', 'Proceso', '2024-04-08 08:29:00', 'Revisado', 27, NULL, NULL),
('IG000421', 'Proceso', '2024-04-08 08:39:00', 'Revisado', 28, NULL, NULL),
('IG000422', 'Proceso', '2024-04-08 08:56:00', 'Revisado', 30, NULL, NULL),
('IG000423', 'Proceso', '2024-04-08 08:56:00', 'Revisado', 29, NULL, NULL),
('IG000424', 'Proceso', '2024-04-08 08:53:00', 'Revisado', 30, NULL, NULL),
('IG000425', 'Proceso', '2024-04-08 08:55:00', 'Revisado', 29, NULL, NULL),
('IG000426', 'Proceso', '2024-04-08 09:13:00', 'Revisado', 31, NULL, NULL),

-- Lote de Producto 45
('IG000427', 'Proceso', '2024-07-09 10:27:00', 'Revisado', 27, NULL, NULL),
('IG000428', 'Proceso', '2024-07-09 10:27:00', 'Revisado', 28, NULL, NULL),
('IG000429', 'Proceso', '2024-07-09 10:46:00', 'Revisado', 29, NULL, NULL),
('IG000430', 'Proceso', '2024-07-09 10:50:00', 'Revisado', 30, NULL, NULL),
('IG000431', 'Proceso', '2024-07-09 11:18:00', 'Revisado', 31, NULL, NULL),

-- Lote de Producto 46
('IG000432', 'Proceso', '2024-07-09 10:33:00', 'Revisado', 27, NULL, NULL),
('IG000433', 'Proceso', '2024-07-09 10:35:00', 'Revisado', 28, NULL, NULL),
('IG000434', 'Proceso', '2024-07-09 10:32:00', 'Revisado', 27, NULL, NULL),
('IG000435', 'Proceso', '2024-07-09 10:31:00', 'Revisado', 28, NULL, NULL),
('IG000436', 'Proceso', '2024-07-09 10:55:00', 'Revisado', 29, NULL, NULL),
('IG000437', 'Proceso', '2024-07-09 10:51:00', 'Revisado', 30, NULL, NULL),
('IG000438', 'Proceso', '2024-07-09 10:51:00', 'Revisado', 29, NULL, NULL),
('IG000439', 'Proceso', '2024-07-09 10:58:00', 'Revisado', 30, NULL, NULL),
('IG000440', 'Proceso', '2024-07-09 11:16:00', 'Revisado', 31, NULL, NULL),

-- Lote de Producto 47
('IG000441', 'Proceso', '2024-07-09 10:29:00', 'Revisado', 27, NULL, NULL),
('IG000442', 'Proceso', '2024-07-09 10:32:00', 'Revisado', 28, NULL, NULL),
('IG000443', 'Proceso', '2024-07-09 10:28:00', 'Revisado', 27, NULL, NULL),
('IG000444', 'Proceso', '2024-07-09 10:55:00', 'Revisado', 29, NULL, NULL),
('IG000445', 'Proceso', '2024-07-09 10:57:00', 'Revisado', 30, NULL, NULL),
('IG000446', 'Proceso', '2024-07-09 10:52:00', 'Revisado', 29, NULL, NULL),
('IG000447', 'Proceso', '2024-07-09 11:14:00', 'Revisado', 32, NULL, NULL),

-- Lote de Producto 48
('IG000448', 'Proceso', '2024-07-09 10:38:00', 'Revisado', 27, NULL, NULL),
('IG000449', 'Proceso', '2024-07-09 10:35:00', 'Revisado', 28, NULL, NULL),
('IG000450', 'Proceso', '2024-07-09 10:33:00', 'Revisado', 27, NULL, NULL),
('IG000451', 'Proceso', '2024-07-09 10:35:00', 'Revisado', 28, NULL, NULL),
('IG000452', 'Proceso', '2024-07-09 10:56:00', 'Revisado', 29, NULL, NULL),
('IG000453', 'Proceso', '2024-07-09 10:57:00', 'Revisado', 30, NULL, NULL),
('IG000454', 'Proceso', '2024-07-09 10:51:00', 'Revisado', 29, NULL, NULL),
('IG000455', 'Proceso', '2024-07-09 10:59:00', 'Revisado', 30, NULL, NULL),
('IG000456', 'Proceso', '2024-07-09 11:12:00', 'Revisado', 31, NULL, NULL),

-- Lote de Producto 49
('IG000457', 'Proceso', '2024-06-11 09:33:00', 'Revisado', 27, NULL, NULL),
('IG000458', 'Proceso', '2024-06-11 09:26:00', 'Revisado', 28, NULL, NULL),
('IG000459', 'Proceso', '2024-06-11 09:47:00', 'Revisado', 29, NULL, NULL),
('IG000460', 'Proceso', '2024-06-11 09:48:00', 'Revisado', 30, NULL, NULL),
('IG000461', 'Proceso', '2024-06-11 10:17:00', 'Revisado', 31, NULL, NULL),

-- Lote de Producto 50
('IG000462', 'Proceso', '2024-06-11 09:34:00', 'Revisado', 27, NULL, NULL),
('IG000463', 'Proceso', '2024-06-11 09:32:00', 'Revisado', 28, NULL, NULL),
('IG000464', 'Proceso', '2024-06-11 09:35:00', 'Revisado', 27, NULL, NULL),
('IG000465', 'Proceso', '2024-06-11 09:56:00', 'Revisado', 28, NULL, NULL),
('IG000466', 'Proceso', '2024-06-11 09:58:00', 'Revisado', 29, NULL, NULL),
('IG000467', 'Proceso', '2024-06-11 10:12:00', 'Revisado', 30, NULL, NULL),

-- Lote de Producto 51
('IG000468', 'Proceso', '2024-07-11 09:29:00', 'Revisado', 28, NULL, NULL),
('IG000469', 'Proceso', '2024-07-11 09:54:00', 'Revisado', 30, NULL, NULL),
('IG000470', 'Proceso', '2024-07-11 10:11:00', 'Revisado', 32, NULL, NULL),

-- Lote de Producto 52
('IG000471', 'Proceso', '2024-09-12 10:26:00', 'Revisado', 27, NULL, NULL),
('IG000472', 'Proceso', '2024-09-12 10:35:00', 'Revisado', 28, NULL, NULL),
('IG000473', 'Proceso', '2024-09-12 10:52:00', 'Revisado', 29, NULL, NULL),
('IG000474', 'Proceso', '2024-09-12 10:55:00', 'Revisado', 30, NULL, NULL),
('IG000475', 'Proceso', '2024-09-12 11:17:00', 'Revisado', 31, NULL, NULL),

-- Lote de Producto 53
('IG000476', 'Proceso', '2024-09-12 10:30:00', 'Revisado', 39, NULL, NULL),
('IG000477', 'Proceso', '2024-09-12 10:35:00', 'Revisado', 40, NULL, NULL),
('IG000478', 'Proceso', '2024-09-12 10:38:00', 'Revisado', 41, NULL, NULL),
('IG000479', 'Proceso', '2024-09-12 10:31:00', 'Revisado', 37, NULL, NULL),
('IG000480', 'Proceso', '2024-09-12 10:59:00', 'Revisado', 38, NULL, NULL),
('IG000481', 'Proceso', '2024-09-12 10:51:00', 'Revisado', 39, NULL, NULL),
('IG000482', 'Proceso', '2024-09-12 10:58:00', 'Revisado', 40, NULL, NULL),
('IG000483', 'Proceso', '2024-09-12 10:56:00', 'Revisado', 41, NULL, NULL),
('IG000484', 'Proceso', '2024-09-12 11:20:00', 'Revisado', 37, NULL, NULL),

-- Lote de Producto 54
('IG000485', 'Proceso', '2024-10-12 08:29:00', 'Revisado', 27, NULL, NULL),
('IG000486', 'Proceso', '2024-10-12 08:33:00', 'Revisado', 28, NULL, NULL),
('IG000487', 'Proceso', '2024-10-12 08:36:00', 'Revisado', 27, NULL, NULL),
('IG000488', 'Proceso', '2024-10-12 08:52:00', 'Revisado', 29, NULL, NULL),
('IG000489', 'Proceso', '2024-10-12 08:52:00', 'Revisado', 30, NULL, NULL),
('IG000490', 'Proceso', '2024-10-12 08:51:00', 'Revisado', 29, NULL, NULL),
('IG000491', 'Proceso', '2024-10-12 09:12:00', 'Revisado', 31, NULL, NULL),

-- Lote de Producto 55
('IG000492', 'Proceso', '2024-10-12 08:35:00', 'Revisado', 27, NULL, NULL),
('IG000493', 'Proceso', '2024-10-12 08:29:00', 'Revisado', 28, NULL, NULL),
('IG000494', 'Proceso', '2024-10-12 08:36:00', 'Revisado', 27, NULL, NULL),
('IG000495', 'Proceso', '2024-10-12 08:38:00', 'Revisado', 28, NULL, NULL),
('IG000496', 'Proceso', '2024-10-12 08:58:00', 'Revisado', 29, NULL, NULL),
('IG000497', 'Proceso', '2024-10-12 08:50:00', 'Revisado', 30, NULL, NULL),
('IG000498', 'Proceso', '2024-10-12 08:50:00', 'Revisado', 29, NULL, NULL),
('IG000499', 'Proceso', '2024-10-12 08:57:00', 'Revisado', 30, NULL, NULL),
('IG000500', 'Proceso', '2024-10-12 09:14:00', 'Revisado', 32, NULL, NULL),

-- Lote de Producto 56
('IG000501', 'Proceso', '2024-10-12 08:31:00', 'Revisado', 27, NULL, NULL),
('IG000502', 'Proceso', '2024-10-12 08:35:00', 'Revisado', 28, NULL, NULL),
('IG000503', 'Proceso', '2024-10-12 08:35:00', 'Revisado', 27, NULL, NULL),
('IG000504', 'Proceso', '2024-10-12 08:31:00', 'Revisado', 28, NULL, NULL),
('IG000505', 'Proceso', '2024-10-12 08:57:00', 'Revisado', 29, NULL, NULL),
('IG000506', 'Proceso', '2024-10-12 08:51:00', 'Revisado', 30, NULL, NULL),
('IG000507', 'Proceso', '2024-10-12 08:58:00', 'Revisado', 29, NULL, NULL),
('IG000508', 'Proceso', '2024-10-12 08:56:00', 'Revisado', 30, NULL, NULL),
('IG000509', 'Proceso', '2024-10-12 09:18:00', 'Revisado', 31, NULL, NULL),

-- Lote de Producto 57
('IG000510', 'Proceso', '2024-10-12 08:30:00', 'Revisado', 28, NULL, NULL),
('IG000511', 'Proceso', '2024-10-12 08:37:00', 'Revisado', 27, NULL, NULL),
('IG000512', 'Proceso', '2024-10-12 08:36:00', 'Revisado', 28, NULL, NULL),
('IG000513', 'Proceso', '2024-10-12 08:38:00', 'Revisado', 27, NULL, NULL),
('IG000514', 'Proceso', '2024-10-12 08:53:00', 'Revisado', 29, NULL, NULL),
('IG000515', 'Proceso', '2024-10-12 08:55:00', 'Revisado', 30, NULL, NULL),
('IG000516', 'Proceso', '2024-10-12 08:59:00', 'Revisado', 29, NULL, NULL),
('IG000517', 'Proceso', '2024-10-12 08:52:00', 'Revisado', 30, NULL, NULL),
('IG000518', 'Proceso', '2024-10-12 09:11:00', 'Revisado', 32, NULL, NULL),


('IG000519', 'Envasado', '2024-01-07 09:26:58', 'Revisado', 34, NULL, NULL),
('IG000520', 'Envasado', '2024-01-07 09:38:10', 'Revisado', 34, NULL, NULL),
('IG000521', 'Envasado', '2024-01-07 09:22:58', 'Revisado', 34, NULL, NULL),
('IG000522', 'Envasado', '2024-01-07 09:26:58', 'Revisado', 33, NULL, NULL),
('IG000523', 'Envasado', '2024-01-07 09:50:58', 'Revisado', 33, NULL, NULL),
('IG000524', 'Envasado', '2024-01-07 09:45:22', 'Revisado', 34, NULL, NULL),
('IG000525', 'Envasado', '2024-01-07 09:56:46', 'Revisado', 34, NULL, NULL),
('IG000526', 'Envasado', '2024-01-07 09:55:22', 'Revisado', 34, NULL, NULL),
('IG000527', 'Envasado', '2024-01-14 11:25:35', 'Revisado', 33, NULL, NULL),
('IG000528', 'Envasado', '2024-01-14 11:27:35', 'Revisado', 34, NULL, NULL),
('IG000529', 'Envasado', '2024-01-15 11:22:34', 'Revisado', 33, NULL, NULL),
('IG000530', 'Envasado', '2024-01-14 11:30:35', 'Revisado', 33, NULL, NULL),
('IG000531', 'Envasado', '2024-01-14 11:43:17', 'Revisado', 34, NULL, NULL),
('IG000532', 'Envasado', '2024-01-21 09:22:02', 'Revisado', 33, NULL, NULL),
('IG000533', 'Envasado', '2024-01-21 09:29:02', 'Revisado', 34, NULL, NULL),
('IG000534', 'Envasado', '2024-01-21 09:21:02', 'Revisado', 33, NULL, NULL),
('IG000535', 'Envasado', '2024-01-21 09:34:02', 'Revisado', 34, NULL, NULL),
('IG000536', 'Envasado', '2024-01-22 09:20:02', 'Revisado', 34, NULL, NULL),
('IG000537', 'Envasado', '2024-01-22 09:39:02', 'Revisado', 34, NULL, NULL),
('IG000538', 'Envasado', '2024-01-23 09:29:02', 'Revisado', 33, NULL, NULL),
('IG000539', 'Envasado', '2024-01-23 09:31:02', 'Revisado', 33, NULL, NULL),
('IG000540', 'Envasado', '2024-01-24 09:24:02', 'Revisado', 34, NULL, NULL),
('IG000541', 'Envasado', '2024-01-24 09:37:02', 'Revisado', 34, NULL, NULL),
('IG000542', 'Envasado', '2024-01-25 09:19:02', 'Revisado', 34, NULL, NULL),
('IG000543', 'Envasado', '2024-01-25 09:35:02', 'Revisado', 34, NULL, NULL),
('IG000544', 'Envasado', '2024-01-26 09:23:02', 'Revisado', 33, NULL, NULL),
('IG000545', 'Envasado', '2024-01-26 09:34:02', 'Revisado', 34, NULL, NULL),
('IG000546', 'Envasado', '2024-01-27 09:26:02', 'Revisado', 34, NULL, NULL),
('IG000547', 'Envasado', '2024-01-27 09:30:02', 'Revisado', 33, NULL, NULL),
('IG000548', 'Envasado', '2024-01-28 09:26:02', 'Revisado', 34, NULL, NULL),
('IG000549', 'Envasado', '2024-01-28 09:34:02', 'Revisado', 34, NULL, NULL),
('IG000550', 'Envasado', '2024-01-29 09:20:02', 'Revisado', 33, NULL, NULL),
('IG000551', 'Envasado', '2024-01-29 09:33:02', 'Revisado', 34, NULL, NULL),
('IG000552', 'Envasado', '2024-01-30 09:24:02', 'Revisado', 34, NULL, NULL),
('IG000553', 'Envasado', '2024-01-30 09:29:02', 'Revisado', 34, NULL, NULL),
('IG000554', 'Envasado', '2024-01-31 09:23:02', 'Revisado', 33, NULL, NULL),
('IG000555', 'Envasado', '2024-01-31 09:37:02', 'Revisado', 33, NULL, NULL),
('IG000556', 'Envasado', '2024-02-01 09:19:02', 'Revisado', 34, NULL, NULL),
('IG000557', 'Envasado', '2024-02-01 09:33:02', 'Revisado', 33, NULL, NULL),
('IG000558', 'Envasado', '2024-02-02 09:23:02', 'Revisado', 34, NULL, NULL),
('IG000559', 'Envasado', '2024-02-02 09:34:02', 'Revisado', 34, NULL, NULL),
('IG000560', 'Envasado', '2024-02-03 09:26:02', 'Revisado', 33, NULL, NULL),
('IG000561', 'Envasado', '2024-02-03 09:38:02', 'Revisado', 33, NULL, NULL),
('IG000562', 'Envasado', '2024-02-04 09:28:02', 'Revisado', 34, NULL, NULL),
('IG000563', 'Envasado', '2024-02-04 09:29:02', 'Revisado', 34, NULL, NULL),
('IG000564', 'Envasado', '2024-02-05 09:22:02', 'Revisado', 34, NULL, NULL),
('IG000565', 'Envasado', '2024-02-05 09:37:02', 'Revisado', 33, NULL, NULL),
('IG000566', 'Envasado', '2024-02-06 09:25:02', 'Revisado', 34, NULL, NULL),
('IG000567', 'Envasado', '2024-02-06 09:35:02', 'Revisado', 34, NULL, NULL),
('IG000568', 'Envasado', '2024-02-07 09:24:02', 'Revisado', 34, NULL, NULL),
('IG000569', 'Envasado', '2024-02-07 09:29:02', 'Revisado', 33, NULL, NULL),
('IG000570', 'Envasado', '2024-02-08 09:22:02', 'Revisado', 33, NULL, NULL),
('IG000571', 'Envasado', '2024-02-08 09:29:02', 'Revisado', 33, NULL, NULL),
('IG000572', 'Envasado', '2024-02-09 09:24:02', 'Revisado', 33, NULL, NULL),
('IG000573', 'Envasado', '2024-02-09 09:34:02', 'Revisado', 33, NULL, NULL),
('IG000574', 'Envasado', '2024-02-10 09:23:02', 'Revisado', 34, NULL, NULL),
('IG000575', 'Envasado', '2024-02-10 09:32:02', 'Revisado', 33, NULL, NULL),


('IG000576', 'Picking', '2025-05-26 09:08:00', 'Revisado', 35, NULL, NULL),
('IG000577', 'Picking', '2025-05-25 09:24:00', 'Revisado', 36, NULL, NULL),
('IG000578', 'Picking', '2025-05-24 09:14:00', 'Revisado', 36, NULL, NULL),
('IG000579', 'Picking', '2025-05-23 09:19:00', 'Revisado', 35, NULL, NULL),
('IG000580', 'Picking', '2025-05-22 09:06:00', 'Revisado', 35, NULL, NULL),
('IG000581', 'Picking', '2025-05-21 09:05:00', 'Revisado', 36, NULL, NULL),
('IG000582', 'Picking', '2025-05-20 09:15:00', 'Revisado', 35, NULL, NULL),
('IG000583', 'Picking', '2025-05-19 09:21:00', 'Revisado', 35, NULL, NULL),
('IG000584', 'Picking', '2025-05-18 09:18:00', 'Revisado', 35, NULL, NULL),
('IG000585', 'Picking', '2025-05-17 09:17:00', 'Revisado', 36, NULL, NULL),
('IG000586', 'Picking', '2025-05-16 09:21:00', 'Revisado', 35, NULL, NULL),
('IG000587', 'Picking', '2025-05-15 09:20:00', 'Revisado', 35, NULL, NULL),
('IG000588', 'Picking', '2025-05-14 09:05:00', 'Revisado', 36, NULL, NULL),
('IG000589', 'Picking', '2025-05-13 09:18:00', 'Revisado', 35, NULL, NULL),
('IG000590', 'Picking', '2025-05-12 09:24:00', 'Revisado', 36, NULL, NULL),
('IG000591', 'Picking', '2025-05-11 09:13:00', 'Revisado', 35, NULL, NULL),
('IG000592', 'Picking', '2025-05-10 09:22:00', 'Revisado', 36, NULL, NULL),
('IG000593', 'Picking', '2025-05-09 09:05:00', 'Revisado', 36, NULL, NULL),
('IG000594', 'Picking', '2025-05-08 09:11:00', 'Revisado', 35, NULL, NULL),
('IG000595', 'Picking', '2025-05-07 09:11:00', 'Revisado', 35, NULL, NULL),
('IG000596', 'Picking', '2025-05-06 09:17:00', 'Revisado', 35, NULL, NULL),
('IG000597', 'Picking', '2025-05-05 09:05:00', 'Revisado', 35, NULL, NULL),
('IG000598', 'Picking', '2025-05-04 09:25:00', 'Revisado', 35, NULL, NULL),
('IG000599', 'Picking', '2025-05-03 09:15:00', 'Revisado', 35, NULL, NULL),
('IG000600', 'Picking', '2025-05-02 09:18:00', 'Revisado', 36, NULL, NULL),
('IG000601', 'Picking', '2025-05-01 09:16:00', 'Revisado', 36, NULL, NULL),

---------------------------------------------------------------------------
-- Lote de Insumo
('IG000602', 'Lote de Insumo', NULL, 'Pendiente', NULL, NULL, NULL),
('IG000603', 'Lote de Insumo', NULL, 'Pendiente', NULL, NULL, NULL),
('IG000604', 'Lote de Insumo', NULL, 'Pendiente', NULL, NULL, NULL),
('IG000605', 'Lote de Insumo', NULL, 'Pendiente', NULL, NULL, NULL),
('IG000606', 'Lote de Insumo', NULL, 'Pendiente', NULL, NULL, NULL),
('IG000607', 'Lote de Insumo', NULL, 'Pendiente', NULL, NULL, NULL),

-- Lote de Producto 58
('IG000608', 'Proceso', NULL, 'Revisado', NULL, NULL, NULL),
('IG000609', 'Proceso', NULL, 'Revisado', NULL, NULL, NULL),
('IG000610', 'Proceso', NULL, 'Pendiente', NULL, NULL, NULL),

-- Lote de Producto 59
('IG000611', 'Proceso', NULL, 'Pendiente', NULL, NULL, NULL),
('IG000612', 'Proceso', NULL, 'Pendiente', NULL, NULL, NULL),
('IG000613', 'Proceso', NULL, 'Pendiente', NULL, NULL, NULL),
('IG000614', 'Proceso', NULL, 'Pendiente', NULL, NULL, NULL),

-- Lote de Producto 60
('IG000615', 'Proceso', NULL, 'Revisado', NULL, NULL, NULL),
('IG000616', 'Proceso', NULL, 'Pendiente', NULL, NULL, NULL),
('IG000617', 'Proceso', NULL, 'Pendiente', NULL, NULL, NULL),
('IG000618', 'Proceso', NULL, 'Pendiente', NULL, NULL, NULL),

-- Lote de Producto 61
('IG000619', 'Proceso', NULL, 'Revisado', NULL, NULL, NULL),
('IG000620', 'Proceso', NULL, 'Revisado', NULL, NULL, NULL),
('IG000621', 'Proceso', NULL, 'Revisado', NULL, NULL, NULL),
('IG000622', 'Proceso', NULL, 'Pendiente', NULL, NULL, NULL),

-- Lote de Producto 62
('IG000623', 'Proceso', NULL, 'Revisado', NULL, NULL, NULL),
('IG000624', 'Proceso', NULL, 'Revisado', NULL, NULL, NULL),
('IG000625', 'Proceso', NULL, 'Revisado', NULL, NULL, NULL),
('IG000626', 'Proceso', NULL, 'Revisado', NULL, NULL, NULL),

('IG000627', 'Envasado', NULL, 'Pendiente', NULL, NULL, NULL),
('IG000628', 'Envasado', NULL, 'Pendiente', NULL, NULL, NULL);

-- Sincroniza la secuencia de codigos de inspección con el último valor cargado
-- Esta llamada es necesaria cada vez que se carguen datos manualmente
SELECT setval('seq_codigo_inspeccion',
              COALESCE((SELECT MAX(SUBSTRING(codigo,3)::int)
                        FROM InspeccionesGenerales) + 1, 1), false);

INSERT INTO LotesInsumo (codigo, cantidad_recibida, cantidad_disponible, fecha_vencimiento, estado_lote_insumo, id_insumo, id_compra, id_recepcion, id_ubicacion, fecha_hora_ingreso_lab) VALUES
('LI000001', 200, 0, '2024-07-09', 'Aprobado', 1, 1, 1, 1, '2024-01-10 15:47:00'),
('LI000002', 180, 0, '2024-07-10', 'Aprobado', 2, 1, 1, 2, '2024-01-10 15:47:00'),
('LI000003', 30, 0, '2024-04-12', 'Aprobado', 6, 2, 2, 3, '2024-01-10 12:55:00'),
('LI000004', 15, 0, '2024-04-13', 'Aprobado', 8, 2, 2, 4, '2024-01-10 12:55:00'),
('LI000005', 500, 0, '2024-02-13', 'Aprobado', 11, 3, 3, 5, '2024-01-11 11:08:00'),
('LI000006', 100, 0, '2024-02-14', 'Aprobado', 14, 4, 4, 6, '2024-01-11 15:49:00'),
('LI000007', 20, 0, '2024-04-18', 'Aprobado', 5, 5, 5, 9, '2024-01-24 16:55:00'),
('LI000008', 25, 0, '2024-02-18', 'Aprobado', 7, 5, 5, 10, '2024-01-24 16:55:00'),
('LI000009', 300, 0, '2024-07-19', 'Aprobado', 13, 6, 6, 11, '2024-01-24 12:41:00'),
('LI000010', 1800, 0, '2024-04-21', 'Aprobado', 1, 7, 7, 12, '2024-02-06 13:12:00'),
('LI000011', 160, 0, '2024-02-21', 'Aprobado', 2, 7, 7, 13, '2024-02-06 13:12:00'),
('LI000012', 15, 0, '2024-04-23', 'Aprobado', 5, 8, 8, 14, '2024-02-07 14:35:00'),
('LI000013', 400, 0, '2024-07-23', 'Aprobado', 11, 9, 9, 15, '2024-02-08 15:37:00'),
('LI000014', 250, 0, '2024-07-24', 'Aprobado', 13, 10, 10, 16, '2024-02-07 16:55:00'),
('LI000015', 180, 0, '2024-04-26', 'Rechazado', 1, 11, 11, 17, '2024-02-21 15:39:00'),
('LI000016', 160, 0, '2024-04-27', 'Rechazado', 2, 11, 11, 18, '2024-02-21 15:39:00'),
('LI000017', 12, 0, '2024-02-27', 'Rechazado', 9, 12, 12, 19, '2024-02-21 16:55:00'),
('LI000018', 15, 0, '2024-02-28', 'Aprobado', 5, 13, 13, 20, '2024-02-21 12:55:00'),
('LI000019', 400, 0, '2024-07-29', 'Rechazado', 11, 14, 14, 21, '2024-02-22 12:31:00'),
('LI000020', 250, 0, '2024-05-01', 'Aprobado', 13, 15, 15, 22, '2024-02-22 15:05:00'),
('LI000021', 100, 0, '2024-05-02', 'Aprobado', 3, 16, 16, 23, '2024-03-06 13:51:00'),
('LI000022', 80, 0, '2024-05-04', 'Aprobado', 4, 16, 16, 24, '2024-03-06 13:51:00'),
('LI000023', 20, 0, '2024-08-02', 'Rechazado', 8, 17, 17, 25, '2024-03-06 15:53:00'),
('LI000024', 30, 0, '2024-05-05', 'Aprobado', 7, 18, 18, 26, '2024-03-06 11:20:00'),
('LI000025', 70, 0, '2024-07-07', 'Rechazado', 14, 19, 19, 27, '2024-03-06 16:39:00'),
('LI000026', 220, 0, '2024-05-07', 'Aprobado', 1, 20, 20, 28, '2024-03-21 18:28:00'),
('LI000027', 200, 0, '2024-08-06', 'Aprobado', 2, 21, 21, 29, '2024-03-20 16:25:00'),
('LI000028', 35, 0, '2024-08-07', 'Aprobado', 6, 21, 21, 30, '2024-03-20 16:25:00'),
('LI000029', 15, 0, '2024-05-10', 'Aprobado', 10, 22, 22, 31, '2024-03-21 16:45:00'),
('LI000030', 450, 0, '2024-05-11', 'Aprobado', 11, 23, 23, 32, '2024-03-20 13:47:00'),
('LI000031', 280, 0, '2024-03-13', 'Aprobado', 13, 24, 24, 33, '2024-03-22 12:27:00'),
('LI000032', 170, 0, '2024-03-14', 'Aprobado', 1, 25, 25, 34, '2024-04-09 16:25:00'),
('LI000033', 130, 0, '2024-08-12', 'Aprobado', 3, 26, 26, 35, '2024-04-10 17:55:00'),
('LI000034', 40, 0, '2024-05-15', 'Aprobado', 7, 26, 26, 36, '2024-04-10 17:55:00'),
('LI000035', 18, 0, '2024-05-16', 'Aprobado', 9, 27, 27, 37, '2024-04-10 13:47:00'),
('LI000036', 150, 0, '2024-03-18', 'Aprobado', 12, 28, 28, 38, '2024-04-09 14:53:00'),
('LI000037', 60, 0, '2024-08-16', 'Aprobado', 14, 29, 29, 39, '2024-04-09 17:10:00'),
('LI000038', 180, 0, '2024-05-19', 'Rechazado', 2, 30, 30, 1, '2024-04-20 18:31:00'),
('LI000039', 90, 0, '2024-03-21', 'Rechazado', 4, 30, 30, 2, '2024-04-20 18:31:00'),
('LI000040', 25, 0, '2024-05-21', 'Aprobado', 5, 31, 31, 3, '2024-04-21 11:37:00'),
('LI000041', 420, 0, '2024-08-20', 'Aprobado', 11, 33, 33, 4, '2024-04-21 16:59:00'),
('LI000042', 160, 0, '2024-08-21', 'Aprobado', 1, 32, 32, 5, '2024-05-08 15:28:00'),
('LI000043', 140, 0, '2024-05-24', 'Rechazado', 2, 34, 34, 6, '2024-05-08 15:28:00'),
('LI000044', 180, 0, '2024-05-25', 'Aprobado', 12, 35, 35, 7, '2024-05-07 15:54:00'),
('LI000045', 90, 0, '2024-03-27', 'Rechazado', 14, 36, 36, 8, '2024-05-08 17:18:00'),
('LI000046', 110, 0, '2024-03-28', 'Rechazado', 3, 37, 37, 9, '2024-05-26 12:49:00'),
('LI000047', 70, 0, '2024-08-26', 'Aprobado', 4, 37, 37, 10, '2024-05-26 12:49:00'),
('LI000048', 30, 0, '2024-05-29', 'Aprobado', 7, 38, 38, 11, '2024-05-26 17:35:00'),
('LI000049', 35, 0, '2024-05-30', 'Aprobado', 6, 39, 39, 12, '2024-05-25 14:19:00'),
('LI000050', 400, 0, '2024-04-01', 'Aprobado', 11, 40, 40, 13, '2024-05-25 13:41:00'),
('LI000051', 250, 0, '2024-08-30', 'Aprobado', 13, 41, 41, 14, '2024-05-25 12:57:00'),
('LI000052', 200, 0, '2024-06-02', 'Aprobado', 1, 42, 42, 15, '2024-06-10 13:18:00'),
('LI000053', 170, 0, '2024-04-04', 'Aprobado', 2, 42, 42, 16, '2024-06-10 13:18:00'),
('LI000054', 15, 0, '2024-06-04', 'Aprobado', 9, 43, 43, 17, '2024-06-10 15:17:00'),
('LI000055', 18, 0, '2024-09-03', 'Rechazado', 5, 44, 44, 18, '2024-06-09 16:29:00'),
('LI000056', 190, 0, '2024-09-04', 'Aprobado', 12, 45, 45, 19, '2024-06-09 15:05:00'),
('LI000057', 100, 0, '2024-06-07', 'Aprobado', 14, 46, 46, 20, '2024-06-10 13:57:00'),
('LI000058', 190, 0, '2024-06-08', 'Rechazado', 1, 47, 47, 21, '2024-06-26 13:49:00'),
('LI000059', 180, 0, '2024-04-10', 'Aprobado', 2, 47, 47, 22, '2024-06-26 13:49:00'),
('LI000060', 38, 0, '2024-04-11', 'Aprobado', 6, 48, 48, 23, '2024-06-26 14:46:00'),
('LI000061', 12, 0, '2024-09-09', 'Aprobado', 10, 49, 49, 24, '2024-06-27 15:39:00'),
('LI000062', 410, 0, '2024-06-12', 'Aprobado', 11, 50, 50, 25, '2024-06-26 18:54:00'),
('LI000063', 270, 0, '2024-06-13', 'Aprobado', 13, 51, 51, 26, '2024-06-26 11:35:00'),
('LI000064', 210, 0, '2024-04-15', 'Aprobado', 1, 52, 52, 27, '2024-07-10 15:17:00'),
('LI000065', 190, 0, '2024-09-13', 'Rechazado', 2, 52, 52, 28, '2024-07-10 15:17:00'),
('LI000066', 32, 0, '2024-06-16', 'Aprobado', 6, 53, 53, 29, '2024-07-10 12:55:00'),
('LI000067', 18, 0, '2024-04-18', 'Aprobado', 8, 54, 54, 30, '2024-07-11 11:01:00'),
('LI000068', 480, 0, '2024-06-18', 'Aprobado', 11, 55, 55, 31, '2024-07-11 14:41:00'),
('LI000069', 110, 0, '2024-09-17', 'Aprobado', 14, 56, 56, 32, '2024-07-10 12:55:00'),
('LI000070', 120, 0, '2024-09-18', 'Aprobado', 3, 57, 57, 33, '2024-07-24 16:18:00'),
('LI000071', 90, 0, '2024-06-21', 'Rechazado', 4, 57, 57, 34, '2024-07-24 16:18:00'),
('LI000072', 25, 0, '2024-06-22', 'Aprobado', 5, 58, 58, 35, '2024-07-24 12:39:00'),
('LI000073', 28, 0, '2024-04-24', 'Aprobado', 7, 58, 58, 36, '2024-07-24 12:39:00'),
('LI000074', 270, 0, '2024-04-25', 'Rechazado', 13, 59, 59, 37, '2024-07-24 13:19:00'),
('LI000075', 180, 0, '2024-09-23', 'Aprobado', 1, 60, 60, 38, '2024-08-07 14:19:00'),
('LI000076', 160, 0, '2024-06-26', 'Aprobado', 2, 60, 60, 39, '2024-08-07 14:19:00'),
('LI000077', 40, 0, '2024-06-27', 'Aprobado', 6, 61, 61, 1, '2024-08-06 16:18:00'),
('LI000078', 12, 0, '2024-04-29', 'Aprobado', 10, 62, 62, 2, '2024-08-08 15:37:00'),
('LI000079', 220, 0, '2024-09-27', 'Rechazado', 12, 63, 63, 3, '2024-08-07 17:25:00'),
('LI000080', 95, 0, '2024-06-30', 'Aprobado', 14, 64, 64, 4, '2024-08-07 15:38:00'),
('LI000081', 200, 0, '2024-05-02', 'Aprobado', 1, 65, 65, 5, '2024-08-23 16:47:00'),
('LI000082', 150, 0, '2024-07-02', 'Aprobado', 2, 65, 65, 6, '2024-08-23 16:47:00'),
('LI000083', 14, 0, '2024-10-01', 'Aprobado', 9, 66, 66, 7, '2024-08-23 11:40:00'),
('LI000084', 20, 0, '2024-10-02', 'Aprobado', 5, 67, 67, 8, '2024-08-22 12:18:00'),
('LI000085', 440, 0, '2024-07-05', 'Rechazado', 11, 68, 68, 9, '2024-08-22 15:05:00'),
('LI000086', 290, 0, '2024-07-06', 'Aprobado', 13, 69, 69, 10, '2024-08-23 13:49:00'),
('LI000087', 110, 0, '2024-05-08', 'Aprobado', 3, 70, 70, 11, '2024-09-06 15:39:00'),
('LI000088', 85, 0, '2024-05-09', 'Rechazado', 4, 70, 70, 12, '2024-09-06 15:39:00'),
('LI000089', 16, 0, '2024-10-07', 'Aprobado', 8, 71, 71, 13, '2024-09-06 11:18:00'),
('LI000090', 33, 0, '2024-07-10', 'Aprobado', 7, 72, 72, 14, '2024-09-06 15:20:00'),
('LI000091', 190, 0, '2024-07-11', 'Aprobado', 12, 73, 73, 15, '2024-09-06 18:22:00'),
('LI000092', 75, 0, '2024-05-13', 'Aprobado', 14, 74, 74, 16, '2024-09-07 17:59:00'),
('LI000093', 230, 0, '2024-10-11', 'Aprobado', 4, 75, 75, 17, '2024-09-20 16:46:00'),
('LI000094', 195, 0, '2024-07-14', 'Aprobado', 10, 75, 75, 18, '2024-09-20 16:46:00'),
('LI000095', 460, 0, '2024-10-15', 'Aprobado', 1, 76, 76, 21, '2024-09-22 15:39:00'),
('LI000096', 310, 0, '2024-10-16', 'Aprobado', 2, 77, 77, 22, '2024-09-20 15:08:00'),
('LI000097', 160, 0, '2024-07-19', 'Aprobado', 1, 78, 78, 23, '2024-10-10 17:47:00'),
('LI000098', 140, 0, '2024-07-20', 'Aprobado', 3, 79, 79, 24, '2024-10-10 13:46:00'),
('LI000099', 35, 0, '2024-05-22', 'Aprobado', 7, 79, 79, 25, '2024-10-10 13:46:00'),
('LI000100', 16, 0, '2024-05-23', 'Aprobado', 9, 80, 80, 26, '2024-10-09 15:18:00'),
('LI000101', 80, 0, '2024-10-21', 'Aprobado', 14, 81, 81, 27, '2024-10-10 16:55:00'),
('LI000102', 175, 0, '2024-07-24', 'Aprobado', 2, 82, 82, 28, '2024-10-22 11:12:00'),
('LI000103', 100, 0, '2024-07-25', 'Aprobado', 4, 82, 82, 29, '2024-10-22 11:12:00'),
('LI000104', 22, 0, '2024-05-27', 'Aprobado', 5, 83, 83, 30, '2024-10-21 17:56:00'),
('LI000105', 42, 0, '2024-10-25', 'Aprobado', 6, 84, 84, 31, '2024-10-21 18:19:00'),
('LI000106', 430, 0, '2024-07-28', 'Aprobado', 11, 85, 85, 32, '2024-10-22 11:40:00'),
('LI000107', 295, 0, '2024-05-30', 'Aprobado', 13, 86, 86, 33, '2024-10-22 15:49:00'),
('LI000108', 170, 0, '2024-07-30', 'Aprobado', 1, 87, 87, 34, '2024-11-08 14:19:00'),
('LI000109', 155, 0, '2024-10-29', 'Aprobado', 2, 87, 87, 35, '2024-11-08 14:19:00'),
('LI000110', 17, 0, '2024-10-30', 'Aprobado', 8, 88, 88, 36, '2024-11-07 16:37:00'),
('LI000111', 11, 0, '2024-08-02', 'Aprobado', 10, 88, 88, 37, '2024-11-07 16:37:00'),
('LI000112', 200, 0, '2024-08-03', 'Aprobado', 12, 89, 89, 38, '2024-11-08 16:46:00'),
('LI000113', 85, 0, '2024-06-05', 'Aprobado', 14, 90, 90, 39, '2024-11-08 12:17:00'),
('LI000114', 100, 0, '2024-06-06', 'Aprobado', 3, 91, 91, 1, '2024-11-26 16:58:00'),
('LI000115', 95, 0, '2024-11-04', 'Aprobado', 4, 91, 91, 2, '2024-11-26 16:58:00'),
('LI000116', 26, 0, '2024-08-07', 'Aprobado', 7, 92, 92, 3, '2024-11-25 14:19:00'),
('LI000117', 38, 0, '2024-08-08', 'Aprobado', 6, 93, 93, 4, '2024-11-25 13:40:00'),
('LI000118', 410, 0, '2024-06-10', 'Aprobado', 11, 94, 94, 5, '2024-11-25 13:56:00'),
('LI000119', 260, 0, '2024-11-08', 'Aprobado', 13, 95, 95, 6, '2024-11-24 14:19:00'),
('LI000120', 190, 110, '2024-08-11', 'Aprobado', 1, 96, 96, 7, '2024-12-10 14:37:00'),
('LI000121', 170, 130, '2024-06-13', 'Aprobado', 2, 96, 96, 8, '2024-12-10 14:37:00'),
('LI000122', 13, 10, '2024-08-13', 'Aprobado', 9, 97, 97, 9, '2024-12-09 14:21:00'),
('LI000123', 180, 110, '2024-11-12', 'Aprobado', 12, 98, 98, 10, '2024-12-10 13:42:00'),
('LI000124', 105, 50, '2024-11-13', 'Aprobado', 14, 99, 99, 11, '2024-12-11 13:59:00'),
('LI000125', 39, 10, '2024-08-16', 'Aprobado', 6, 100, 100, 12, '2024-12-27 18:25:00'),
('LI000126', 13, 5, '2024-08-17', 'Aprobado', 10, 101, 101, 13, '2024-12-26 13:49:00'),  
('LI000127', 445, 300, '2024-06-19', 'Aprobado', 11, 102, 102, 14, '2024-12-26 10:56:00'),  
('LI000128', 280, 280, '2024-06-20', 'Aprobado', 13, 103, 103, 15, '2024-12-26 12:44:00'),

('LI000129', 180, 180, '2025-11-08', null, 1, 104, 104, 6, '2025-05-07 11:49:00'),
('LI000130', 160, 160, '2025-08-11', null, 2, 104, 104, 7, '2025-05-07 12:49:00'),
('LI000131', 19, 19, '2025-06-13', null, 8, 105, 105, 8, '2025-05-07 13:49:00'),
('LI000132', 13, 13, '2025-09-11', null, 10, 105,105, 9, '2025-05-07 14:49:00'),
('LI000133', 19, 0, '2025-09-12', null, 12, 106, 106, 10, '2024-12-10 13:42:00'),
('LI000134', 19, 0, '2025-10-13', null, 14, 107, 107, 11, '2024-12-11 13:59:00'),

('LI000135', 30, 0, '2025-11-13', null, 14, 108, 108, 12, null),
('LI000136', 21, 0, '2025-11-23', null, 14, 109, 109, 13, null);

INSERT INTO InspeccionesLoteInsumo (
    id_inspeccion, id_lote_insumo, motivo_rechazo
) VALUES
(1, 1, NULL),
(2, 2, NULL),
(3, 3, NULL),
(4, 4, NULL),
(5, 5, NULL),
(6, 6, NULL),
(7, 7, NULL),
(8, 8, NULL),
(9, 9, NULL),
(10, 10, NULL),
(11, 11, NULL),
(12, 12, NULL),
(13, 13, NULL),
(14, 14, NULL),
(15, 15, 'Saco roto'),
(16, 16, 'Humedad visible'),
(17, 17, 'Color o textura anormal'),
(18, 18, NULL),
(19, 19, 'Color o textura anormal'),
(20, 20, NULL),
(21, 21, NULL),
(22, 22, NULL),
(23, 23, 'Saco roto'),
(24, 24, NULL),
(25, 25, 'Saco roto'),
(26, 26, NULL),
(27, 27, NULL),
(28, 28, NULL),
(29, 29, NULL),
(30, 30, NULL),
(31, 31, NULL),
(32, 32, NULL),
(33, 33, NULL),
(34, 34, NULL),
(35, 35, NULL),
(36, 36, NULL),
(37, 37, NULL),
(38, 38, 'Fecha vencida'),
(39, 39, 'Humedad visible'),
(40, 40, NULL),
(41, 41, NULL),
(42, 42, NULL),
(43, 43, 'Color o textura anormal'),
(44, 44, NULL),
(45, 45, 'Contaminacion'),
(46, 46, 'Contaminacion'),
(47, 47, NULL),
(48, 48, NULL),
(49, 49, NULL),
(50, 50, NULL),
(51, 51, NULL),
(52, 52, NULL),
(53, 53, NULL),
(54, 54, NULL),
(55, 55, 'Humedad visible'),
(56, 56, NULL),
(57, 57, NULL),
(58, 58, 'Saco roto'),
(59, 59, NULL),
(60, 60, NULL),
(61, 61, NULL),
(62, 62, NULL),
(63, 63, NULL),
(64, 64, NULL),
(65, 65, 'Saco roto'),
(66, 66, NULL),
(67, 67, NULL),
(68, 68, NULL),
(69, 69, NULL),
(70, 70, NULL),
(71, 71, 'Fecha vencida'),
(72, 72, NULL),
(73, 73, NULL),
(74, 74, 'Fecha vencida'),
(75, 75, NULL),
(76, 76, NULL),
(77, 77, NULL),
(78, 78, NULL),
(79, 79, 'Humedad visible'),
(80, 80, NULL),
(81, 81, NULL),
(82, 82, NULL),
(83, 83, NULL),
(84, 84, NULL),
(85, 85, 'Color o textura anormal'),
(86, 86, NULL),
(87, 87, NULL),
(88, 88, 'Humedad visible'),
(89, 89, NULL),
(90, 90, NULL),
(91, 91, NULL),
(92, 92, NULL),
(93, 93, NULL),
(94, 94, NULL),
(95, 95, NULL),
(96, 96, NULL),
(97, 97, NULL),
(98, 98, NULL),
(99, 99, NULL),
(100, 100, NULL),
(101, 101, NULL),
(102, 102, NULL),
(103, 103, NULL),
(104, 104, NULL),
(105, 105, NULL),
(106, 106, NULL),
(107, 107, NULL),
(108, 108, NULL),
(109, 109, NULL),
(110, 110, NULL),
(111, 111, NULL),
(112, 112, NULL),
(113, 113, NULL),
(114, 114, NULL),
(115, 115, NULL),
(116, 116, NULL),
(117, 117, NULL),
(118, 118, NULL),
(119, 119, NULL),
(120, 120, NULL),
(121, 121, NULL),
(122, 122, NULL),
(123, 123, NULL),
(124, 124, NULL),
(125, 125, NULL),
(126, 126, NULL),
(127, 127, NULL),
(128, 128, NULL),

(602, 129, NULL),
(603, 130, NULL),
(604, 131, NULL),
(605, 132, NULL),
(606, 133, NULL),
(607, 134, NULL);

INSERT INTO NotificacionesReclamo (
	id_notificacion_reclamo, codigo,
	id_lote_insumo, id_empleado, estado
) VALUES
(1, 'NR000001', 2, 19, 'Atendido'),
(2, 'NR000002', 5, 20, 'Atendido'),
(3, 'NR000003', 7, 21, 'Atendido'),
(4, 'NR000004', 10, 22, 'Atendido'),
(5, 'NR000005', 14, 22, 'Atendido'),
(6, 'NR000006', 18, 19, 'Atendido'),
(7, 'NR000007', 21, 20, 'Atendido'),
(8, 'NR000008', 28, 21, 'Atendido'),
(9, 'NR000009', 33, 22, 'Atendido'),
(10, 'NR000010', 38, 22, 'Atendido'),
(11, 'NR000011', 41, 19, 'Atendido'),
(12, 'NR000012', 44, 20, 'Atendido'),
(13, 'NR000013', 48, 21, 'Atendido'),
(14, 'NR000014', 50, 22, 'Atendido'),
(15, 'NR000015', 52, 22, 'Atendido'),
(16, 'NR000016', 57, 19, 'Atendido'),
(17, 'NR000017', 59, 20, 'Atendido'),
(18, 'NR000018', 63, 21, 'Atendido'),
(19, 'NR000019', 65, 22, 'Atendido'),
(20, 'NR000020', 68, 21, 'Atendido'),
(21, 'NR000021', 71, 20, 'Atendido'),
(22, 'NR000022', 75, 21, 'Atendido'),
(23, 'NR000023', 81, 22, 'Atendido'),
(24, 'NR000024', 84, 20, 'Atendido'),
(25, 'NR000025', 89, 21, 'Atendido'),
(26, 'NR000026', 92, 22, 'Atendido'),
(27, 'NR000027', 95, 22, 'Atendido'),
(28, 'NR000028', 100, 21, 'Atendido'),
(29, 'NR000029', 104, 20, 'Atendido'),
(30, 'NR000030', 107, 22, 'Atendido'),
(31, 'NR000031', 112, 21, 'Pendiente'),
(32, 'NR000032', 120, 21, 'Pendiente');

SELECT setval('notificacionesreclamo_id_notificacion_reclamo_seq', (
    SELECT MAX(id_notificacion_reclamo) FROM NotificacionesReclamo
));
SELECT setval(
  'notificacion_reclamo_seq',
  COALESCE((
    SELECT MAX(CAST(SUBSTRING(codigo, 3) AS INTEGER))
    FROM NotificacionesReclamo
  ), 0)
);
SELECT nextval('notificacionesreclamo_id_notificacion_reclamo_seq');
SELECT nextval('notificacion_reclamo_seq');

INSERT INTO Reclamos (
	id_reclamo, codigo, id_notificacion_reclamo, objetivo,
	estado, id_lote_insumo, monto_devuelto, fecha_atencion_reclamo
) VALUES
(1, 'RC000001'  ,1  ,'Reposicion', 'Completado' ,3 ,null , '2024-01-12 12:45:00'),
(2, 'RC000002'  ,2  ,'Devolucion', 'Completado' ,null ,685.80 , '2024-01-13 09:35:00'),
(3, 'RC000003'  ,3  ,'Reposicion', 'Completado' ,10 ,null , '2024-01-22 14:10:00'),
(4, 'RC000004'  ,4  ,'Devolucion', 'Completado' ,null ,1205.20 , '2024-02-04 10:17:00'),
(5, 'RC000005'  ,5  ,'Reposicion', 'Completado' ,15 ,null , '2024-02-11 15:45:00'),
(6, 'RC000006'  ,6  ,'Devolucion', 'Completado' ,null ,857.00 , '2024-02-15 11:20:00'),
(7, 'RC000007'  ,7  ,'Reposicion', 'Completado' ,23 ,null , '2024-03-11 16:30:00'),
(8, 'RC000008'  ,8  ,'Devolucion', 'Completado' ,null ,990.50 , '2024-03-13 12:39:00'),
(9, 'RC000009'  ,9  ,'Reposicion', 'Completado' ,34 ,null , '2024-04-12 08:43:00'),
(10, 'RC000010' ,10 ,'Devolucion', 'Completado' ,null ,1060.20 , '2024-04-19 09:25:00'),
(11, 'RC000011' ,11 ,'Reposicion', 'Completado' ,42 ,null , '2024-04-23 13:05:00'),
(12, 'RC000012' ,12 ,'Devolucion', 'Completado' ,null ,1180.00 , '2024-05-08 12:14:00'),
(13, 'RC000013' ,13 ,'Reposicion', 'Completado' ,49 ,null , '2024-05-22 14:24:00'),
(14, 'RC000014' ,14 ,'Devolucion', 'Completado' ,null ,975.00 , '2024-06-18 15:05:00'),
(15, 'RC000015' ,15 ,'Reposicion', 'Completado' ,53 ,null , '2024-06-20 14:16:00'),
(16, 'RC000016' ,16 ,'Devolucion', 'Completado' ,null ,743.00 , '2024-07-16 12:19:00'),
(17, 'RC000017' ,17 ,'Reposicion', 'Completado' ,60 ,null , '2024-07-18 14:25:00'),
(18, 'RC000018' ,18 ,'Devolucion', 'Completado' ,null ,925.70 , '2024-07-29 09:23:00'),
(19, 'RC000019' ,19 ,'Reposicion', 'Completado' ,66 ,null , '2024-08-12 08:43:00'),
(20, 'RC000020' ,20 ,'Devolucion', 'Completado' ,null ,1060.20 , '2024-08-16 09:25:00'),
(21, 'RC000021' ,21 ,'Reposicion', 'Completado' ,72 ,null , '2024-08-24 13:05:00'),
(22, 'RC000022' ,22 ,'Devolucion', 'Completado' ,null ,1150.00 , '2024-09-18 12:14:00'),
(23, 'RC000023' ,23 ,'Reposicion', 'Completado' ,82 ,null , '2024-09-23 14:24:00'),
(24, 'RC000024' ,24 ,'Devolucion', 'Completado' ,null ,840.00 , '2024-10-10 15:05:00'),
(25, 'RC000025' ,25 ,'Reposicion', 'Completado' ,91 ,null , '2024-10-15 14:16:00'),
(26, 'RC000026' ,26 ,'Devolucion', 'Completado' ,null ,765.00 , '2024-11-01 12:19:00'),
(27, 'RC000027' ,27 ,'Reposicion', 'Completado' ,97 ,null , '2024-11-04 14:25:00'),
(28, 'RC000028' ,28 ,'Devolucion', 'Completado' ,null ,905.50 , '2024-12-23 09:23:00'),
(29, 'RC000029' ,29 ,'Reposicion', 'Pendiente' ,null ,null , null),
(30, 'RC000030' ,30 ,'Devolucion', 'Pendiente' ,null ,null , null);

INSERT INTO InsumosXProveedores (
	id_proveedor, id_insumo, precio_referencial
) VALUES
(1, 1,  3.20),
(1, 2,  5.80),
(1, 3,  6.20),
(1, 4,  4.40),
(2, 1,  3.40),
(2, 2,  5.40),
(2, 3,  6.30),
(3, 1,  3.50),
(3, 2,  5.60),
(3, 4,  4.30),
(4, 8,  0.40),
(4, 9,  6.60),
(4, 10, 5.00),
(5, 5, 18.00),
(5, 7, 12.80),
(6, 6, 15.50),
(7, 8,  0.50),
(7, 9,  6.80),
(7, 10, 4.80),
(8, 11, 0.12),
(8, 12, 0.20),
(9, 13, 0.30),
(9, 14, 4.00);

INSERT INTO SolicitudesProduccion (id_solicitud_produccion, codigo, cantidad_requerida, fecha_requerida, fecha_solicitud, estado, id_producto) VALUES
(1, 'SP000001', 110, '2024-01-10', '2024-01-05 09:00:00', 'Atendida', 1),
(2, 'SP000002', 100, '2024-01-10', '2024-01-05 09:00:00', 'Atendida', 2),
(3, 'SP000003', 105, '2024-01-10', '2024-01-05 09:00:00', 'Atendida', 9),
(4, 'SP000004', 109, '2024-01-10', '2024-01-05 09:00:00', 'Atendida', 10),
(5, 'SP000005', 120, '2024-01-17', '2024-01-12 20:00:00', 'Atendida', 5),
(6, 'SP000006', 106, '2024-01-17', '2024-01-12 20:00:00', 'Atendida', 7),
(7, 'SP000007', 100, '2024-01-24', '2024-01-19 12:00:00', 'Atendida', 3),
(8, 'SP000008', 121, '2024-01-24', '2024-01-19 12:00:00', 'Atendida', 4),
(9, 'SP000009', 110, '2024-01-24', '2024-01-19 12:00:00', 'Atendida', 8),
(10, 'SP000010', 103, '2024-02-12', '2024-02-07 10:00:00', 'Atendida', 6),
(11, 'SP000011', 94, '2024-03-08', '2024-03-03 10:00:00', 'Atendida', 2),
(12, 'SP000012', 107, '2024-05-11', '2024-05-06 10:00:00', 'Atendida', 3),
(13, 'SP000013', 120, '2024-05-23', '2024-05-18 10:00:00', 'Atendida', 1),
(14, 'SP000014', 112, '2024-06-21', '2024-06-16 10:00:00', 'Atendida', 2),
(15, 'SP000015', 108, '2024-06-26', '2024-06-21 10:00:00', 'Atendida', 5),
(16, 'SP000016', 105, '2024-07-18', '2024-07-13 10:00:00', 'Atendida', 1),
(17, 'SP000017', 95, '2024-07-18', '2024-07-13 10:00:00', 'Atendida', 9),
(18, 'SP000018', 105, '2024-08-06', '2024-08-01 10:00:00', 'Atendida', 4),
(19, 'SP000019', 97, '2024-08-06', '2024-08-01 10:00:00', 'Atendida', 7),
(20, 'SP000020', 102, '2024-08-07', '2024-08-02 10:00:00', 'Atendida', 6),
(21, 'SP000021', 94, '2024-09-10', '2024-09-05 10:00:00', 'Atendida', 1),
(22, 'SP000022', 122, '2024-09-10', '2024-09-05 10:00:00', 'Atendida', 3),
(23, 'SP000023', 81, '2024-11-09', '2024-11-04 10:00:00', 'Atendida', 7),
(24, 'SP000024', 92, '2024-12-12', '2024-12-07 10:00:00', 'Atendida', 3),
(25, 'SP000025', 112, '2024-12-13', '2024-12-08 10:00:00', 'Atendida', 1),
(26, 'SP000026', 112, '2024-12-13', '2024-12-08 10:00:00', 'Atendida', 10),
(27, 'SP000027', 42, '2025-06-01', '2025-05-27 08:00:00', 'Pendiente', 1),
(28, 'SP000028', 70, '2025-06-25', '2025-05-18 08:00:00', 'Pendiente', 1);

INSERT INTO OrdenesProduccion (id_orden_produccion, codigo, fecha_emision, fecha_fin_estimada, fecha_finalizacion, estado, id_empleado, id_solicitud_produccion) VALUES
(1, 'OP000001', '2024-01-06 08:30:00', '2024-01-09', '2024-01-09', 'Completado', 1,1),
(2, 'OP000002', '2024-01-06 08:30:00', '2024-01-09', '2024-01-09', 'Completado', 1,2),
(3, 'OP000003', '2024-01-06 08:30:00', '2024-01-09', '2024-01-09', 'Completado', 1,3),
(4, 'OP000004', '2024-01-06 08:30:00', '2024-01-09', '2024-01-09', 'Completado', 1,4),
(5, 'OP000005', '2024-01-13 12:30:00', '2024-01-16', '2024-01-16', 'Completado', 1,5),
(6, 'OP000006', '2024-01-13 12:30:00', '2024-01-16', '2024-01-16', 'Completado', 1,6),
(7, 'OP000007', '2024-01-20 10:30:00', '2024-01-23', '2024-01-23', 'Completado', 1,7),
(8, 'OP000008', '2024-01-20 10:30:00', '2024-01-23', '2024-01-23', 'Completado', 1,8),
(9, 'OP000009', '2024-01-20 10:30:00', '2024-01-23', '2024-01-23', 'Completado', 1,9),
(10, 'OP000010', '2024-02-08 10:30:00', '2024-02-11', '2024-02-11', 'Completado', 1,10),
(11, 'OP000011', '2024-03-04 11:00:00', '2024-03-07', '2024-03-07', 'Completado', 1,11),
(12, 'OP000012', '2024-05-07 11:00:00', '2024-05-10', '2024-05-10', 'Completado', 1,12),
(13, 'OP000013', '2024-05-19 11:00:00', '2024-05-22', '2024-05-22', 'Completado', 2,13),
(14, 'OP000014', '2024-06-17 11:00:00', '2024-06-20', '2024-06-20', 'Completado', 2,14),
(15, 'OP000015', '2024-06-22 11:00:00', '2024-06-25', '2024-06-25', 'Completado', 2,15),
(16, 'OP000016', '2024-07-14 11:00:00', '2024-07-17', '2024-07-17', 'Completado', 2,16),
(17, 'OP000017', '2024-07-14 11:00:00', '2024-07-17', '2024-07-17', 'Completado', 2,17),
(18, 'OP000018', '2024-08-02 11:00:00', '2024-08-05', '2024-08-05', 'Completado', 2,18),
(19, 'OP000019', '2024-08-02 11:00:00', '2024-08-05', '2024-08-05', 'Completado', 2,19),
(20, 'OP000020', '2024-08-03 11:00:00', '2024-08-06', '2024-08-06', 'Completado', 2,20),
(21, 'OP000021', '2024-09-06 11:00:00', '2024-09-09', '2024-09-09', 'Completado', 2,21),
(22, 'OP000022', '2024-09-06 11:00:00', '2024-09-09', '2024-09-09', 'Completado', 2,22),
(23, 'OP000023', '2024-11-05 11:00:00', '2024-11-08', '2024-11-08', 'Completado', 2,23),
(24, 'OP000024', '2024-12-08 11:00:00', '2024-12-11', '2024-12-11', 'Completado', 2,24),
(25, 'OP000025', '2024-12-09 11:00:00', '2024-12-12', '2024-12-12', 'Completado', 2,25),
(26, 'OP000026', '2024-12-09 11:00:00', '2024-12-12', '2024-12-12', 'Completado', 2,26),
(27, 'OP000027', '2025-05-28 11:00:00', '2025-05-31', NULL, 'En proceso', 2,27);

INSERT INTO Abastecimientos (codigo, fecha_abastecimiento, estado, id_empleado, id_orden_produccion) VALUES
('AB000001', '2024-01-06 12:30:00', 'Atendido', 36, 1),
('AB000002', '2024-01-06 13:30:00', 'Atendido', 41, 2),
('AB000003', '2024-01-06 14:30:00', 'Atendido', 41, 3),
('AB000004', '2024-01-06 16:00:00', 'Atendido', 37, 4),
('AB000005', '2024-01-13 17:00:00', 'Atendido', 37, 5),
('AB000006', '2024-01-13 18:30:00', 'Atendido', 41, 6),
('AB000007', '2024-01-20 14:30:00', 'Atendido', 38, 7),
('AB000008', '2024-01-20 16:00:00', 'Atendido', 39, 8),
('AB000009', '2024-01-20 18:00:00', 'Atendido', 40, 9),
('AB000010', '2024-02-08 14:30:00', 'Atendido', 39, 10),
('AB000011', '2024-03-04 15:00:00', 'Atendido', 31, 11),
('AB000012', '2024-05-07 16:30:00', 'Atendido', 40, 12),
('AB000013', '2024-05-19 15:30:00', 'Atendido', 37, 13),
('AB000014', '2024-06-17 15:00:00', 'Atendido', 39, 14),
('AB000015', '2024-06-22 16:00:00', 'Atendido', 38, 15),
('AB000016', '2024-07-14 16:30:00', 'Atendido', 41, 16),
('AB000017', '2024-07-14 15:00:00', 'Atendido', 40, 17),
('AB000018', '2024-08-02 16:00:00', 'Atendido', 37, 18),
('AB000019', '2024-08-02 15:30:00', 'Atendido', 40, 19),
('AB000020', '2024-08-03 15:30:00', 'Atendido', 39, 20),
('AB000021', '2024-09-06 15:00:00', 'Atendido', 37, 21),
('AB000022', '2024-09-06 16:30:00', 'Atendido', 38, 22),
('AB000023', '2024-11-05 16:00:00', 'Atendido', 41, 23),
('AB000024', '2024-12-08 16:30:00', 'Atendido', 40, 24),
('AB000025', '2024-12-09 16:00:00', 'Atendido', 37, 25),
('AB000026', '2024-12-09 15:00:00', 'Atendido', 39, 26),
('AB000027', null, 'atender', 41, 27);

--Activar trigger
ALTER TABLE compras ENABLE TRIGGER trg_crear_recepciones;
SELECT setval('codigo_abastecimiento_insumos_seq', (SELECT MAX(SUBSTRING(codigo, 3)::INT) FROM abastecimientos));

INSERT INTO InventariosAbastecimiento (id_abastecimiento, id_lote_insumo, cantidad_asignada) VALUES
(1, 2, 20.7),  -- insumo 2
(1, 1, 6.9),   -- insumo 1
(1, 7, 0.3),   -- insumo 5
(1, 117, 0.3),   -- insumo 6
(1, 4, 0.06),   -- insumo 8
(1, 5, 110), -- insumo 11
(1, 9, 110), -- insumo 13
(1, 6, 6),   -- insumo 14

(2, 2, 17),
(2, 1, 5),
(2, 22, 2.5),   -- insumo 4
(2, 18, 0.2),  --5
(2, 3, 0.2),
(2, 4, 0.05),
(2, 5, 100),
(2, 9, 100),
(2, 6, 5),

--P9
(3, 2, 7.00),   
(3, 1, 4.20),    
(3, 22, 3.15),   
(3, 21, 3.15), 
(3, 18, 0.14),      
(3, 28, 0.14),    
(3, 44, 105.00),   
(3, 25, 4.00),        

--P10
(4, 2, 10.95),  
(4, 1, 5.84),  
(4, 29, 0.44),       
(4, 4, 0.04),       
(4, 44, 109.0),  
(4, 25, 4.00) , 

(5, 2, 12.00),
(5, 1, 6.40),
(5, 8, 0.16),
(5, 29, 0.16),
(5, 44, 120.00),
(5, 6, 4.00),

--p7
(6, 11, 8.52),  
(6, 32, 5.68),  
(6, 21, 3.55),  
(6, 7, 0.15),    -- 0.142 → 0.14  
(6, 3, 0.15),    -- 0.142 → 0.14  
(6, 4, 0.04),    -- 0.0355 → 0.04  
(6, 44, 106.00),  
(6, 6, 4.00) , 

--P3
(7, 2, 10.05),
(7, 1, 5.36),
(7, 8, 0.14),
(7, 4, 0.14),
(7, 44, 100.00),
(7, 6, 4.00),

--P4
(8, 2, 12.15),
(8, 1, 4.86),
(8, 8, 0.17),
(8, 29, 0.17),
(8, 4, 0.05),
(8, 44, 121.00),
(8, 25, 5.00),

--P8
(9, 11, 11.84),
(9, 32, 5.92),
(9, 17, 0.23),
(9, 7, 0.08),
(9, 67, 0.04),
(9, 44, 110.00),
(9, 6, 4.00),

--P6
(10, 11, 10.35),
(10, 32, 5.52),
(10, 8, 0.28),
(10, 17, 0.04),
(10, 9, 103.50),
(10, 25, 4.00),

(11, 11, 15.98),
(11, 32, 4.70),
(11, 22, 2.35),      -- insumo 4
(11, 18, 0.19),      --5
(11, 3, 0.19),
(11, 4, 0.05),
(11, 5, 94.00),
(11, 44, 94.00),
(11, 25, 5.00),

(12, 11, 10.80),
(12, 1, 5.76),
(12, 8, 0.15),
(12, 111, 0.15),
(12, 4, 0.04),
(12, 9, 108.00),
(12, 25, 4.00),

(13, 11, 22.50),     -- insumo 2
(13, 32, 7.50),      -- insumo 1
(13, 7, 0.24),       -- insumo 5
(13, 77, 0.24),      -- insumo 6
(13, 23, 0.06),      -- insumo 8
(13, 5, 120.00),     -- insumo 11
(13, 14, 120.00),    -- insumo 13
(13, 25, 6.00),       -- insumo 14

(14, 11, 19.04),
(14, 32, 5.60),
(14, 22, 2.80),      -- insumo 4
(14, 18, 0.23),      --5
(14, 3, 0.23),
(14, 4, 0.07),
(14, 19, 112.00),
(14, 44, 112.00),
(14, 25, 6.00),

(15, 11, 10.80),
(15, 32, 5.76),
(15, 24, 0.15),
(15, 29, 0.15),
(15, 44, 108.00),
(15, 25, 4.00),

(16, 11, 19.69),     -- insumo 2
(16, 32, 6.57),      -- insumo 1
(16, 7, 0.21),       -- insumo 5
(16, 77, 0.21),      -- insumo 6
(16, 23, 0.06),      -- insumo 8
(16, 19, 105.00),    -- insumo 11
(16, 14, 105.00),    -- insumo 13
(16, 45, 6.00) ,      -- insumo 14

(17, 16, 6.40),
(17, 10, 3.84),
(17, 22, 2.88),
(17, 21, 2.88),
(17, 18, 0.13),
(17, 28, 0.13),
(17, 44, 96.00),
(17, 45, 4.00),

(18, 16, 11.20),
(18, 10, 5.60),
(18, 24, 0.14),
(18, 29, 0.14),
(18, 23, 0.04),
(18, 56, 105.00),
(18, 45, 4.00),

(19, 16, 7.80),
(19, 32, 5.20),
(19, 33, 3.25),      -- insumo 3
(19, 55, 0.13),
(19, 28, 0.13),
(19, 23, 0.04),
(19, 56, 97.00),
(19, 45, 4.00),

(20, 16, 9.30),
(20, 10, 4.96),
(20, 24, 0.25),
(20, 17, 0.04),
(20, 56, 92.00),
(20, 45, 4.00),


(21, 16, 17.63),     -- insumo 2
(21, 10, 5.88),      -- insumo 1
(21, 55, 0.19),      -- insumo 5
(21, 77, 0.19),      -- insumo 6
(21, 23, 0.05),      -- insumo 8
(21, 13, 94.00),     -- insumo 11
(21, 56, 94.00),     -- insumo 13
(21, 45, 5.00)  ,     -- insumo 14

(22, 16, 12.30),
(22, 10, 6.56),
(22, 24, 0.17),
(22, 111, 0.17),
(22, 23, 0.05),
(22, 56, 122.00),
(22, 45, 5.00),

(23, 16, 7.32),
(23, 10, 4.88),
(23, 33, 3.05),      -- insumo 3
(23, 55, 0.13),
(23, 77, 0.13),
(23, 23, 0.04),
(23, 56, 91.00),
(23, 45, 4.00),

(24, 16, 9.30),
(24, 10, 4.96),
(24, 24, 0.13),
(24, 111, 0.13),
(24, 23, 0.04),
(24, 56, 93.00),
(24, 45, 4.00),

(25, 16, 21.00),     -- insumo 2
(25, 75, 7.00),      -- insumo 1
(25, 125, 0.23),     -- insumo 5
(25, 77, 0.23),      -- insumo 6
(25, 23, 0.06),      -- insumo 8
(25, 13, 112.00),    -- insumo 11
(25, 56, 112.00),    -- insumo 13
(25, 45, 7.00)  ,     -- insumo 14

(26, 76, 11.25),
(26, 64, 6.00),
(26, 111, 0.45),
(26, 89, 0.04),
(26, 56, 112.00),
(26, 101, 4.00);

INSERT INTO DetallesSolicitud (id_solicitud_abastecimiento, id_insumo, cantidad_requeridos) VALUES

-- 2023 primer semestre

(1, 1, 200), (1, 2, 180), (1, 6, 30), (1, 8, 15), (1, 11, 500), (1, 14, 100),
(2, 1, 150), (2, 3, 120), (2, 5, 20), (2, 7, 25), (2, 13, 300),
(3, 2, 200), (3, 4, 100), (3, 6, 40), (3, 10, 10), (3, 12, 200), (3, 14, 80),
(4, 1, 180), (4, 2, 160), (4, 9, 12), (4, 5, 15), (4, 11, 400), (4, 13, 250),
(5, 3, 100), (5, 4, 80), (5, 8, 20), (5, 7, 30), (5, 12, 180), (5, 14, 70),
(6, 1, 220), (6, 2, 200), (6, 6, 35), (6, 10, 15), (6, 11, 450), (6, 13, 280),
(7, 1, 170), (7, 3, 130), (7, 7, 40), (7, 9, 18), (7, 12, 150), (7, 14, 60),
(8, 2, 180), (8, 4, 90), (8, 5, 25), (8, 6, 40), (8, 11, 420), (8, 13, 300),
(9, 1, 160), (9, 2, 140), (9, 8, 18), (9, 10, 10), (9, 12, 180), (9, 14, 90),
(10, 3, 110), (10, 4, 70), (10, 7, 30), (10, 6, 35), (10, 11, 400), (10, 13, 250),
(11, 1, 200), (11, 2, 170), (11, 9, 15), (11, 5, 18), (11, 12, 190), (11, 14, 100),
(12, 1, 190), (12, 2, 180), (12, 6, 38), (12, 10, 12), (12, 11, 410), (12, 13, 270),

-- 2023 segundo semestre

(13, 1, 210), (13, 2, 190), (13, 6, 32), (13, 8, 18), (13, 11, 480), (13, 14, 110),
(14, 3, 120), (14, 4, 90), (14, 5, 25), (14, 7, 28), (14, 13, 270),
(15, 1, 180), (15, 2, 160), (15, 6, 40), (15, 10, 12), (15, 12, 220), (15, 14, 95),
(16, 1, 200), (16, 2, 150), (16, 9, 14), (16, 5, 20), (16, 11, 440), (16, 13, 290),
(17, 3, 110), (17, 4, 85), (17, 8, 16), (17, 7, 33), (17, 12, 190), (17, 14, 75),
(18, 1, 230), (18, 2, 195), (18, 6, 36), (18, 10, 14), (18, 11, 460), (18, 13, 310),
(19, 1, 160), (19, 3, 140), (19, 7, 35), (19, 9, 16), (19, 12, 160), (19, 14, 80),
(20, 2, 175), (20, 4, 100), (20, 5, 22), (20, 6, 42), (20, 11, 430), (20, 13, 295),
(21, 1, 170), (21, 2, 155), (21, 8, 17), (21, 10, 11), (21, 12, 200), (21, 14, 85),
(22, 3, 100), (22, 4, 95), (22, 7, 26), (22, 6, 38), (22, 11, 410), (22, 13, 260),
(23, 1, 190), (23, 2, 170), (23, 9, 13), (23, 5, 19), (23, 12, 180), (23, 14, 105),
(24, 1, 195), (24, 2, 185), (24, 6, 39), (24, 10, 13), (24, 11, 445), (24, 13, 280),

-- 2024 primer semestre

(25, 1, 220), (25, 2, 170), (25, 6, 37), (25, 8, 20), (25, 11, 470), (25, 14, 100),
(26, 3, 130), (26, 4, 105), (26, 5, 24), (26, 7, 30), (26, 13, 250),
(27, 1, 200), (27, 2, 190), (27, 6, 35), (27, 10, 14), (27, 12, 230), (27, 14, 90),
(28, 1, 210), (28, 2, 175), (28, 9, 15), (28, 5, 23), (28, 11, 455), (28, 13, 300),
(29, 3, 120), (29, 4, 100), (29, 8, 18), (29, 7, 32), (29, 12, 210), (29, 14, 85),
(30, 1, 230), (30, 2, 200), (30, 6, 40), (30, 10, 15), (30, 11, 480), (30, 13, 320),
(31, 1, 170), (31, 3, 125), (31, 7, 34), (31, 9, 16), (31, 12, 170), (31, 14, 80),
(32, 2, 180), (32, 4, 95), (32, 5, 21), (32, 6, 39), (32, 11, 420), (32, 13, 280),
(33, 1, 180), (33, 2, 160), (33, 8, 19), (33, 10, 13), (33, 12, 190), (33, 14, 87),
(34, 3, 110), (34, 4, 98), (34, 7, 28), (34, 6, 36), (34, 11, 400), (34, 13, 255),
(35, 1, 200), (35, 2, 180), (35, 9, 14), (35, 5, 20), (35, 12, 185), (35, 14, 100),
(36, 1, 190), (36, 2, 185), (36, 6, 38), (36, 10, 12), (36, 11, 440), (36, 13, 270);

INSERT INTO TiposIncidencia (CODIGO, DESCRIPCION) VALUES
('ED', 'Empaques dañados'),
('FE', 'Faltan empaques'),
('PD', 'Producto deteriorado'),
('PQ', 'Producto equivocado'),
('OT', 'Otro'),
('NN', 'Ninguno');

insert into Vehiculos (num_placa, tipo_unidad, estado, disponibilidad, capac_peso, capac_emp, id_empresa) values
('QCW-756', 'Camioneta', 'Activo', 'Ocupado', 790, 45, 55),
('UFL-832', 'Furgoneta', 'Inactivo', null, 900, 75, 55),
('JWN-676', 'Furgoneta', 'Activo', 'Disponible', 1200, 100, 55),
('CRS-860', 'Camión', 'Activo', 'Disponible', 2300, 220, 55),
('BVF-186', 'Camión', null, null, 10000, null, 9),
('ENA-168', 'Furgoneta', null, null, 1500, null, 6),
('VBL-633', 'Camión', null, null, 6000, null, 43),
('CGV-287', 'Furgoneta', null, null, 1575, null, 6),
('HKQ-694', 'Camión', null, null, 10000, null, 40);

insert into EmpresasTransporte (id_empresa, tipo_cobertura, detalle_cobertura) values
(6, 'Regional', 'AYACUCHO'),
(9, 'Nacional', null),
(10, 'Nacional', null),
(11, 'Interprovincial', 'AYACUCHO-AREQUIPA-LIMA'),
(13, 'Nacional', null),
(14, 'Interprovincial', 'AYACUCHO-AREQUIPA-CUSCO'),
(36, 'Nacional', null),
(37, 'Nacional', null),
(38, 'Nacional', null),
(39, 'Nacional', null),
(40, 'Nacional', null),
(41, 'Regional', null),
(42, 'Nacional', null),
(43, 'Regional', 'AYACUCHO'),
(44, 'Interprovincial', 'AYACUCHO-ICA-LIMA'),
(45, 'Interprovincial', 'AYACUCHO-AREQUIPA-CUSCO');

insert into Transportistas (id_transportista, id_empresa, num_licencia, estado, disponibilidad) values
(42, 55, '355565648', 'Activo', 'Disponible'),
(43, 55, '516806967', 'Activo', 'Ocupado'),
(44, 55, '281588881', 'Activo', 'Disponible'),
(45, 55, '648334354', 'Activo', 'Disponible'),
(46, 55, '924135412', 'Inactivo', null),
(51, 6, '994013108', null, null),
(52, 11, '939965485', null, null),
(53, 13, '605727490', null, null),
(54, 6, '472774033', null, null),
(55, 9, '638411875', null, null),
(61, 14, '426670468', null, null),
(62, 11, '279824523', null, null),
(63, 11, '617452975', null, null),
(64, 11, '961298533', null, null),
(65, 13, '302938393', null, null),
(66, 6, '750248785', null, null),
(67, 9, '124094625', null, null),
(68, 6, '847678518', null, null),
(69, 6, '831073394', null, null),
(70, 13, '658497039', null, null);

INSERT INTO ProgramacionesDespacho (id_transportista, id_vehiculo, id_empleado, codigo, tipo_servicio,fecha_prog_salida, fecha_programacion) VALUES
(42, 3, 49, 'PRG24001', 'Propio','2024-01-09 10:30', '2024-01-05'),
(46, 2, 49, 'PRG24002', 'Propio','2024-01-16 14:15', '2024-01-12'),
(43, 2, 49, 'PRG24003', 'Propio','2024-01-24 11:45', '2024-01-20'),
(44, 2, 49, 'PRG24004', 'Propio','2024-01-26 13:00', '2024-01-25'),
(44, 3, 49, 'PRG24005', 'Propio','2024-02-10 15:30', '2024-02-08'),
(42, 1, 49, 'PRG24006', 'Propio','2024-02-14 12:00', '2024-02-12'),
(46, 2, 49, 'PRG24007', 'Propio','2024-03-06 10:45', '2024-03-02'),
(51, 4, 49, 'PRG24008', 'Tercerizado','2024-03-09 11:30', '2024-03-04'),
(42, 1, 49, 'PRG24009', 'Propio','2024-03-09 14:00', '2024-03-04'),
(45, 3, 49, 'PRG24010', 'Propio','2024-04-11 16:15', '2024-04-08'),
(44, 2, 50, 'PRG24011', 'Propio','2024-04-12 10:30', '2024-04-11'),
(52, 3, 50, 'PRG24012', 'Tercerizado','2024-05-11 13:00', '2024-05-06'),
(52, 4, 50, 'PRG24013', 'Tercerizado','2024-05-14 15:45', '2024-05-13'),
(55, 3, 50, 'PRG24014', 'Tercerizado','2024-05-21 11:15', '2024-05-17'),
(55, 5, 50, 'PRG24015', 'Tercerizado','2024-06-26 12:30', '2024-06-16'),
(45, 1, 50, 'PRG24016', 'Propio','2024-06-28 14:00', '2024-06-27'),
(42, 3, 50, 'PRG24017', 'Propio','2024-07-17 10:15', '2024-07-12'),
(45, 1, 50, 'PRG24018', 'Propio','2024-07-27 13:30', '2024-07-22'),
(54, 3, 50, 'PRG24019', 'Tercerizado','2024-07-25 11:45', '2024-07-23'),
(42, 1, 50, 'PRG24020', 'Propio','2024-07-29 15:00', '2024-07-28'),
(45, 1, 48, 'PRG24021', 'Propio','2024-08-04 10:30', '2024-08-01'),
(53, 2, 48, 'PRG24022', 'Tercerizado','2024-08-06 12:00', '2024-08-03'),
(43, 3, 48, 'PRG24023', 'Propio','2024-08-07 14:15', '2024-08-04'),
(45, 3, 48, 'PRG24024', 'Propio','2024-08-09 11:00', '2024-08-07'),
(43, 3, 48, 'PRG24025', 'Propio','2024-09-09 13:30', '2024-09-01'),
(46, 2, 48, 'PRG24026', 'Propio','2024-09-08 10:45', '2024-09-04'),
(54, 2, 48, 'PRG24027', 'Tercerizado','2024-09-12 15:00', '2024-09-11'),
(51, 1, 48, 'PRG24028', 'Tercerizado','2024-10-15 12:30', '2024-10-13'),
(42, 1, 48, 'PRG24029', 'Propio','2024-10-20 14:00', '2024-10-15'),
(43, 3, 48, 'PRG24030', 'Propio','2024-10-22 11:15', '2024-10-18'),
(45, 1, 48, 'PRG24031', 'Propio','2024-10-24 10:30', '2024-10-23'),
(51, 1, 48, 'PRG24032', 'Tercerizado','2024-11-07 13:00', '2024-11-04'),
(54, 1, 48, 'PRG24033', 'Tercerizado','2024-11-10 15:45', '2024-11-09'),
(42, 2, 48, 'PRG24034', 'Propio','2024-11-23 10:15', '2024-11-17'),
(43, 1, 48, 'PRG24035', 'Propio','2024-11-24 12:30', '2024-11-23'),
(43, 3, 48, 'PRG24036', 'Propio','2024-12-13 14:00', '2024-12-08'),
(43, 1, 48, 'PRG25001', 'Propio','2025-05-28 11:15', '2025-05-21'),
(42, 1, 48, 'PRG25002', 'Propio','2025-05-29 10:30', '2025-05-22'),
(46, 2, 48, 'PRG25003', 'Propio','2025-06-02 12:30', '2025-05-26');

INSERT INTO OrdenesCarga (id_prog_desp, codigo, fecha_salida, estado) VALUES
(1, 'OC240001', '2024-01-09 08:15', 'Finalizado'),
(2, 'OC240002', '2024-01-16 09:45', 'Finalizado'),
(3, 'OC240003', '2024-01-24 10:00', 'Finalizado'),
(4, 'OC240004', '2024-01-26 08:30', 'Finalizado'),
(5, 'OC240005', '2024-02-10 09:00', 'Finalizado'),
(6, 'OC240006', '2024-02-14 10:15', 'Finalizado'),
(7, 'OC240007', '2024-03-06 08:45', 'Finalizado'),
(8, 'OC240008', '2024-03-09 09:30', 'Finalizado'),
(9, 'OC240009', '2024-03-10 10:00', 'Finalizado'),
(10, 'OC240010', '2024-04-11 08:15', 'Finalizado'),
(11, 'OC240011', '2024-04-12 09:45', 'Finalizado'),
(12, 'OC240012', '2024-05-11 10:30', 'Finalizado'),
(13, 'OC240013', '2024-05-14 08:30', 'Finalizado'),
(14, 'OC240014', '2024-05-21 09:00', 'Finalizado'),
(15, 'OC240015', '2024-06-26 10:15', 'Finalizado'),
(16, 'OC240016', '2024-06-29 08:45', 'Finalizado'),
(17, 'OC240017', '2024-07-17 09:30', 'Finalizado'),
(18, 'OC240018', '2024-07-27 10:00', 'Finalizado'),
(19, 'OC240019', '2024-07-26 08:15', 'Finalizado'),
(20, 'OC240020', '2024-07-29 09:45', 'Finalizado'),
(21, 'OC240021', '2024-08-04 10:30', 'Finalizado'),
(22, 'OC240022', '2024-08-06 08:30', 'Finalizado'),
(23, 'OC240023', '2024-08-07 09:00', 'Finalizado'),
(24, 'OC240024', '2024-08-09 10:15', 'Finalizado'),
(25, 'OC240025', '2024-09-09 08:45', 'Finalizado'),
(26, 'OC240026', '2024-09-09 09:30', 'Finalizado'),
(27, 'OC240027', '2024-09-12 10:00', 'Finalizado'),
(28, 'OC240028', '2024-10-16 08:15', 'Finalizado'),
(29, 'OC240029', '2024-10-20 09:45', 'Finalizado'),
(30, 'OC240030', '2024-10-22 10:30', 'Finalizado'),
(31, 'OC240031', '2024-10-24 08:30', 'Finalizado'),
(32, 'OC240032', '2024-11-07 09:00', 'Finalizado'),
(33, 'OC240033', '2024-11-10 10:15', 'Finalizado'),
(34, 'OC240034', '2024-11-23 08:45', 'Finalizado'),
(35, 'OC240035', '2024-11-24 09:30', 'Finalizado'),
(36, 'OC240036', '2024-12-13 10:00', 'Finalizado'),
(37, 'OC250001', '2025-05-29 08:15', 'Finalizado'),
(38, 'OC250002', '2025-05-28 09:45', 'En transito'),
(39, 'OC250003', null, 'En espera');

INSERT INTO PedidosDespacho (id_prog_desp, id_pedido_cliente, motivo_despacho) VALUES
(1, 1, 'Entrega'), (1, 2, 'Entrega'),
(2, 3, 'Entrega'),
(3, 4, 'Entrega'),
(4, 4, 'Reposicion'),
(5, 5, 'Entrega'), (5, 6, 'Entrega'), (5, 7, 'Entrega'),
(6, 7, 'Reposicion'),
(7, 8, 'Entrega'),
(8, 9, 'Entrega'),
(9, 10, 'Entrega'),
(10, 11, 'Entrega'), (10, 12, 'Entrega'), (10, 13, 'Entrega'), (10, 14, 'Entrega'),
(11, 13, 'Reposicion'),
(12, 15, 'Entrega'), (12, 16, 'Entrega'), 
(13, 16, 'Reposicion'),
(14, 17, 'Entrega'), (14, 18, 'Entrega'),
(15, 19, 'Entrega'), (15, 20, 'Entrega'), (15, 21, 'Entrega'), (15, 22, 'Entrega'),
(16, 20, 'Reposicion'),
(17, 23, 'Entrega'), (17, 24, 'Entrega'),
(18, 25, 'Entrega'),
(19, 26, 'Entrega'),
(20, 26, 'Reposicion'),
(21, 27, 'Entrega'),
(22, 28, 'Entrega'),
(23, 29, 'Entrega'), (23, 30, 'Entrega'),
(24, 29, 'Reposicion'),
(25, 31, 'Entrega'), (25, 33, 'Entrega'),
(26, 32, 'Entrega'),
(27, 32, 'Reposicion'),
(28, 34, 'Entrega'),
(29, 35, 'Entrega'),
(30, 36, 'Entrega'), (30, 37, 'Entrega'),
(31, 37, 'Reposicion'),
(32, 38, 'Entrega'), (32, 39, 'Entrega'),
(33, 39, 'Reposicion'),
(34, 40, 'Entrega'), (34, 41, 'Entrega'),
(35, 40, 'Reposicion'),
(36, 42, 'Entrega'), (36, 43, 'Entrega'), (36, 44, 'Entrega'),
(37, 45, 'Entrega'),
(38, 46, 'Entrega'), (38, 47, 'Entrega'), (38, 48, 'Entrega'),
(39, 45, 'Reposicion');

INSERT INTO RegistrosEntrega (id_orden_carga, estado_entrega, fecha_entrega, id_receptor) VALUES
(1, 'Conforme', '2024-01-10 11:30', 75),
(1, 'Conforme', '2024-01-10 12:15', 82),
(2, 'Conforme', '2024-01-17 14:00', 88),
(3, 'Rechazado', '2024-01-25 15:45', 91),
(4, 'Conforme', '2024-01-27 13:30', 73),
(5, 'Conforme', '2024-02-11 11:15', 79),
(5, 'Conforme', '2024-02-11 12:45', 85),
(5, 'Rechazado', '2024-02-11 14:30', 72),
(6, 'Conforme', '2024-02-15 16:00', 90),
(7, 'Conforme', '2024-03-07 11:45', 74),
(8, 'Conforme', '2024-03-12 13:00', 76),
(9, 'Conforme', '2024-03-09 15:30', 81),
(10, 'Conforme', '2024-04-11 12:00', 78),
(10, 'Conforme', '2024-04-11 14:15', 84),
(10, 'Rechazado', '2024-04-11 16:30', 95),
(10, 'Conforme', '2024-04-11 11:00', 77),
(11, 'Conforme', '2024-04-12 13:30', 89),
(12, 'Conforme', '2024-05-13 11:15', 71),
(12, 'Rechazado', '2024-05-13 14:00', 93),
(13, 'Conforme', '2024-05-16 15:45', 80),
(14, 'Conforme', '2024-05-23 12:30', 74),
(14, 'Conforme', '2024-05-23 13:15', 88),
(15, 'Conforme', '2024-06-27 11:45', 82),
(15, 'Rechazado', '2024-06-27 14:30', 91),
(15, 'Conforme', '2024-06-27 16:00', 73),
(15, 'Conforme', '2024-06-27 12:00', 76),
(16, 'Conforme', '2024-06-29 11:30', 85),
(17, 'Conforme', '2024-07-18 13:00', 90),
(17, 'Conforme', '2024-07-18 15:15', 72),
(18, 'Conforme', '2024-07-28 14:45', 78),
(19, 'Rechazado', '2024-07-28 12:30', 81),
(20, 'Conforme', '2024-07-31 11:00', 89),
(21, 'Conforme', '2024-08-07 13:30', 74),
(22, 'Conforme', '2024-08-09 15:00', 95),
(23, 'Rechazado', '2024-08-07 14:15', 73),
(23, 'Conforme', '2024-08-07 11:45', 88),
(24, 'Conforme', '2024-08-09 12:00', 82),
(25, 'Conforme', '2024-09-10 11:30', 76),
(25, 'Conforme', '2024-09-10 13:00', 90),
(26, 'Rechazado', '2024-09-11 15:30', 71),
(27, 'Conforme', '2024-09-14 12:45', 84),
(28, 'Conforme', '2024-10-18 14:00', 92),
(29, 'Conforme', '2024-10-20 11:15', 75),
(30, 'Conforme', '2024-10-23 13:30', 83),
(30, 'Rechazado', '2024-10-23 16:00', 88),
(31, 'Conforme', '2024-10-25 12:30', 79),
(32, 'Conforme', '2024-11-09 11:00', 72),
(32, 'Rechazado', '2024-11-09 14:15', 94),
(33, 'Conforme', '2024-11-13 15:45', 81),
(34, 'Rechazado', '2024-11-23 11:30', 73),
(34, 'Conforme', '2024-11-23 12:00', 90),
(35, 'Conforme', '2024-11-24 13:00', 76),
(36, 'Conforme', '2024-12-14 11:15', 88),
(36, 'Conforme', '2024-12-14 14:30', 92),
(36, 'Conforme', '2024-12-14 16:00', 75),
(37, 'Rechazado', '2025-06-01 11:00', 71),
(38, 'Rechazado', '2025-05-28 12:30', 84),
(38, 'Rechazado', '2025-05-28 14:15', 93),
(38, 'Pendiente', '2025-05-28 15:00', 89),
(39, 'Pendiente', null, null);

INSERT INTO GuiasRemision (id_reg_ent, num_guia, motivo_traslado, fecha_emision, origen_direccion, ubigeo_origen, destino_direccion, ubigeo_destino) VALUES
(1, '5637640614103', 'Venta', '2024-01-09 07:14', 'Jr 24 de Junio 173', '050101', 'Av. Los Tucanes 398', '150118'),
(2, '5637640614105', 'Venta', '2024-01-09 07:14', 'Jr 24 de Junio 173', '050101', 'Av. Separadora Industrial 673', '150103'),
(3, '5637640614107', 'Venta', '2024-01-16 07:48', 'Jr 24 de Junio 173', '050101', 'Parcela II, Mz C Lote 5 – Av. Pedro Huilca 1301', '150142'),
(4, '5637640614109', 'Venta', '2024-01-24 08:29', 'Jr 24 de Junio 173', '050101', 'Av. República de Panamá 3418', '150131'),
(4, '5637640614111', 'Devolucion', '2024-01-25 14:48', 'Av. República de Panamá 3418', '150131', 'Jr 24 de Junio 173', '050101'),
(5, '5637640614113', 'Venta', '2024-01-26 08:07', 'Jr 24 de Junio 173', '050101', 'Av. República de Panamá 3418', '150131'),
(6, '5637640614115', 'Venta', '2024-02-10 07:55', 'Jr 24 de Junio 173', '050101', 'Av. La Cultura 808', '150137'),
(7, '5637640614117', 'Venta', '2024-02-10 07:55', 'Jr 24 de Junio 173', '050101', 'Jr. Venegas 898', '150117'),
(8, '5637640614119', 'Venta', '2024-02-10 07:55', 'Jr 24 de Junio 173', '050101', 'Av. Los Virreyes MZ I Lt 15', '150137'),
(8, '5637640614121', 'Devolucion', '2024-02-11 15:55', 'Av. Los Virreyes MZ I Lt 15', '150137', 'Jr 24 de Junio 173', '050101'),
(9, '5637640614123', 'Venta', '2024-02-14 08:14', 'Jr 24 de Junio 173', '050101', 'Av. Los Virreyes MZ I Lt 15', '150137'),
(10, '5637640614125', 'Venta', '2024-03-06 07:33', 'Jr 24 de Junio 173', '050101', 'Av. 22 de Julio 247', '150137'),
(11, '5637640614127', 'Venta', '2024-03-09 07:03', 'Jr 24 de Junio 173', '050101', 'Jr. Las Turquesas 513, Urb. Sta. Inés', '130101'),
(12, '5637640614129', 'Venta', '2024-03-10 08:42', 'Jr 24 de Junio 173', '050101', 'Jr. Javier Heraud 525', '050102'),
(13, '5637640614131', 'Venta', '2024-04-11 08:03', 'Jr 24 de Junio 173', '050101', 'Av. Venezuela 228', '050102'),
(14, '5637640614133', 'Venta', '2024-04-11 08:03', 'Jr 24 de Junio 173', '050101', 'Av. Ejército 443', '050101'),
(15, '5637640614135', 'Venta', '2024-04-11 08:03', 'Jr 24 de Junio 173', '050101', 'Jr. Los Jazmines 171', '050101'),
(15, '5637640614137', 'Devolucion', '2024-04-11 08:03', 'Jr. Los Jazmines 171', '050101', 'Jr 24 de Junio 173', '050101'),
(16, '5637640614139', 'Venta', '2024-04-11 08:03', 'Jr 24 de Junio 173', '050101', 'Jr. Bellido 722', '050101'),
(17, '5637640614141', 'Venta', '2024-04-12 07:59', 'Jr 24 de Junio 173', '050101', 'Jr. Los Jazmines 171', '050101'),
(18, '5637640614143', 'Venta', '2024-05-11 08:21', 'Jr 24 de Junio 173', '050101', 'Av. Parra 237', '040101'),
(19, '5637640614145', 'Venta', '2024-05-11 08:21', 'Jr 24 de Junio 173', '050101', 'Av. Independencia 105', '040101'),
(19, '5637640614147', 'Devolucion', '2024-05-13 16:10', 'Av. Independencia 105', '040101', 'Jr 24 de Junio 173', '050101'),
(20, '5637640614149', 'Venta', '2024-05-14 07:18', 'Jr 24 de Junio 173', '050101', 'Av. Independencia 105', '040101'),
(21, '5637640614151', 'Venta', '2024-05-21 08:55', 'Jr 24 de Junio 173', '050101', 'Av. España 764', '130101'),
(22, '5637640614153', 'Venta', '2024-05-21 08:55', 'Jr 24 de Junio 173', '050101', 'Av. Larco 943', '130101'),
(23, '5637640614155', 'Venta', '2024-06-26 07:47', 'Jr 24 de Junio 173', '050101', 'Av. Los Tucanes 398', '150118'),
(24, '5637640614157', 'Venta', '2024-06-26 07:47', 'Jr 24 de Junio 173', '050101', 'Av. La Cultura 808', '150137'),
(24, '5637640614159', 'Devolucion', '2024-06-27 14:20', 'Av. La Cultura 808', '150137', 'Jr 24 de Junio 173', '050101'),
(25, '5637640614161', 'Venta', '2024-06-26 07:47', 'Jr 24 de Junio 173', '050101', 'Parcela II, Mz C Lote 5 – Av. Pedro Huilca 1301', '150142'),
(26, '5637640614163', 'Venta', '2024-06-26 07:47', 'Jr 24 de Junio 173', '050101', 'Jr. Venegas 898', '150117'),
(27, '5637640614165', 'Venta', '2024-06-29 07:52', 'Jr 24 de Junio 173', '050101', 'Av. La Cultura 808', '150137'),
(28, '5637640614167', 'Venta', '2024-07-17 08:37', 'Jr 24 de Junio 173', '050101', 'Av. Los Virreyes MZ I Lt 15', '150137'),
(29, '5637640614169', 'Venta', '2024-07-17 08:37', 'Jr 24 de Junio 173', '050101', 'Parque Ind. Las Praderas – Av. Industrial 2599', '150119'),
(30, '5637640614171', 'Venta', '2024-07-27 08:30', 'Jr 24 de Junio 173', '050101', 'Calle Proveedores 174', '150103'),
(31, '5637640614173', 'Venta', '2024-07-26 07:10', 'Jr 24 de Junio 173', '050101', 'Variante de Uchumayo Km 4.5, Sachaca', '040117'),
(31, '5637640614175', 'Devolucion', '2024-07-28 15:20', 'Variante de Uchumayo Km 4.5, Sachaca', '040117', 'Jr 24 de Junio 173', '050101'),
(32, '5637640614177', 'Venta', '2024-07-29 08:47', 'Jr 24 de Junio 173', '050101', 'Variante de Uchumayo Km 4.5, Sachaca', '040117'),
(33, '5637640614179', 'Venta', '2024-08-04 08:29', 'Jr 24 de Junio 173', '050101', 'Av. Dolores 749, José L. Bustamante y Rivero', '040110'),
(34, '5637640614181', 'Venta', '2024-08-06 07:21', 'Jr 24 de Junio 173', '050101', 'Av. América Sur 814', '130101'),
(35, '5637640614183', 'Venta', '2024-08-07 07:33', 'Jr 24 de Junio 173', '050101', 'Jr. Salvador Cavero 210', '050101'),
(35, '5637640614185', 'Devolucion', '2024-08-07 16:40', 'Jr. Salvador Cavero 210', '050101', 'Jr 24 de Junio 173', '050101'),
(36, '5637640614187', 'Venta', '2024-08-07 07:33', 'Jr 24 de Junio 173', '050101', 'Jr. Puno 129', '050101'),
(37, '5637640614189', 'Venta', '2024-08-09 08:19', 'Jr 24 de Junio 173', '050101', 'Jr. Salvador Cavero 210', '050101'),
(38, '5637640614191', 'Venta', '2024-09-09 07:22', 'Jr 24 de Junio 173', '050101', 'Av. Los Tucanes 398', '150118'),
(39, '5637640614193', 'Venta', '2024-09-09 07:22', 'Jr 24 de Junio 173', '050101', 'Av. Separadora Industrial 673', '150103'),
(40, '5637640614195', 'Venta', '2024-09-09 08:06', 'Jr 24 de Junio 173', '050101', 'Av. Parra 237', '040101'),
(40, '5637640614197', 'Devolucion', '2024-09-11 15:50', 'Av. Parra 237', '040101', 'Jr 24 de Junio 173', '050101'),
(41, '5637640614199', 'Venta', '2024-09-12 08:15', 'Jr 24 de Junio 173', '050101', 'Av. Parra 237', '040101'),
(42, '5637640614201', 'Venta', '2024-10-16 07:34', 'Jr 24 de Junio 173', '050101', 'Av. España 764', '130101'),
(43, '5637640614203', 'Venta', '2024-10-20 07:59', 'Jr 24 de Junio 173', '050101', 'Jr. Bellido 722', '050101'),
(44, '5637640614205', 'Venta', '2024-10-22 08:20', 'Jr 24 de Junio 173', '050101', 'Av. La Cultura 808', '150137'),
(45, '5637640614207', 'Venta', '2024-10-22 08:20', 'Jr 24 de Junio 173', '050101', 'Av. República de Panamá 3418', '150131'),
(45, '5637640614209', 'Devolucion', '2024-10-23 16:10', 'Av. República de Panamá 3418', '150131', 'Jr 24 de Junio 173', '050101'),
(46, '5637640614211', 'Venta', '2024-10-24 07:35', 'Jr 24 de Junio 173', '050101', 'Av. República de Panamá 3418', '150131'),
(47, '5637640614213', 'Venta', '2024-11-07 07:26', 'Jr 24 de Junio 173', '050101', 'Jr. Las Turquesas 513, Urb. Sta. Inés', '130101'),
(48, '5637640614215', 'Venta', '2024-11-07 07:26', 'Jr 24 de Junio 173', '050101', 'Av. América Sur 814', '130101'),
(48, '5637640614217', 'Devolucion', '2024-11-09 16:45', 'Av. América Sur 814', '130101', 'Jr 24 de Junio 173', '050101'),
(49, '5637640614219', 'Venta', '2024-11-10 08:52', 'Jr 24 de Junio 173', '050101', 'Av. América Sur 814', '130101'),
(50, '5637640614221', 'Venta', '2024-11-23 08:07', 'Jr 24 de Junio 173', '050101', 'Av. Ejército 443', '050101'),
(50, '5637640614223', 'Devolucion', '2024-11-23 14:30', 'Av. Ejército 443', '050101', 'Jr 24 de Junio 173', '050101'),
(51, '5637640614225', 'Venta', '2024-11-23 08:07', 'Jr 24 de Junio 173', '050101', 'Jr. Los Jazmines 171', '050101'),
(52, '5637640614227', 'Venta', '2024-11-24 08:22', 'Jr 24 de Junio 173', '050101', 'Av. Ejército 443', '050101'),
(53, '5637640614229', 'Venta', '2024-12-13 07:38', 'Jr 24 de Junio 173', '050101', 'Jr. Venegas 898', '150117'),
(54, '5637640614231', 'Venta', '2024-12-13 07:38', 'Jr 24 de Junio 173', '050101', 'Av. Los Virreyes MZ I Lt 15', '150137'),
(55, '5637640614233', 'Venta', '2024-12-13 07:38', 'Jr 24 de Junio 173', '050101', 'Parque Ind. Las Praderas – Av. Industrial 2599', '150119'),
(57, '5637640614235', 'Venta', '2025-05-28 07:12', 'Jr 24 de Junio 173', '050101', 'Av. Venezuela 228', '050102'),
(58, '5637640614237', 'Venta', '2025-05-28 07:12', 'Jr 24 de Junio 173', '050101', 'Jr. Los Jazmines 171', '050101'),
(59, '5637640614239', 'Venta', '2025-05-28 07:12', 'Jr 24 de Junio 173', '050101', 'Jr. Bellido 722', '050101'),
(57, '5637640614241', 'Devolucion', '2025-05-28 12:35', 'Av. Venezuela 228', '050102', 'Jr 24 de Junio 173', '050101'),
(56, '5637621314235', 'Venta', '2025-05-28 07:12', 'Jr 24 de Junio 173', '050101', 'Av. Parra 237', '040101'),
(56, '5637640661241', 'Devolucion', '2025-05-28 19:35', 'Av. Parra 237', '040101', 'Jr 24 de Junio 173', '050101'),
(58, '5637640611237', 'Devolucion', '2025-05-28 15:23', 'Jr. Los Jazmines 171', '050101', 'Jr 24 de Junio 173', '050101');

INSERT INTO LotesProducto (id_lote_producto, codigo,cantidad_planeada, cantidad_producida, fecha_creacion, estado_lote_producto, estado_calidad, fecha_vencimiento, etapa_produccion, id_orden_produccion, cantidad_disponible) VALUES
(1, 'LP000001', 40, 40, '2024-01-07 08:00:00', 'Completado', 'Aprobado', '2025-01-08', 'Almacen', 1, 0), 
(2, 'LP000002', 70, 70, '2024-01-07 08:00:00', 'Completado', 'Aprobado', '2025-01-08', 'Almacen', 1, 0),
(3, 'LP000003', 30, 30, '2024-01-07 08:00:00', 'Completado', 'Aprobado', '2025-01-08', 'Almacen', 2, 0), 
(4, 'LP000004', 70, 70, '2024-01-07 08:00:00', 'Completado', 'Aprobado', '2025-01-08', 'Almacen', 2, 0), 
(5, 'LP000005', 35, 35, '2024-01-07 08:00:00', 'Completado', 'Aprobado', '2025-01-08', 'Almacen', 3, 0), 
(6, 'LP000006', 70, 70, '2024-01-07 08:00:00', 'Completado', 'Aprobado', '2025-01-08', 'Almacen', 3, 0), 
(7, 'LP000007', 39, 39, '2024-01-07 08:00:00', 'Completado', 'Aprobado', '2025-01-08', 'Almacen', 4, 0), 
(8, 'LP000008', 70, 70, '2024-01-07 08:00:00', 'Completado', 'Aprobado', '2025-01-08', 'Almacen', 4, 0),
(9, 'LP000009', 50, 50, '2024-01-14 10:00:00', 'Completado', 'Aprobado', '2025-01-15', 'Almacen', 5, 0), 
(10, 'LP000010', 70, 50, '2024-01-14 10:00:00', 'Completado', 'Aprobado', '2025-01-15', 'Almacen', 5, 0),
(11, 'LP000011', 20, 20, '2024-01-15 10:00:00', 'Completado', 'Aprobado', '2025-01-15', 'Almacen', 5, 0),
(12, 'LP000012', 36, 36, '2024-01-14 10:00:00', 'Completado', 'Aprobado', '2025-01-15', 'Almacen', 6, 0),
(13, 'LP000013', 70, 70, '2024-01-14 10:00:00', 'Completado', 'Aprobado', '2025-01-15', 'Almacen', 6, 0),
(14, 'LP000014', 30, 30, '2024-01-21 08:00:00', 'Completado', 'Aprobado', '2025-01-22', 'Almacen', 7, 0),
(15, 'LP000015', 70, 70, '2024-01-21 08:00:00', 'Completado', 'Aprobado', '2025-01-22', 'Almacen', 7, 0),
(16, 'LP000016', 51, 51, '2024-01-21 08:00:00', 'Completado', 'Aprobado', '2025-01-22', 'Almacen', 8, 0),
(17, 'LP000017', 70, 70, '2024-01-21 08:00:00', 'Completado', 'Aprobado', '2025-01-22', 'Almacen', 8, 0),
(18, 'LP000018', 40, 20, '2024-01-21 08:00:00', 'Completado', 'Aprobado', '2025-01-22', 'Almacen', 9, 0),
(19, 'LP000019', 20, 20, '2024-01-22 08:00:00', 'Completado', 'Aprobado', '2025-01-22', 'Almacen', 9, 0),
(20, 'LP000020', 70, 70, '2024-01-21 08:00:00', 'Completado', 'Aprobado', '2025-01-22', 'Almacen', 9, 20),
(21, 'LP000021', 33, 33, '2024-02-09 09:00:00', 'Completado', 'Aprobado', '2025-02-10', 'Almacen', 10, 0),
(22, 'LP000022', 70, 70, '2024-02-09 09:00:00', 'Completado', 'Aprobado', '2025-02-10', 'Almacen', 10, 0),
(23, 'LP000023', 24, 24, '2024-03-05 10:00:00', 'Completado', 'Aprobado', '2025-03-06', 'Almacen', 11, 0),
(24, 'LP000024', 70, 70, '2024-03-05 10:00:00', 'Completado', 'Aprobado', '2025-03-06', 'Almacen', 11, 0),
(25, 'LP000025', 37, 37, '2024-05-08 08:00:00', 'Completado', 'Aprobado', '2025-05-09', 'Almacen', 12, 0),
(26, 'LP000026', 70, 70, '2024-05-08 08:00:00', 'Completado', 'Aprobado', '2025-05-09', 'Almacen', 12, 0),
(27, 'LP000027', 50, 50, '2024-05-20 09:00:00', 'Completado', 'Aprobado', '2025-05-21', 'Almacen', 13, 0),
(28, 'LP000028', 70, 70, '2024-05-20 09:00:00', 'Completado', 'Aprobado', '2025-05-21', 'Almacen', 13, 0),
(29, 'LP000029', 42, 42, '2024-06-18 08:00:00', 'Completado', 'Aprobado', '2027-06-19', 'Almacen', 14, 0),
(30, 'LP000030', 70, 50, '2024-06-18 08:00:00', 'Completado', 'Aprobado', '2025-06-19', 'Almacen', 14, 0),
(31, 'LP000031', 20, 20, '2024-06-19 08:00:00', 'Completado', 'Aprobado', '2025-06-19', 'Almacen', 14, 0),
(32, 'LP000032', 38, 38, '2024-06-23 10:00:00', 'Completado', 'Aprobado', '2025-06-24', 'Almacen', 15, 0),
(33, 'LP000033', 70, 70, '2024-06-23 10:00:00', 'Completado', 'Aprobado', '2025-06-24', 'Almacen', 15, 0),
(34, 'LP000034', 35, 35, '2024-07-15 09:00:00', 'Completado', 'Aprobado', '2025-07-16', 'Almacen', 16, 0),
(35, 'LP000035', 70, 70, '2024-07-15 09:00:00', 'Completado', 'Aprobado', '2025-07-16', 'Almacen', 16, 0),
(36, 'LP000036', 25, 25, '2024-07-15 09:00:00', 'Completado', 'Aprobado', '2025-07-16', 'Almacen', 17, 0),
(37, 'LP000037', 70, 70, '2024-07-15 09:00:00', 'Completado', 'Aprobado', '2025-07-16', 'Almacen', 17, 24),
(38, 'LP000038', 35, 35, '2024-08-03 08:00:00', 'Completado', 'Aprobado', '2025-08-04', 'Almacen', 18, 0),
(39, 'LP000039', 70, 70, '2024-08-03 08:00:00', 'Completado', 'Aprobado', '2025-08-04', 'Almacen', 18, 30),
(40, 'LP000040', 27, 27, '2024-08-03 08:00:00', 'Completado', 'Aprobado', '2025-08-04', 'Almacen', 19, 0),
(41, 'LP000041', 70, 70, '2024-08-03 08:00:00', 'Completado', 'Aprobado', '2025-08-04', 'Almacen', 19, 0),
(42, 'LP000042', 32, 12, '2024-08-04 08:00:00', 'Completado', 'Aprobado', '2025-08-05', 'Almacen', 20, 0),
(43, 'LP000043', 20, 20, '2024-08-05 08:00:00', 'Completado', 'Aprobado', '2025-08-05', 'Almacen', 20, 14),
(44, 'LP000044', 70, 70, '2024-08-04 08:00:00', 'Completado', 'Aprobado', '2025-08-05', 'Almacen', 20, 0),
(45, 'LP000045', 24, 24, '2024-09-07 10:00:00', 'Completado', 'Aprobado', '2025-09-08', 'Almacen', 21, 0),
(46, 'LP000046', 70, 70, '2024-09-07 10:00:00', 'Completado', 'Aprobado', '2025-09-08', 'Almacen', 21, 0),
(47, 'LP000047', 52, 52, '2024-09-07 10:00:00', 'Completado', 'Aprobado', '2025-09-08', 'Almacen', 22, 0),
(48, 'LP000048', 70, 70, '2024-09-07 10:00:00', 'Completado', 'Aprobado', '2025-09-08', 'Almacen', 22, 0),
(49, 'LP000049', 21, 21, '2024-11-06 09:00:00', 'Completado', 'Aprobado', '2025-11-07', 'Almacen', 23, 0),
(50, 'LP000050', 60, 40, '2024-11-06 09:00:00', 'Completado', 'Aprobado', '2025-11-07', 'Almacen', 23, 0),
(51, 'LP000051', 20, 20, '2024-11-07 09:00:00', 'Completado', 'Aprobado', '2025-11-07', 'Almacen', 23, 7),
(52, 'LP000052', 22, 22, '2024-12-09 10:00:00', 'Completado', 'Aprobado', '2025-12-10', 'Almacen', 24, 0),
(53, 'LP000053', 70, 70, '2024-12-09 10:00:00', 'Completado', 'Aprobado', '2025-12-10', 'Almacen', 24, 70),
(54, 'LP000054', 42, 42, '2024-12-10 08:00:00', 'Completado', 'Aprobado', '2025-12-11', 'Almacen', 25, 0),
(55, 'LP000055', 70, 70, '2024-12-10 08:00:00', 'Completado', 'Aprobado', '2025-12-11', 'Almacen', 25, 0),
(56, 'LP000056', 70, 70, '2024-12-10 08:00:00', 'Completado', 'Aprobado', '2025-12-11', 'Almacen', 26, 0),
(57, 'LP000057', 70, 70, '2024-12-10 08:00:00', 'Completado', 'Aprobado', '2025-12-11', 'Almacen', 26, 55),

(58, 'LP000058', 20, 20, '2025-05-29 08:00:00', 'En proceso', 'Pendiente', NULL, 'Secado', 27, 0),
(59, 'LP000059', 22, 22, '2025-06-12 08:00:00', 'En inspeccion', 'Pendiente', NULL, 'Mezclado', 27, 0),
(60, 'LP000060', 22, 22, '2025-06-20 08:00:00', 'En inspeccion', 'Pendiente', NULL, 'Moldeado', 27, 0),
(61, 'LP000061', 22, 22, '2025-07-26 08:00:00', 'En inspeccion', 'Pendiente', NULL, 'Secado', 27, 0),
(62, 'LP000062', 22, 22, '2025-07-22 08:00:00', 'En inspeccion', 'Pendiente', NULL, 'Envasado', 27, 0);


INSERT INTO TiposMaquina (id_tipo_maquina, codigo, nombre, marca, modelo, etapa_produccion) VALUES
(1, 'TM000001', 'Mezcladora industrial', 'Mixer Tanks', 'Mezcladora de Cinta Horizontal', 'Mezclado'),
(2, 'TM000002', 'Moldeadora industrial', 'REP International', 'TYC-V-3RT', 'Moldeado'),
(3, 'TM000003', 'Secadora industrial', 'Fagor Professional', 'KARE Generation', 'Secado');


INSERT INTO EjemplaresMaquina (id_ejemplar_maquina,codigo,fecha_instalacion,estado,fecha_ultimo_mantenimiento,plan_mantenimiento,id_tipo_maquina) VALUES
(1 , 'MQ000001' , '2024-01-01' , 'Operativo' , '2025-01-01',6,1),
(2 , 'MQ000002' , '2024-01-01' , 'Operativo' , '2025-01-01',6,1),
(3 , 'MQ000003' , '2024-01-01' , 'Operativo' , '2025-01-01',6,1),
(4 , 'MQ000004' , '2024-01-01' , 'Operativo' , '2025-01-01',6,1),
(5 , 'MQ000005' , '2024-01-01' , 'Operativo' , '2025-01-01',6,1),
(6 , 'MQ000006' , '2024-01-01' , 'Operativo' , '2025-01-01',6,1),
(7 , 'MQ000007' , '2024-01-01' , 'Operativo' , '2025-01-01',6,1),
(8 , 'MQ000008' , '2024-01-01' , 'Operativo' , '2025-01-01',6,1),
(9 , 'MQ000009' , '2024-01-01' , 'Operativo' , '2025-01-01',6,1),
(10 , 'MQ000010' , '2024-01-01' , 'Operativo' , '2025-01-01',6,1),
(11 , 'MQ000011' , '2024-01-01' , 'Operativo' , '2025-01-01',6,1),
(12 , 'MQ000012' , '2024-01-01' , 'Operativo' , '2025-01-01',6,1),
(13 , 'MQ000013' , '2024-01-01' , 'Operativo' , '2025-01-01',6,1),
(14 , 'MQ000014' , '2024-01-02' , 'Operativo' , '2025-01-02',6,1),
(15 , 'MQ000015' , '2024-01-02' , 'Operativo' , '2025-01-02',6,1),
(16 , 'MQ000016' , '2024-01-02' , 'Operativo' , '2025-01-02',6,1),
(17 , 'MQ000017' , '2024-01-02' , 'Operativo' , '2025-01-02',6,1),
(18 , 'MQ000018' , '2024-01-02' , 'Operativo' , '2025-01-02',6,1),
(19 , 'MQ000019' , '2024-01-02' , 'Operativo' , '2025-01-02',6,1),
(20 , 'MQ000020' , '2024-01-02' , 'Operativo' , '2025-01-02',6,1),
(21 , 'MQ000021' , '2024-01-02' , 'Operativo' , '2025-01-02',6,1),
(22 , 'MQ000022' , '2024-01-02' , 'Operativo' , '2025-01-02',6,1),
(23 , 'MQ000023' , '2024-01-02' , 'Operativo' , '2025-01-02',6,1),
(24 , 'MQ000024' , '2024-01-02' , 'Operativo' , '2025-01-02',6,1),
(25 , 'MQ000025' , '2024-01-02' , 'Fuera de servicio' , '2024-07-02',6,1),
(26 , 'MQ000026' , '2024-01-02' , 'Fuera de servicio' , '2025-01-02',6,1),
(27 , 'MQ000027' , '2024-01-03' , 'Operativo' , '2025-01-03',6,2),
(28 , 'MQ000028' , '2024-01-03' , 'Operativo' , '2025-01-03',6,2),
(29 , 'MQ000029' , '2024-01-03' , 'Operativo' , '2025-01-03',6,2),
(30 , 'MQ000030' , '2024-01-03' , 'Operativo' , '2025-01-03',6,2),
(31 , 'MQ000031' , '2024-01-03' , 'Operativo' , '2025-01-03',6,2),
(32 , 'MQ000032' , '2024-01-03' , 'Operativo' , '2025-01-03',6,2),
(33 , 'MQ000033' , '2024-01-03' , 'Operativo' , '2025-01-03',6,2),
(34 , 'MQ000034' , '2024-01-03' , 'Operativo' , '2025-01-03',6,2),
(35 , 'MQ000035' , '2024-01-03' , 'Operativo' , '2025-01-03',6,2),
(36 , 'MQ000036' , '2024-01-03' , 'Operativo' , '2025-01-03',6,2),
(37 , 'MQ000037' , '2024-01-03' , 'Operativo' , '2025-01-03',6,2),
(38 , 'MQ000038' , '2024-01-03' , 'Operativo' , '2025-01-03',6,2),
(39 , 'MQ000039' , '2024-01-03' , 'Operativo' , '2025-01-03',6,2),
(40 , 'MQ000040' , '2024-01-04' , 'Operativo' , '2025-01-04',6,2),
(41 , 'MQ000041' , '2024-01-04' , 'Operativo' , '2025-01-04',6,2),
(42 , 'MQ000042' , '2024-01-04' , 'Operativo' , '2025-01-04',6,2),
(43 , 'MQ000043' , '2024-01-04' , 'Operativo' , '2025-01-04',6,2),
(44 , 'MQ000044' , '2024-01-04' , 'Operativo' , '2025-01-04',6,2),
(45 , 'MQ000045' , '2024-01-04' , 'Operativo' , '2025-01-04',6,2),
(46 , 'MQ000046' , '2024-01-04' , 'Operativo' , '2025-01-04',6,2),
(47 , 'MQ000047' , '2024-01-04' , 'Operativo' , '2025-01-04',6,2),
(48 , 'MQ000048' , '2024-01-04' , 'Operativo' , '2025-01-04',6,2),
(49 , 'MQ000049' , '2024-01-04' , 'Operativo' , '2025-01-04',6,2),
(50 , 'MQ000050' , '2024-01-04' , 'Operativo' , '2025-01-04',6,2),
(51 , 'MQ000051' , '2024-01-04' , 'Operativo' , '2025-01-04',6,2),
(52 , 'MQ000052' , '2024-01-04' , 'Fuera de servicio' , '2024-07-04',6,2),
(53 , 'MQ000053' , '2024-01-05' , 'Operativo' , '2025-01-05',6,3),
(54 , 'MQ000054' , '2024-01-05' , 'Operativo' , '2025-01-05',6,3),
(55 , 'MQ000055' , '2024-01-05' , 'Fuera de servicio' , '2024-07-05',6,3),
(56 , 'MQ000056' , '2024-01-05' , 'En mantenimiento' , '2025-01-05',6,3);

-- POBLAMIENTO MODULO PRODUCCION
INSERT INTO Dosificados (id_dosificado, codigo, numero_batch, fecha_proceso, tiempo_proceso,estado, id_lote_producto, id_empleado 
) VALUES
(1,'DS000001',1,'2024-01-07 08:10:00',176,'Completado',1,3),
(2,'DS000002',1,'2024-01-07 08:10:00',298,'Completado',2,3),
(3,'DS000003',1,'2024-01-07 08:10:00',115,'Completado',3,4),
(4,'DS000004',1,'2024-01-07 08:10:00',298,'Completado',4,4),
(5,'DS000005',1,'2024-01-07 08:10:00',121,'Completado',5,5),
(6,'DS000006',1,'2024-01-07 08:10:00',298,'Completado',6,5),
(7,'DS000007',1,'2024-01-07 08:10:00',166,'Completado',7,3),
(8,'DS000008',1,'2024-01-07 08:10:00',298,'Completado',8,3),
(9,'DS000009',1,'2024-01-14 10:10:00',215,'Completado',9,4),
(10,'DS000010',1,'2024-01-14 10:10:00',298,'Completado',10,4),
(11,'DS000011',1,'2024-01-15 10:10:00',94,'Completado',11,4),
(12,'DS000012',1,'2024-01-14 10:10:00',166,'Completado',12,3),
(13,'DS000013',1,'2024-01-14 10:10:00',298,'Completado',13,3),
(14,'DS000014',1,'2024-01-21 08:10:00',122,'Completado',14,4),
(15,'DS000015',1,'2024-01-21 08:10:00',298,'Completado',15,4),
(16,'DS000016',1,'2024-01-21 08:10:00',220,'Completado',16,5),
(17,'DS000017',1,'2024-01-21 08:10:00',298,'Completado',17,5),
(18,'DS000018',1,'2024-01-21 08:10:00',176,'Completado',18,3),
(19,'DS000019',1,'2024-01-22 08:10:00',94,'Completado',19,3),
(20,'DS000020',1,'2024-01-21 08:10:00',298,'Completado',20,3),
(21,'DS000021',1,'2024-02-09 09:10:00',117,'Completado',21,4),
(22,'DS000022',1,'2024-02-09 09:10:00',298,'Completado',22,4),
(23,'DS000023',1,'2024-03-05 10:10:00',112,'Completado',23,5),
(24,'DS000024',1,'2024-03-05 10:10:00',298,'Completado',24,5),
(25,'DS000025',1,'2024-05-08 08:10:00',125,'Completado',25,3),
(26,'DS000026',1,'2024-05-08 08:10:00',298,'Completado',26,3),
(27,'DS000027',1,'2024-05-20 09:10:00',221,'Completado',27,4),
(28,'DS000028',1,'2024-05-20 09:10:00',298,'Completado',28,4),
(29,'DS000029',1,'2024-06-18 08:10:00',196,'Completado',29,5),
(30,'DS000030',1,'2024-06-18 08:10:00',298,'Completado',30,5),
(31,'DS000031',1,'2024-06-19 08:10:00',94,'Completado',31,5),
(32,'DS000032',1,'2024-06-23 10:10:00',124,'Completado',32,3),
(33,'DS000033',1,'2024-06-23 10:10:00',298,'Completado',33,3),
(34,'DS000034',1,'2024-07-15 09:10:00',178,'Completado',34,4),
(35,'DS000035',1,'2024-07-15 09:10:00',298,'Completado',35,4),
(36,'DS000036',1,'2024-07-15 09:10:00',112,'Completado',36,5),
(37,'DS000037',1,'2024-07-15 09:10:00',298,'Completado',37,5),
(38,'DS000038',1,'2024-08-03 08:10:00',178,'Completado',38,3),
(39,'DS000039',1,'2024-08-03 08:10:00',298,'Completado',39,3),
(40,'DS000040',1,'2024-08-03 08:10:00',120,'Completado',40,4),
(41,'DS000041',1,'2024-08-03 08:10:00',298,'Completado',41,4),
(42,'DS000042',1,'2024-08-04 08:10:00',170,'Completado',42,5),
(43,'DS000043',1,'2024-08-05 08:10:00',94,'Completado',43,5),
(44,'DS000044',1,'2024-08-04 08:10:00',298,'Completado',44,5),
(45,'DS000045',1,'2024-09-07 10:10:00',118,'Completado',45,3),
(46,'DS000046',1,'2024-09-07 10:10:00',298,'Completado',46,3),
(47,'DS000047',1,'2024-09-07 10:10:00',224,'Completado',47,4),
(48,'DS000048',1,'2024-09-07 10:10:00',298,'Completado',48,4),
(49,'DS000049',1,'2024-11-06 09:10:00',99,'Completado',49,5),
(50,'DS000050',1,'2024-11-06 09:10:00',241,'Completado',50,5),
(51,'DS000051',1,'2024-11-07 09:10:00',98,'Completado',51,5),
(52,'DS000052',1,'2024-12-09 10:10:00',101,'Completado',52,3),
(53,'DS000053',1,'2024-12-09 10:10:00',298,'Completado',53,3),
(54,'DS000054',1,'2024-12-10 08:10:00',180,'Completado',54,4),
(55,'DS000055',1,'2024-12-10 08:10:00',298,'Completado',55,4),
(56,'DS000056',1,'2024-12-10 08:10:00',298,'Completado',56,5),
(57,'DS000057',1,'2024-12-10 08:10:00',298,'Completado',57,5),
(58,'DS000058',1,'2025-05-29 08:10:00',94,'Completado',58,3),
(59,'DS000059',1,'2025-05-29 08:10:00',98,'Completado',59,3);

INSERT INTO DosificadosXLotesInsumo (id_dosificado,id_lote_insumo,cantidad_dosificada
) VALUES
-- DOSIFICADO 1 (LOTE DE PRODUCTO 1, FORMULACION 1)
(1, 1, 6.25),  
(1, 2, 18.75), 
(1, 5, 0.20),  
(1, 6, 0.20),  
(1, 8, 0.05),  

-- DOSIFICADO 2 (LOTE DE PRODUCTO 2, FORMULACION 1)
(2, 2, 18.75),
(2, 1, 6.25),
(2, 5, 0.20),
(2, 6, 0.20),
(2, 8, 0.05),

-- DOSIFICADO 3 (LOTE DE PRODUCTO 3, FORMULACION 2)
(3, 2, 17.00),
(3, 1, 5.00),
(3, 4, 2.50),
(3, 5, 0.20),
(3, 6, 0.20),
(3, 8, 0.05),

-- DOSIFICADO 4 (LOTE DE PRODUCTO 4, FORMULACION 2)
(4, 2, 17.00),
(4, 1, 5.00),
(4, 4, 2.50),
(4, 5, 0.20),
(4, 6, 0.20),
(4, 8, 0.05),

-- DOSIFICADO 5 (LOTE DE PRODUCTO 5, FORMULACION 9)
(5, 2, 10.00),
(5, 1, 6.00),
(5, 4, 4.50),
(5, 3, 4.50),
(5, 5, 0.20),
(5, 6, 0.20),

-- DOSIFICADO 6 (LOTE DE PRODUCTO 6, FORMULACION 9)
(6, 2, 10.00),
(6, 1, 6.00),
(6, 4, 4.50),
(6, 3, 4.50),
(6, 5, 0.20),
(6, 6, 0.20),

-- DOSIFICADO 7 (LOTE DE PRODUCTO 7, FORMULACION 10)
(7, 2, 15.00),
(7, 1, 8.00),
(7, 10, 0.60),
(7, 8, 0.05),

-- DOSIFICADO 8 (LOTE DE PRODUCTO 8, FORMULACION 10)
(8, 2, 15.00),
(8, 1, 8.00),
(8, 10, 0.60),
(8, 8, 0.05),

-- DOSIFICADO 9 (LOTE DE PRODUCTO 9, FORMULACION 5)
(9, 2, 15.00),
(9, 1, 8.00),
(9, 7, 0.20),
(9, 10, 0.20),

-- DOSIFICADO 10 (LOTE DE PRODUCTO 10, FORMULACION 5)
(10, 2, 15.00),
(10, 1, 8.00),
(10, 7, 0.20),
(10, 10, 0.20),

-- DOSIFICADO 11 (LOTE DE PRODUCTO 11, FORMULACION 5)
(11, 2, 15.00),
(11, 1, 8.00),
(11, 7, 0.20),
(11, 10, 0.20),

-- DOSIFICADO 12 (LOTE DE PRODUCTO 12, FORMULACION 7)
(12, 2, 12.00),
(12, 1, 8.00),
(12, 3, 5.00),
(12, 5, 0.20),
(12, 6, 0.20),
(12, 8, 0.05),

-- DOSIFICADO 13 (LOTE DE PRODUCTO 13, FORMULACION 7)
(13, 2, 12.00),
(13, 1, 8.00),
(13, 3, 5.00),
(13, 5, 0.20),
(13, 6, 0.20),
(13, 8, 0.05),

-- DOSIFICADO 14 (LOTE DE PRODUCTO 14, FORMULACION 3)
(14, 2, 15.00),
(14, 1, 8.00),
(14, 7, 0.20),
(14, 10, 0.20),
(14, 8, 0.05),

-- DOSIFICADO 15 (LOTE DE PRODUCTO 15, FORMULACION 3)
(15, 2, 15.00),
(15, 1, 8.00),
(15, 7, 0.20),
(15, 10, 0.20),
(15, 8, 0.05),

-- DOSIFICADO 16 (LOTE DE PRODUCTO 16, FORMULACION 4)
(16, 2, 15.00),
(16, 1, 8.00),
(16, 7, 0.20),
(16, 10, 0.20),
(16, 8, 0.05),

-- DOSIFICADO 17 (LOTE DE PRODUCTO 17, FORMULACION 4)
(17, 2, 15.00),
(17, 1, 8.00),
(17, 7, 0.20),
(17, 10, 0.20),
(17, 8, 0.05),

-- DOSIFICADO 18 (LOTE DE PRODUCTO 18, FORMULACION 8)
(18, 2, 16.00),
(18, 1, 8.00),
(18, 9, 0.30),
(18, 5, 0.10),
(18, 8, 0.05),

-- DOSIFICADO 19 (LOTE DE PRODUCTO 19, FORMULACION 8)
(19, 2, 16.00),
(19, 1, 8.00),
(19, 9, 0.30),
(19, 5, 0.10),
(19, 8, 0.05),

-- DOSIFICADO 20 (LOTE DE PRODUCTO 20, FORMULACION 8)
(20, 2, 16.00),
(20, 1, 8.00),
(20, 9, 0.30),
(20, 5, 0.10),
(20, 8, 0.05),

-- DOSIFICADO 21 (LOTE DE PRODUCTO 21, FORMULACION 6)
(21, 2, 15.00),
(21, 1, 8.00),
(21, 7, 0.40),
(21, 8, 0.05),

-- DOSIFICADO 22 (LOTE DE PRODUCTO 22, FORMULACION 6)
(22, 2, 15.00),
(22, 1, 8.00),
(22, 7, 0.40),
(22, 8, 0.05),

-- DOSIFICADO 23 (LOTE DE PRODUCTO 23, FORMULACION 2)
(23, 2, 17.00),
(23, 1, 5.00),
(23, 4, 2.50),
(23, 5, 0.20),
(23, 6, 0.20),
(23, 8, 0.05),

-- DOSIFICADO 24 (LOTE DE PRODUCTO 24, FORMULACION 2)
(24, 2, 17.00),
(24, 1, 5.00),
(24, 4, 2.50),
(24, 5, 0.20),
(24, 6, 0.20),
(24, 8, 0.05),

-- DOSIFICADO 25 (LOTE DE PRODUCTO 25, FORMULACION 3)
(25, 2, 15.00),
(25, 1, 8.00),
(25, 7, 0.20),
(25, 10, 0.20),
(25, 8, 0.05),

-- DOSIFICADO 26 (LOTE DE PRODUCTO 26, FORMULACION 3)
(26, 2, 15.00),
(26, 1, 8.00),
(26, 7, 0.20),
(26, 10, 0.20),
(26, 8, 0.05),

-- DOSIFICADO 27 (LOTE DE PRODUCTO 27, FORMULACION 1)
(27, 2, 18.75),
(27, 1, 6.25),
(27, 5, 0.20),
(27, 6, 0.20),
(27, 8, 0.05),

-- DOSIFICADO 28 (LOTE DE PRODUCTO 28, FORMULACION 1)
(28, 2, 18.75),
(28, 1, 6.25),
(28, 5, 0.20),
(28, 6, 0.20),
(28, 8, 0.05),

-- DOSIFICADO 29 (LOTE DE PRODUCTO 29, FORMULACION 2)
(29, 2, 17.00),
(29, 1, 5.00),
(29, 4, 2.50),
(29, 5, 0.20),
(29, 6, 0.20),
(29, 8, 0.05),

-- DOSIFICADO 30 (LOTE DE PRODUCTO 30, FORMULACION 2)
(30, 2, 17.00),
(30, 1, 5.00),
(30, 4, 2.50),
(30, 5, 0.20),
(30, 6, 0.20),
(30, 8, 0.05),

-- DOSIFICADO 31 (LOTE DE PRODUCTO 31, FORMULACION 2)
(31, 2, 17.00),
(31, 1, 5.00),
(31, 4, 2.50),
(31, 5, 0.20),
(31, 6, 0.20),
(31, 8, 0.05),

-- DOSIFICADO 32 (LOTE DE PRODUCTO 32, FORMULACION 5)
(32, 2, 15.00),
(32, 1, 8.00),
(32, 7, 0.20),
(32, 10, 0.20),

-- DOSIFICADO 33 (LOTE DE PRODUCTO 33, FORMULACION 5)
(33, 2, 15.00),
(33, 1, 8.00),
(33, 7, 0.20),
(33, 10, 0.20),

-- DOSIFICADO 34 (LOTE DE PRODUCTO 34, FORMULACION 1)
(34, 2, 18.75),
(34, 1, 6.25),
(34, 5, 0.20),
(34, 6, 0.20),
(34, 8, 0.05),

-- DOSIFICADO 35 (LOTE DE PRODUCTO 35, FORMULACION 1)
(35, 2, 18.75),
(35, 1, 6.25),
(35, 5, 0.20),
(35, 6, 0.20),
(35, 8, 0.05),

-- DOSIFICADO 36 (LOTE DE PRODUCTO 36, FORMULACION 2)
(36, 2, 17.00),
(36, 1, 5.00),
(36, 4, 2.50),
(36, 5, 0.20),
(36, 6, 0.20),
(36, 8, 0.05),

-- DOSIFICADO 37 (LOTE DE PRODUCTO 37, FORMULACION 2)
(37, 2, 17.00),
(37, 1, 5.00),
(37, 4, 2.50),
(37, 5, 0.20),
(37, 6, 0.20),
(37, 8, 0.05),

-- DOSIFICADO 38 (LOTE DE PRODUCTO 38, FORMULACION 1)
(38, 2, 18.75),
(38, 1, 6.25),
(38, 5, 0.20),
(38, 6, 0.20),
(38, 8, 0.05),

-- DOSIFICADO 39 (LOTE DE PRODUCTO 39, FORMULACION 1)
(39, 2, 18.75),
(39, 1, 6.25),
(39, 5, 0.20),
(39, 6, 0.20),
(39, 8, 0.05),

-- DOSIFICADO 40 (LOTE DE PRODUCTO 40, FORMULACION 2)
(40, 2, 17.00),
(40, 1, 5.00),
(40, 4, 2.50),
(40, 5, 0.20),
(40, 6, 0.20),
(40, 8, 0.05),

-- DOSIFICADO 41 (LOTE DE PRODUCTO 41, FORMULACION 2)
(41, 2, 17.00),
(41, 1, 5.00),
(41, 4, 2.50),
(41, 5, 0.20),
(41, 6, 0.20),
(41, 8, 0.05),

-- DOSIFICADO 42 (LOTE DE PRODUCTO 42, FORMULACION 6)
(42, 2, 15.00),
(42, 1, 8.00),
(42, 7, 0.40),
(42, 8, 0.05),

-- DOSIFICADO 43 (LOTE DE PRODUCTO 43, FORMULACION 6)
(43, 2, 15.00),
(43, 1, 8.00),
(43, 7, 0.40),
(43, 8, 0.05),

-- DOSIFICADO 44 (LOTE DE PRODUCTO 44, FORMULACION 6)
(44, 2, 15.00),
(44, 1, 8.00),
(44, 7, 0.40),
(44, 8, 0.05),

-- DOSIFICADO 45 (LOTE DE PRODUCTO 45, FORMULACION 3)
(45, 2, 15.00),
(45, 1, 8.00),
(45, 7, 0.20),
(45, 10, 0.20),
(45, 8, 0.05),

-- DOSIFICADO 46 (LOTE DE PRODUCTO 46, FORMULACION 3)
(46, 2, 15.00),
(46, 1, 8.00),
(46, 7, 0.20),
(46, 10, 0.20),
(46, 8, 0.05),

-- DOSIFICADO 47 (LOTE DE PRODUCTO 47, FORMULACION 1)
(47, 2, 18.75),
(47, 1, 6.25),
(47, 5, 0.20),
(47, 6, 0.20),
(47, 8, 0.05),

-- DOSIFICADO 48 (LOTE DE PRODUCTO 48, FORMULACION 1)
(48, 2, 18.75),
(48, 1, 6.25),
(48, 5, 0.20),
(48, 6, 0.20),
(48, 8, 0.05),

-- DOSIFICADO 49 (LOTE DE PRODUCTO 49, FORMULACION 7)
(49, 2, 12.00),
(49, 1, 8.00),
(49, 3, 5.00),
(49, 5, 0.20),
(49, 6, 0.20),
(49, 8, 0.05),

-- DOSIFICADO 50 (LOTE DE PRODUCTO 50, FORMULACION 7)
(50, 2, 12.00),
(50, 1, 8.00),
(50, 3, 5.00),
(50, 5, 0.20),
(50, 6, 0.20),
(50, 8, 0.05),

-- DOSIFICADO 51 (LOTE DE PRODUCTO 51, FORMULACION 7)
(51, 2, 12.00),
(51, 1, 8.00),
(51, 3, 5.00),
(51, 5, 0.20),
(51, 6, 0.20),
(51, 8, 0.05),

-- DOSIFICADO 52 (LOTE DE PRODUCTO 52, FORMULACION 3)
(52, 2, 15.00),
(52, 1, 8.00),
(52, 7, 0.20),
(52, 10, 0.20),
(52, 8, 0.05),

-- DOSIFICADO 53 (LOTE DE PRODUCTO 53, FORMULACION 3)
(53, 2, 15.00),
(53, 1, 8.00),
(53, 7, 0.20),
(53, 10, 0.20),
(53, 8, 0.05),

-- DOSIFICADO 54 (LOTE DE PRODUCTO 54, FORMULACION 1)
(54, 2, 18.75),
(54, 1, 6.25),
(54, 5, 0.20),
(54, 6, 0.20),
(54, 8, 0.05),

-- DOSIFICADO 55 (LOTE DE PRODUCTO 55, FORMULACION 1)
(55, 2, 18.75),
(55, 1, 6.25),
(55, 5, 0.20),
(55, 6, 0.20),
(55, 8, 0.05),

-- DOSIFICADO 56 (LOTE DE PRODUCTO 56, FORMULACION 10)
(56, 2, 15.00),
(56, 1, 8.00),
(56, 10, 0.60),
(56, 8, 0.05),

-- DOSIFICADO 57 (LOTE DE PRODUCTO 57, FORMULACION 10)
(57, 2, 15.00),
(57, 1, 8.00),
(57, 10, 0.60),
(57, 8, 0.05),

-- DOSIFICADO 58 (LOTE DE PRODUCTO 58, FORMULACION 1)
(58, 1, 6.25),  
(58, 2, 18.75), 
(58, 5, 0.20),  
(58, 6, 0.20),  
(58, 8, 0.05),  

-- DOSIFICADO 59 (LOTE DE PRODUCTO 59, FORMULACION 1)
(59, 1, 6.25),  
(59, 2, 18.75), 
(59, 5, 0.20),  
(59, 6, 0.20),  
(59, 8, 0.05);  

 -- LOTE DE PRODUCCION 1             
INSERT INTO ProcesosRecurrente (id_proceso_recurrente,numero_batch,fecha_proceso,tiempo_proceso,peso_inicial,merma,estado, estado_calidad, id_lote_producto) VALUES             
(1,1,'2024-01-07  08:22:56',10,5556.7,0.6,'Completado', 'Aprobado', 1),
(2,2,'2024-01-07  08:22:56',10,5556.7,0.6,'Completado', 'Aprobado', 1),
(3,1,'2024-01-07  08:42:56',12,5556.1,0.6,'Completado', 'Aprobado', 1),
(4,2,'2024-01-07  08:42:56',12,5556.1,0.6,'Completado', 'Aprobado', 1),
(5,1,'2024-01-07  09:06:58',720,11111.2,1111.2,'Completado', 'Aprobado', 1),

 -- LOTE DE PRODUCCION 2                 
(6,1,'2024-01-07  08:24:58',10,5556.7,0.6,'Completado', 'Aprobado', 2),
(7,2,'2024-01-07  08:24:58',10,5556.7,0.6,'Completado', 'Aprobado', 2),
(8,3,'2024-01-07  08:24:58',10,5556.7,0.6,'Completado', 'Aprobado', 2),
(9,4,'2024-01-07  08:24:58',10,5556.7,0.6,'Completado', 'Aprobado', 2),
(10,1,'2024-01-07  08:44:58',12,5556.1,0.6,'Completado', 'Aprobado', 2),
(11,2,'2024-01-07  08:44:58',12,5556.1,0.6,'Completado', 'Aprobado', 2),
(12,3,'2024-01-07  08:44:58',12,5556.1,0.6,'Completado', 'Aprobado', 2),
(13,4,'2024-01-07  08:44:58',12,5556.1,0.6,'Completado', 'Aprobado', 2),
(14,1,'2024-01-07  09:06:58',720,22222.4,2222.2,'Completado', 'Aprobado', 2),

 -- LOTE DE PRODUCCION 3                 
(15,1,'2024-01-07  08:21:55',10,5556.7,0.6,'Completado', 'Aprobado', 3),
(16,2,'2024-01-07  08:21:55',10,5556.7,0.6,'Completado', 'Aprobado', 3),
(17,1,'2024-01-07  08:41:55',12,5556.1,0.6,'Completado', 'Aprobado', 3),
(18,2,'2024-01-07  08:41:55',12,5556.1,0.6,'Completado', 'Aprobado', 3),
(19,1,'2024-01-07  09:06:58',720,11111.2,1111.2,'Completado', 'Aprobado', 3),

 -- LOTE DE PRODUCCION 4                 
(20,1,'2024-01-07  08:24:58',10,5556.7,0.6,'Completado', 'Aprobado', 4),
(21,2,'2024-01-07  08:24:58',10,5556.7,0.6,'Completado', 'Aprobado', 4),
(22,3,'2024-01-07  08:24:58',10,5556.7,0.6,'Completado', 'Aprobado', 4),
(23,4,'2024-01-07  08:24:58',10,5556.7,0.6,'Completado', 'Aprobado', 4),
(24,1,'2024-01-07  08:44:58',12,5556.1,0.6,'Completado', 'Aprobado', 4),
(25,2,'2024-01-07  08:44:58',12,5556.1,0.6,'Completado', 'Aprobado', 4),
(26,3,'2024-01-07  08:44:58',12,5556.1,0.6,'Completado', 'Aprobado', 4),
(27,4,'2024-01-07  08:44:58',12,5556.1,0.6,'Completado', 'Aprobado', 4),
(28,1,'2024-01-07  09:06:58',720,22222.4,2222.2,'Completado', 'Aprobado', 4),

 -- LOTE DE PRODUCCION 5                 
(29,1,'2024-01-07  08:22:01',10,5556.7,0.6,'Completado', 'Aprobado', 5),
(30,2,'2024-01-07  08:22:01',10,5556.7,0.6,'Completado', 'Aprobado', 5),
(31,1,'2024-01-07  08:42:01',12,5556.1,0.6,'Completado', 'Aprobado', 5),
(32,2,'2024-01-07  08:42:01',12,5556.1,0.6,'Completado', 'Aprobado', 5),
(33,1,'2024-01-07  09:06:58',720,11111.2,1111.2,'Completado', 'Aprobado', 5),

 -- LOTE DE PRODUCCION 6                 
(34,1,'2024-01-07  08:24:58',10,5556.7,0.6,'Completado', 'Aprobado', 6),
(35,2,'2024-01-07  08:24:58',10,5556.7,0.6,'Completado', 'Aprobado', 6),
(36,3,'2024-01-07  08:24:58',10,5556.7,0.6,'Completado', 'Aprobado', 6),
(37,4,'2024-01-07  08:24:58',10,5556.7,0.6,'Completado', 'Aprobado', 6),
(38,1,'2024-01-07  08:44:58',12,5556.1,0.6,'Completado', 'Aprobado', 6),
(39,2,'2024-01-07  08:44:58',12,5556.1,0.6,'Completado', 'Aprobado', 6),
(40,3,'2024-01-07  08:44:58',12,5556.1,0.6,'Completado', 'Aprobado', 6),
(41,4,'2024-01-07  08:44:58',12,5556.1,0.6,'Completado', 'Aprobado', 6),
(42,1,'2024-01-07  09:06:58',720,22222.4,2222.2,'Completado', 'Aprobado', 6),

 -- LOTE DE PRODUCCION 7                 
(43,1,'2024-01-07  08:22:46',10,5556.7,0.6,'Completado', 'Aprobado', 7),
(44,2,'2024-01-07  08:22:46',10,5556.7,0.6,'Completado', 'Aprobado', 7),
(45,1,'2024-01-07  08:42:46',12,5556.1,0.6,'Completado', 'Aprobado', 7),
(46,2,'2024-01-07  08:42:46',12,5556.1,0.6,'Completado', 'Aprobado', 7),
(47,1,'2024-01-07  09:06:58',720,11111.2,1111.2,'Completado', 'Aprobado', 7),

 -- LOTE DE PRODUCCION 8                 
(48,1,'2024-01-07  08:24:58',10,5556.7,0.6,'Completado', 'Aprobado', 8),
(49,2,'2024-01-07  08:24:58',10,5556.7,0.6,'Completado', 'Aprobado', 8),
(50,3,'2024-01-07  08:24:58',10,5556.7,0.6,'Completado', 'Aprobado', 8),
(51,4,'2024-01-07  08:24:58',10,5556.7,0.6,'Completado', 'Aprobado', 8),
(52,1,'2024-01-07  08:44:58',12,5556.1,0.6,'Completado', 'Aprobado', 8),
(53,2,'2024-01-07  08:44:58',12,5556.1,0.6,'Completado', 'Aprobado', 8),
(54,3,'2024-01-07  08:44:58',12,5556.1,0.6,'Completado', 'Aprobado', 8),
(55,4,'2024-01-07  08:44:58',12,5556.1,0.6,'Completado', 'Aprobado', 8),
(56,1,'2024-01-07  09:06:58',720,22222.4,2222.2,'Completado', 'Aprobado', 8),

 -- LOTE DE PRODUCCION 9                 
(57,1,'2024-01-14  10:23:35',10,5556.7,0.6,'Completado', 'Aprobado', 9),
(58,2,'2024-01-14  10:23:35',10,5556.7,0.6,'Completado', 'Aprobado', 9),
(59,3,'2024-01-14  10:23:35',10,5556.7,0.6,'Completado', 'Aprobado', 9),
(60,1,'2024-01-14  10:43:35',12,5556.1,0.6,'Completado', 'Aprobado', 9),
(61,2,'2024-01-14  10:43:35',12,5556.1,0.6,'Completado', 'Aprobado', 9),
(62,3,'2024-01-14  10:43:35',12,5556.1,0.6,'Completado', 'Aprobado', 9),
(63,1,'2024-01-14  11:05:35',720,16666.8,1666.7,'Completado', 'Aprobado', 9),

 -- LOTE DE PRODUCCION 10                 
(64,1,'2024-01-14  10:24:58',10,5556.7,0.6,'Completado', 'Aprobado', 10),
(65,2,'2024-01-14  10:24:58',10,5556.7,0.6,'Completado', 'Aprobado', 10),
(66,3,'2024-01-14  10:24:58',10,5556.7,0.6,'Completado', 'Aprobado', 10),
(67,4,'2024-01-14  10:24:58',10,5556.7,0.6,'Completado', 'Aprobado', 10),
(68,1,'2024-01-14  10:44:58',12,5556.1,0.6,'Retirado', 'Rechazado', 10),
(69,2,'2024-01-14  10:44:58',12,5556.1,0.6,'Completado', 'Aprobado', 10),
(70,3,'2024-01-14  10:44:58',12,5556.1,0.6,'Completado', 'Aprobado', 10),
(71,4,'2024-01-14  10:44:58',12,5556.1,0.6,'Completado', 'Aprobado', 10),
(72,1,'2024-01-14  11:06:58',720,22222.4,2222.2,'Completado', 'Aprobado', 10),

 -- LOTE DE PRODUCCION 11                 
(73,1,'2024-01-15  10:21:34',10,5556.7,0.6,'Completado', 'Aprobado', 11),
(74,1,'2024-01-15  10:41:34',12,5556.1,0.6,'Completado', 'Aprobado', 11),
(75,1,'2024-01-15  11:03:34',720,5555.6,555.6,'Completado', 'Aprobado', 11),

 -- LOTE DE PRODUCCION 12                 
(76,1,'2024-01-14  10:22:46',10,5556.7,0.6,'Completado', 'Aprobado', 12),
(77,2,'2024-01-14  10:22:46',10,5556.7,0.6,'Completado', 'Aprobado', 12),
(78,1,'2024-01-14  10:42:46',12,5556.1,0.6,'Completado', 'Aprobado', 12),
(79,2,'2024-01-14  10:42:46',12,5556.1,0.6,'Completado', 'Aprobado', 12),
(80,1,'2024-01-14  11:06:58',720,11111.2,1111.2,'Completado', 'Aprobado', 12),

 -- LOTE DE PRODUCCION 13                 
(81,1,'2024-01-14  10:24:58',10,5556.7,0.6,'Completado', 'Aprobado', 13),
(82,2,'2024-01-14  10:24:58',10,5556.7,0.6,'Completado', 'Aprobado', 13),
(83,3,'2024-01-14  10:24:58',10,5556.7,0.6,'Completado', 'Aprobado', 13),
(84,4,'2024-01-14  10:24:58',10,5556.7,0.6,'Completado', 'Aprobado', 13),
(85,1,'2024-01-14  10:44:58',12,5556.1,0.6,'Retirado', 'Rechazado', 13),
(86,2,'2024-01-14  10:44:58',12,5556.1,0.6,'Completado', 'Aprobado', 13),
(87,3,'2024-01-14  10:44:58',12,5556.1,0.6,'Completado', 'Aprobado', 13),
(88,4,'2024-01-14  10:44:58',12,5556.1,0.6,'Completado', 'Aprobado', 13),
(89,1,'2024-01-14  11:06:58',720,16666.8,1666.7,'Completado', 'Aprobado', 13),

 -- LOTE DE PRODUCCION 14                 
(90,1,'2024-01-21  08:22:02',10,5556.7,0.6,'Completado', 'Aprobado', 14),
(91,2,'2024-01-21  08:22:02',10,5556.7,0.6,'Completado', 'Aprobado', 14),
(92,1,'2024-01-21  08:42:02',12,5556.1,0.6,'Completado', 'Aprobado', 14),
(93,2,'2024-01-21  08:42:02',12,5556.1,0.6,'Completado', 'Aprobado', 14),
(94,1,'2024-01-21  09:04:02',720,11111.2,1111.2,'Completado', 'Aprobado', 14),

 -- LOTE DE PRODUCCION 15                 
(95,1,'2024-01-21  08:24:58',10,5556.7,0.6,'Completado', 'Aprobado', 15),
(96,2,'2024-01-21  08:24:58',10,5556.7,0.6,'Completado', 'Aprobado', 15),
(97,3,'2024-01-21  08:24:58',10,5556.7,0.6,'Completado', 'Aprobado', 15),
(98,4,'2024-01-21  08:24:58',10,5556.7,0.6,'Completado', 'Aprobado', 15),
(99,1,'2024-01-21  08:44:58',12,5556.1,0.6,'Completado', 'Aprobado', 15),
(100,2,'2024-01-21  08:44:58',12,5556.1,0.6,'Completado', 'Aprobado', 15),
(101,3,'2024-01-21  08:44:58',12,5556.1,0.6,'Completado', 'Aprobado', 15),
(102,4,'2024-01-21  08:44:58',12,5556.1,0.6,'Completado', 'Aprobado', 15),
(103,1,'2024-01-21  09:06:58',720,22222.4,2222.2,'Completado', 'Aprobado', 15),

 -- LOTE DE PRODUCCION 16                 
(104,1,'2024-01-21  08:23:40',10,5556.7,0.6,'Completado', 'Aprobado', 16),
(105,2,'2024-01-21  08:23:40',10,5556.7,0.6,'Completado', 'Aprobado', 16),
(106,3,'2024-01-21  08:23:40',10,5556.7,0.6,'Completado', 'Aprobado', 16),
(107,1,'2024-01-21  08:43:40',12,5556.1,0.6,'Completado', 'Aprobado', 16),
(108,2,'2024-01-21  08:43:40',12,5556.1,0.6,'Completado', 'Aprobado', 16),
(109,3,'2024-01-21  08:43:40',12,5556.1,0.6,'Completado', 'Aprobado', 16),
(110,1,'2024-01-21  09:06:58',720,16666.8,1666.7,'Completado', 'Aprobado', 16),

 -- LOTE DE PRODUCCION 17                 
(111,1,'2024-01-21  08:24:58',10,5556.7,0.6,'Completado', 'Aprobado', 17),
(112,2,'2024-01-21  08:24:58',10,5556.7,0.6,'Completado', 'Aprobado', 17),
(113,3,'2024-01-21  08:24:58',10,5556.7,0.6,'Completado', 'Aprobado', 17),
(114,4,'2024-01-21  08:24:58',10,5556.7,0.6,'Completado', 'Aprobado', 17),
(115,1,'2024-01-21  08:44:58',12,5556.1,0.6,'Completado', 'Aprobado', 17),
(116,2,'2024-01-21  08:44:58',12,5556.1,0.6,'Completado', 'Aprobado', 17),
(117,3,'2024-01-21  08:44:58',12,5556.1,0.6,'Completado', 'Aprobado', 17),
(118,4,'2024-01-21  08:44:58',12,5556.1,0.6,'Completado', 'Aprobado', 17),
(119,1,'2024-01-21  09:06:58',720,22222.4,2222.2,'Completado', 'Aprobado', 17),

 -- LOTE DE PRODUCCION 18                 
(120,1,'2024-01-21  08:22:56',10,5556.7,0.6,'Retirado', 'Rechazado', 18),
(121,2,'2024-01-21  08:22:56',10,5556.7,0.6,'Completado', 'Aprobado', 18),
(122,1,'2024-01-21  08:42:56',12,5556.1,0.6,'Completado', 'Aprobado', 18),
(123,1,'2024-01-21  09:06:58',720,5555.6,555.6,'Completado', 'Aprobado', 18),

 -- LOTE DE PRODUCCION 19                 
(124,1,'2024-01-22  08:22:56',10,5556.7,0.6,'Completado', 'Aprobado', 19),
(125,1,'2024-01-22  08:22:56',12,5556.1,0.6,'Completado', 'Aprobado', 19),
(126,1,'2024-01-22  09:06:58',720,5555.6,555.6,'Completado', 'Aprobado', 19),

 -- LOTE DE PRODUCCION 20                 
(127,1,'2024-01-21  08:24:58',10,5556.7,0.6,'Completado', 'Aprobado', 20),
(128,2,'2024-01-21  08:24:58',10,5556.7,0.6,'Completado', 'Aprobado', 20),
(129,3,'2024-01-21  08:24:58',10,5556.7,0.6,'Completado', 'Aprobado', 20),
(130,4,'2024-01-21  08:24:58',10,5556.7,0.6,'Completado', 'Aprobado', 20),
(131,1,'2024-01-21  08:44:58',12,5556.1,0.6,'Completado', 'Aprobado', 20),
(132,2,'2024-01-21  08:44:58',12,5556.1,0.6,'Completado', 'Aprobado', 20),
(133,3,'2024-01-21  08:44:58',12,5556.1,0.6,'Completado', 'Aprobado', 20),
(134,4,'2024-01-21  08:44:58',12,5556.1,0.6,'Completado', 'Aprobado', 20),
(135,1,'2024-01-21  09:06:58',720,22222.4,2222.2,'Completado', 'Aprobado', 20),

 -- LOTE DE PRODUCCION 21                 
(136,1,'2024-02-09  09:21:57',10,5556.7,0.6,'Completado', 'Aprobado', 21),
(137,2,'2024-02-09  09:21:57',10,5556.7,0.6,'Completado', 'Aprobado', 21),
(138,1,'2024-02-09  09:41:57',12,5556.1,0.6,'Completado', 'Aprobado', 21),
(139,2,'2024-02-09  09:41:57',12,5556.1,0.6,'Completado', 'Aprobado', 21),
(140,1,'2024-02-09  10:06:58',720,11111.2,1111.2,'Completado', 'Aprobado', 21),

 -- LOTE DE PRODUCCION 22                 
(141,1,'2024-02-09  09:24:58',10,5556.7,0.6,'Completado', 'Aprobado', 22),
(142,2,'2024-02-09  09:24:58',10,5556.7,0.6,'Completado', 'Aprobado', 22),
(143,3,'2024-02-09  09:24:58',10,5556.7,0.6,'Completado', 'Aprobado', 22),
(144,4,'2024-02-09  09:24:58',10,5556.7,0.6,'Completado', 'Aprobado', 22),
(145,1,'2024-02-09  09:44:58',12,5556.1,0.6,'Retirado', 'Rechazado', 22),
(146,2,'2024-02-09  09:44:58',12,5556.1,0.6,'Completado', 'Aprobado', 22),
(147,3,'2024-02-09  09:44:58',12,5556.1,0.6,'Completado', 'Aprobado', 22),
(148,4,'2024-02-09  09:44:58',12,5556.1,0.6,'Completado', 'Aprobado', 22),
(149,1,'2024-02-09  10:06:58',720,16666.8,1666.7,'Completado', 'Aprobado', 22),

 -- LOTE DE PRODUCCION 23                 
(150,1,'2024-03-05  10:21:52',10,5556.7,0.6,'Completado', 'Aprobado', 23),
(151,2,'2024-03-05  10:21:52',10,5556.7,0.6,'Completado', 'Aprobado', 23),
(152,1,'2024-03-05  10:41:52',12,5556.1,0.6,'Completado', 'Aprobado', 23),
(153,2,'2024-03-05  10:41:52',12,5556.1,0.6,'Completado', 'Aprobado', 23),
(154,1,'2024-03-05  11:03:52',720,11111.2,1111.2,'Completado', 'Aprobado', 23),

 -- LOTE DE PRODUCCION 24                 
(155,1,'2024-03-05  10:24:58',10,5556.7,0.6,'Completado', 'Aprobado', 24),
(156,2,'2024-03-05  10:24:58',10,5556.7,0.6,'Completado', 'Aprobado', 24),
(157,3,'2024-03-05  10:24:58',10,5556.7,0.6,'Completado', 'Aprobado', 24),
(158,4,'2024-03-05  10:24:58',10,5556.7,0.6,'Completado', 'Aprobado', 24),
(159,1,'2024-03-05  10:44:58',12,5556.1,0.6,'Completado', 'Aprobado', 24),
(160,2,'2024-03-05  10:44:58',12,5556.1,0.6,'Completado', 'Aprobado', 24),
(161,3,'2024-03-05  10:44:58',12,5556.1,0.6,'Completado', 'Aprobado', 24),
(162,4,'2024-03-05  10:44:58',12,5556.1,0.6,'Completado', 'Aprobado', 24),
(163,1,'2024-03-05  11:06:58',720,22222.4,2222.2,'Completado', 'Aprobado', 24),

 -- LOTE DE PRODUCCION 25                 
(164,1,'2024-05-08  08:22:05',10,5556.7,0.6,'Completado', 'Aprobado', 25),
(165,2,'2024-05-08  08:22:05',10,5556.7,0.6,'Completado', 'Aprobado', 25),
(166,1,'2024-05-08  08:42:05',12,5556.1,0.6,'Completado', 'Aprobado', 25),
(167,2,'2024-05-08  08:42:05',12,5556.1,0.6,'Completado', 'Aprobado', 25),
(168,1,'2024-05-08  09:06:58',720,11111.2,1111.2,'Completado', 'Aprobado', 25),

 -- LOTE DE PRODUCCION 26                 
(169,1,'2024-05-08  08:24:58',10,5556.7,0.6,'Completado', 'Aprobado', 26),
(170,2,'2024-05-08  08:24:58',10,5556.7,0.6,'Completado', 'Aprobado', 26),
(171,3,'2024-05-08  08:24:58',10,5556.7,0.6,'Completado', 'Aprobado', 26),
(172,4,'2024-05-08  08:24:58',10,5556.7,0.6,'Completado', 'Aprobado', 26),
(173,1,'2024-05-08  08:44:58',12,5556.1,0.6,'Completado', 'Aprobado', 26),
(174,2,'2024-05-08  08:44:58',12,5556.1,0.6,'Completado', 'Aprobado', 26),
(175,3,'2024-05-08  08:44:58',12,5556.1,0.6,'Completado', 'Aprobado', 26),
(176,4,'2024-05-08  08:44:58',12,5556.1,0.6,'Completado', 'Aprobado', 26),
(177,1,'2024-05-08  09:06:58',720,22222.4,2222.2,'Completado', 'Aprobado', 26),

 -- LOTE DE PRODUCCION 27                 
(178,1,'2024-05-20  09:23:41',10,5556.7,0.6,'Completado', 'Aprobado', 27),
(179,2,'2024-05-20  09:23:41',10,5556.7,0.6,'Completado', 'Aprobado', 27),
(180,3,'2024-05-20  09:23:41',10,5556.7,0.6,'Completado', 'Aprobado', 27),
(181,1,'2024-05-20  09:43:41',12,5556.1,0.6,'Completado', 'Aprobado', 27),
(182,2,'2024-05-20  09:43:41',12,5556.1,0.6,'Completado', 'Aprobado', 27),
(183,3,'2024-05-20  09:43:41',12,5556.1,0.6,'Completado', 'Aprobado', 27),
(184,1,'2024-05-20  10:06:58',720,16666.8,1666.7,'Completado', 'Aprobado', 27),

 -- LOTE DE PRODUCCION 28                 
(185,1,'2024-05-20  09:24:58',10,5556.7,0.6,'Completado', 'Aprobado', 28),
(186,2,'2024-05-20  09:24:58',10,5556.7,0.6,'Completado', 'Aprobado', 28),
(187,3,'2024-05-20  09:24:58',10,5556.7,0.6,'Completado', 'Aprobado', 28),
(188,4,'2024-05-20  09:24:58',10,5556.7,0.6,'Completado', 'Aprobado', 28),
(189,1,'2024-05-20  09:44:58',12,5556.1,0.6,'Completado', 'Aprobado', 28),
(190,2,'2024-05-20  09:44:58',12,5556.1,0.6,'Completado', 'Aprobado', 28),
(191,3,'2024-05-20  09:44:58',12,5556.1,0.6,'Completado', 'Aprobado', 28),
(192,4,'2024-05-20  09:44:58',12,5556.1,0.6,'Completado', 'Aprobado', 28),
(193,1,'2024-05-20  10:06:58',720,22222.4,2222.2,'Completado', 'Aprobado', 28),

 -- LOTE DE PRODUCCION 29                 
(194,1,'2024-06-18  08:23:16',10,5556.7,0.6,'Completado', 'Aprobado', 29),
(195,2,'2024-06-18  08:23:16',10,5556.7,0.6,'Completado', 'Aprobado', 29),
(196,3,'2024-06-18  08:23:16',10,5556.7,0.6,'Completado', 'Aprobado', 29),
(197,1,'2024-06-18  08:43:16',12,5556.1,0.6,'Completado', 'Aprobado', 29),
(198,2,'2024-06-18  08:43:16',12,5556.1,0.6,'Completado', 'Aprobado', 29),
(199,3,'2024-06-18  08:43:16',12,5556.1,0.6,'Completado', 'Aprobado', 29),
(200,1,'2024-06-18  09:06:58',720,16666.8,1666.7,'Completado', 'Aprobado', 29),

 -- LOTE DE PRODUCCION 30                 
(201,1,'2024-06-18  08:24:58',10,5556.7,0.6,'Completado', 'Aprobado', 30),
(202,2,'2024-06-18  08:24:58',10,5556.7,0.6,'Completado', 'Aprobado', 30),
(203,3,'2024-06-18  08:24:58',10,5556.7,0.6,'Completado', 'Aprobado', 30),
(204,4,'2024-06-18  08:24:58',10,5556.7,0.6,'Completado', 'Aprobado', 30),
(205,1,'2024-06-18  08:44:58',12,5556.1,0.6,'Retirado', 'Rechazado', 30),
(206,2,'2024-06-18  08:44:58',12,5556.1,0.6,'Completado', 'Aprobado', 30),
(207,3,'2024-06-18  08:44:58',12,5556.1,0.6,'Completado', 'Aprobado', 30),
(208,4,'2024-06-18  08:44:58',12,5556.1,0.6,'Completado', 'Aprobado', 30),
(209,1,'2024-06-18  09:06:58',720,16666.8,1666.7,'Completado', 'Aprobado', 30),

 -- LOTE DE PRODUCCION 31                 
(210,1,'2024-06-19  08:21:34',10,5556.7,0.6,'Completado', 'Aprobado', 31),
(211,1,'2024-06-19  08:41:34',12,5556.1,0.6,'Completado', 'Aprobado', 31),
(212,1,'2024-06-19  09:03:34',720,5555.6,555.6,'Completado', 'Aprobado', 31),

 -- LOTE DE PRODUCCION 32                 
(213,1,'2024-06-23  10:22:04',10,5556.7,0.6,'Completado', 'Aprobado', 32),
(214,2,'2024-06-23  10:22:04',10,5556.7,0.6,'Completado', 'Aprobado', 32),
(215,1,'2024-06-23  10:42:04',12,5556.1,0.6,'Completado', 'Aprobado', 32),
(216,2,'2024-06-23  10:42:04',12,5556.1,0.6,'Completado', 'Aprobado', 32),
(217,1,'2024-06-23  11:06:58',720,11111.2,1111.2,'Completado', 'Aprobado', 32),

 -- LOTE DE PRODUCCION 33                 
(218,1,'2024-06-23  10:24:58',10,5556.7,0.6,'Completado', 'Aprobado', 33),
(219,2,'2024-06-23  10:24:58',10,5556.7,0.6,'Completado', 'Aprobado', 33),
(220,3,'2024-06-23  10:24:58',10,5556.7,0.6,'Completado', 'Aprobado', 33),
(221,4,'2024-06-23  10:24:58',10,5556.7,0.6,'Completado', 'Aprobado', 33),
(222,1,'2024-06-23  10:44:58',12,5556.1,0.6,'Completado', 'Aprobado', 33),
(223,2,'2024-06-23  10:44:58',12,5556.1,0.6,'Completado', 'Aprobado', 33),
(224,3,'2024-06-23  10:44:58',12,5556.1,0.6,'Completado', 'Aprobado', 33),
(225,4,'2024-06-23  10:44:58',12,5556.1,0.6,'Completado', 'Aprobado', 33),
(226,1,'2024-06-23  11:06:58',720,16666.8,1666.7,'Completado', 'Aprobado', 33),

 -- LOTE DE PRODUCCION 34                 
(227,1,'2024-07-15  09:22:58',10,5556.7,0.6,'Completado', 'Aprobado', 34),
(228,2,'2024-07-15  09:22:58',10,5556.7,0.6,'Completado', 'Aprobado', 34),
(229,1,'2024-07-15  09:42:58',12,5556.1,0.6,'Completado', 'Aprobado', 34),
(230,2,'2024-07-15  09:42:58',12,5556.1,0.6,'Completado', 'Aprobado', 34),
(231,1,'2024-07-15  10:06:58',720,11111.2,1111.2,'Completado', 'Aprobado', 34),

 -- LOTE DE PRODUCCION 35                 
(232,1,'2024-07-15  09:24:58',10,5556.7,0.6,'Completado', 'Aprobado', 35),
(233,2,'2024-07-15  09:24:58',10,5556.7,0.6,'Completado', 'Aprobado', 35),
(234,3,'2024-07-15  09:24:58',10,5556.7,0.6,'Completado', 'Aprobado', 35),
(235,4,'2024-07-15  09:24:58',10,5556.7,0.6,'Completado', 'Aprobado', 35),
(236,1,'2024-07-15  09:44:58',12,5556.1,0.6,'Completado', 'Aprobado', 35),
(237,2,'2024-07-15  09:44:58',12,5556.1,0.6,'Completado', 'Aprobado', 35),
(238,3,'2024-07-15  09:44:58',12,5556.1,0.6,'Completado', 'Aprobado', 35),
(239,4,'2024-07-15  09:44:58',12,5556.1,0.6,'Completado', 'Aprobado', 35),
(240,1,'2024-07-15  10:06:58',720,16666.8,1666.7,'Completado', 'Aprobado', 35),

 -- LOTE DE PRODUCCION 36                 
(241,1,'2024-07-15  09:21:52',10,5556.7,0.6,'Completado', 'Aprobado', 36),
(242,2,'2024-07-15  09:21:52',10,5556.7,0.6,'Completado', 'Aprobado', 36),
(243,1,'2024-07-15  09:41:52',12,5556.1,0.6,'Completado', 'Aprobado', 36),
(244,2,'2024-07-15  09:41:52',12,5556.1,0.6,'Completado', 'Aprobado', 36),
(245,1,'2024-07-15  10:06:58',720,11111.2,1111.2,'Completado', 'Aprobado', 36),

 -- LOTE DE PRODUCCION 37                 
(246,1,'2024-07-15  09:24:58',10,5556.7,0.6,'Completado', 'Aprobado', 37),
(247,2,'2024-07-15  09:24:58',10,5556.7,0.6,'Completado', 'Aprobado', 37),
(248,3,'2024-07-15  09:24:58',10,5556.7,0.6,'Completado', 'Aprobado', 37),
(249,4,'2024-07-15  09:24:58',10,5556.7,0.6,'Completado', 'Aprobado', 37),
(250,1,'2024-07-15  09:44:58',12,5556.1,0.6,'Completado', 'Aprobado', 37),
(251,2,'2024-07-15  09:44:58',12,5556.1,0.6,'Completado', 'Aprobado', 37),
(252,3,'2024-07-15  09:44:58',12,5556.1,0.6,'Completado', 'Aprobado', 37),
(253,4,'2024-07-15  09:44:58',12,5556.1,0.6,'Completado', 'Aprobado', 37),
(254,1,'2024-07-15  10:06:58',720,16666.8,1666.7,'Completado', 'Aprobado', 37),

 -- LOTE DE PRODUCCION 38                 
(255,1,'2024-08-03  08:22:58',10,5556.7,0.6,'Completado', 'Aprobado', 38),
(256,2,'2024-08-03  08:22:58',10,5556.7,0.6,'Completado', 'Aprobado', 38),
(257,1,'2024-08-03  08:42:58',12,5556.1,0.6,'Completado', 'Aprobado', 38),
(258,2,'2024-08-03  08:42:58',12,5556.1,0.6,'Completado', 'Aprobado', 38),
(259,1,'2024-08-03  09:06:58',720,11111.2,1111.2,'Completado', 'Aprobado', 38),

 -- LOTE DE PRODUCCION 39                 
(260,1,'2024-08-03  08:24:58',10,5556.7,0.6,'Completado', 'Aprobado', 39),
(261,2,'2024-08-03  08:24:58',10,5556.7,0.6,'Completado', 'Aprobado', 39),
(262,3,'2024-08-03  08:24:58',10,5556.7,0.6,'Completado', 'Aprobado', 39),
(263,4,'2024-08-03  08:24:58',10,5556.7,0.6,'Completado', 'Aprobado', 39),
(264,1,'2024-08-03  08:44:58',12,5556.1,0.6,'Completado', 'Aprobado', 39),
(265,2,'2024-08-03  08:44:58',12,5556.1,0.6,'Completado', 'Aprobado', 39),
(266,3,'2024-08-03  08:44:58',12,5556.1,0.6,'Completado', 'Aprobado', 39),
(267,4,'2024-08-03  08:44:58',12,5556.1,0.6,'Completado', 'Aprobado', 39),
(268,1,'2024-08-03  09:06:58',720,16666.8,1666.7,'Completado', 'Aprobado', 39),

 -- LOTE DE PRODUCCION 40                 
(269,1,'2024-08-03  08:22:00',10,5556.7,0.6,'Completado', 'Aprobado', 40),
(270,2,'2024-08-03  08:22:00',10,5556.7,0.6,'Completado', 'Aprobado', 40),
(271,1,'2024-08-03  08:42:00',12,5556.1,0.6,'Completado', 'Aprobado', 40),
(272,2,'2024-08-03  08:42:00',12,5556.1,0.6,'Completado', 'Aprobado', 40),
(273,1,'2024-08-03  09:06:58',720,11111.2,1111.2,'Completado', 'Aprobado', 40),

 -- LOTE DE PRODUCCION 41                 
(274,1,'2024-08-03  08:24:58',10,5556.7,0.6,'Completado', 'Aprobado', 41),
(275,2,'2024-08-03  08:24:58',10,5556.7,0.6,'Completado', 'Aprobado', 41),
(276,3,'2024-08-03  08:24:58',10,5556.7,0.6,'Completado', 'Aprobado', 41),
(277,4,'2024-08-03  08:24:58',10,5556.7,0.6,'Completado', 'Aprobado', 41),
(278,1,'2024-08-03  08:44:58',12,5556.1,0.6,'Completado', 'Aprobado', 41),
(279,2,'2024-08-03  08:44:58',12,5556.1,0.6,'Completado', 'Aprobado', 41),
(280,3,'2024-08-03  08:44:58',12,5556.1,0.6,'Completado', 'Aprobado', 41),
(281,4,'2024-08-03  08:44:58',12,5556.1,0.6,'Completado', 'Aprobado', 41),
(282,1,'2024-08-03  09:06:58',720,16666.8,1666.7,'Completado', 'Aprobado', 41),

 -- LOTE DE PRODUCCION 42                 
(283,1,'2024-08-04  08:22:50',10,5556.7,0.6,'Retirado', 'Rechazado', 42),
(284,2,'2024-08-04  08:22:50',10,5556.7,0.6,'Completado', 'Aprobado', 42),
(285,1,'2024-08-04  08:42:50',12,5556.1,0.6,'Completado', 'Aprobado', 42),
(286,1,'2024-08-04  09:06:58',720,5555.6,555.6,'Completado', 'Aprobado', 42),

 -- LOTE DE PRODUCCION 43                 
(287,1,'2024-08-05  08:21:34',10,5556.7,0.6,'Completado', 'Aprobado', 43),
(288,1,'2024-08-05  08:41:34',12,5556.1,0.6,'Completado', 'Aprobado', 43),
(289,1,'2024-08-05  09:03:34',720,5555.6,555.6,'Completado', 'Aprobado', 43),

 -- LOTE DE PRODUCCION 44                 
(290,1,'2024-08-04  08:24:58',10,5556.7,0.6,'Completado', 'Aprobado', 44),
(291,2,'2024-08-04  08:24:58',10,5556.7,0.6,'Completado', 'Aprobado', 44),
(292,3,'2024-08-04  08:24:58',10,5556.7,0.6,'Completado', 'Aprobado', 44),
(293,4,'2024-08-04  08:24:58',10,5556.7,0.6,'Completado', 'Aprobado', 44),
(294,1,'2024-08-04  08:44:58',12,5556.1,0.6,'Completado', 'Aprobado', 44),
(295,2,'2024-08-04  08:44:58',12,5556.1,0.6,'Completado', 'Aprobado', 44),
(296,3,'2024-08-04  08:44:58',12,5556.1,0.6,'Completado', 'Aprobado', 44),
(297,4,'2024-08-04  08:44:58',12,5556.1,0.6,'Completado', 'Aprobado', 44),
(298,1,'2024-08-04  09:06:58',720,16666.8,1666.7,'Completado', 'Aprobado', 44),

 -- LOTE DE PRODUCCION 45                 
(299,1,'2024-09-07  10:21:58',10,5556.7,0.6,'Completado', 'Aprobado', 45),
(300,2,'2024-09-07  10:21:58',10,5556.7,0.6,'Completado', 'Aprobado', 45),
(301,1,'2024-09-07  10:41:58',12,5556.1,0.6,'Completado', 'Aprobado', 45),
(302,2,'2024-09-07  10:41:58',12,5556.1,0.6,'Completado', 'Aprobado', 45),
(303,1,'2024-09-07  11:06:58',720,11111.2,1111.2,'Completado', 'Aprobado', 45),

 -- LOTE DE PRODUCCION 46                 
(304,1,'2024-09-07  10:24:58',10,5556.7,0.6,'Completado', 'Aprobado', 46),
(305,2,'2024-09-07  10:24:58',10,5556.7,0.6,'Completado', 'Aprobado', 46),
(306,3,'2024-09-07  10:24:58',10,5556.7,0.6,'Completado', 'Aprobado', 46),
(307,4,'2024-09-07  10:24:58',10,5556.7,0.6,'Completado', 'Aprobado', 46),
(308,1,'2024-09-07  10:44:58',12,5556.1,0.6,'Completado', 'Aprobado', 46),
(309,2,'2024-09-07  10:44:58',12,5556.1,0.6,'Completado', 'Aprobado', 46),
(310,3,'2024-09-07  10:44:58',12,5556.1,0.6,'Completado', 'Aprobado', 46),
(311,4,'2024-09-07  10:44:58',12,5556.1,0.6,'Completado', 'Aprobado', 46),
(312,1,'2024-09-07  11:06:58',720,16666.8,1666.7,'Completado', 'Aprobado', 46),

 -- LOTE DE PRODUCCION 47                 
(313,1,'2024-09-07  10:23:44',10,5556.7,0.6,'Completado', 'Aprobado', 47),
(314,2,'2024-09-07  10:23:44',10,5556.7,0.6,'Completado', 'Aprobado', 47),
(315,3,'2024-09-07  10:23:44',10,5556.7,0.6,'Completado', 'Aprobado', 47),
(316,1,'2024-09-07  10:43:44',12,5556.1,0.6,'Completado', 'Aprobado', 47),
(317,2,'2024-09-07  10:43:44',12,5556.1,0.6,'Completado', 'Aprobado', 47),
(318,3,'2024-09-07  10:43:44',12,5556.1,0.6,'Completado', 'Aprobado', 47),
(319,1,'2024-09-07  11:06:58',720,16666.8,1666.7,'Completado', 'Aprobado', 47),

 -- LOTE DE PRODUCCION 48                 
(320,1,'2024-09-07  10:24:58',10,5556.7,0.6,'Completado', 'Aprobado', 48),
(321,2,'2024-09-07  10:24:58',10,5556.7,0.6,'Completado', 'Aprobado', 48),
(322,3,'2024-09-07  10:24:58',10,5556.7,0.6,'Completado', 'Aprobado', 48),
(323,4,'2024-09-07  10:24:58',10,5556.7,0.6,'Completado', 'Aprobado', 48),
(324,1,'2024-09-07  10:44:58',12,5556.1,0.6,'Completado', 'Aprobado', 48),
(325,2,'2024-09-07  10:44:58',12,5556.1,0.6,'Completado', 'Aprobado', 48),
(326,3,'2024-09-07  10:44:58',12,5556.1,0.6,'Completado', 'Aprobado', 48),
(327,4,'2024-09-07  10:44:58',12,5556.1,0.6,'Completado', 'Aprobado', 48),
(328,1,'2024-09-07  11:06:58',720,16666.8,1666.7,'Completado', 'Aprobado', 48),

 -- LOTE DE PRODUCCION 49                 
(329,1,'2024-11-06  09:21:39',10,5556.7,0.6,'Completado', 'Aprobado', 49),
(330,2,'2024-11-06  09:21:39',10,5556.7,0.6,'Completado', 'Aprobado', 49),
(331,1,'2024-11-06  09:41:39',12,5556.1,0.6,'Completado', 'Aprobado', 49),
(332,2,'2024-11-06  09:41:39',12,5556.1,0.6,'Completado', 'Aprobado', 49),
(333,1,'2024-11-06  10:06:01',720,11111.2,1111.2,'Completado', 'Aprobado', 49),

 -- LOTE DE PRODUCCION 50                 
(334,1,'2024-11-06  09:24:01',10,5556.7,0.6,'Retirado', 'Rechazado', 50),
(335,2,'2024-11-06  09:24:01',10,5556.7,0.6,'Completado', 'Aprobado', 50),
(336,3,'2024-11-06  09:24:01',10,5556.7,0.6,'Completado', 'Aprobado', 50),
(337,2,'2024-11-06  09:44:01',12,5556.1,0.6,'Completado', 'Aprobado', 50),
(338,3,'2024-11-06  09:44:01',12,5556.1,0.6,'Completado', 'Aprobado', 50),
(339,1,'2024-11-06  10:06:01',720,11111.2,1111.1,'Completado', 'Aprobado', 50),

 -- LOTE DE PRODUCCION 51                 
(340,1,'2024-11-07  09:21:38',10,5556.7,0.6,'Completado', 'Aprobado', 51),
(341,1,'2024-11-07  09:41:38',12,5556.1,0.6,'Completado', 'Aprobado', 51),
(342,1,'2024-11-07  10:03:38',720,5555.6,555.6,'Completado', 'Aprobado', 51),

 -- LOTE DE PRODUCCION 52                 
(343,1,'2024-12-09  10:21:41',10,5556.7,0.6,'Completado', 'Aprobado', 52),
(344,2,'2024-12-09  10:21:41',10,5556.7,0.6,'Completado', 'Aprobado', 52),
(345,1,'2024-12-09  10:41:41',12,5556.1,0.6,'Completado', 'Aprobado', 52),
(346,2,'2024-12-09  10:41:41',12,5556.1,0.6,'Completado', 'Aprobado', 52),
(347,1,'2024-12-09  11:06:58',720,11111.2,1111.2,'Completado', 'Aprobado', 52),

 -- LOTE DE PRODUCCION 53                 
(348,1,'2024-12-09  10:24:58',10,5556.7,0.6,'Completado', 'Aprobado', 53),
(349,2,'2024-12-09  10:24:58',10,5556.7,0.6,'Completado', 'Aprobado', 53),
(350,3,'2024-12-09  10:24:58',10,5556.7,0.6,'Completado', 'Aprobado', 53),
(351,4,'2024-12-09  10:24:58',10,5556.7,0.6,'Completado', 'Aprobado', 53),
(352,1,'2024-12-09  10:44:58',12,5556.1,0.6,'Completado', 'Aprobado', 53),
(353,2,'2024-12-09  10:44:58',12,5556.1,0.6,'Completado', 'Aprobado', 53),
(354,3,'2024-12-09  10:44:58',12,5556.1,0.6,'Completado', 'Aprobado', 53),
(355,4,'2024-12-09  10:44:58',12,5556.1,0.6,'Completado', 'Aprobado', 53),
(356,1,'2024-12-09  11:06:58',720,16666.8,1666.7,'Completado', 'Aprobado', 53),

 -- LOTE DE PRODUCCION 54                 
(357,1,'2024-12-10  08:23:00',10,5556.7,0.6,'Completado', 'Aprobado', 54),
(358,2,'2024-12-10  08:23:00',10,5556.7,0.6,'Completado', 'Aprobado', 54),
(359,3,'2024-12-10  08:23:00',10,5556.7,0.6,'Completado', 'Aprobado', 54),
(360,1,'2024-12-10  08:43:00',12,5556.1,0.6,'Completado', 'Aprobado', 54),
(361,2,'2024-12-10  08:43:00',12,5556.1,0.6,'Completado', 'Aprobado', 54),
(362,3,'2024-12-10  08:43:00',12,5556.1,0.6,'Completado', 'Aprobado', 54),
(363,1,'2024-12-10  09:06:58',720,16666.8,1666.7,'Completado', 'Aprobado', 54),

 -- LOTE DE PRODUCCION 55                 
(364,1,'2024-12-10  08:24:58',10,5556.7,0.6,'Completado', 'Aprobado', 55),
(365,2,'2024-12-10  08:24:58',10,5556.7,0.6,'Completado', 'Aprobado', 55),
(366,3,'2024-12-10  08:24:58',10,5556.7,0.6,'Completado', 'Aprobado', 55),
(367,4,'2024-12-10  08:24:58',10,5556.7,0.6,'Completado', 'Aprobado', 55),
(368,1,'2024-12-10  08:44:58',12,5556.1,0.6,'Completado', 'Aprobado', 55),
(369,2,'2024-12-10  08:44:58',12,5556.1,0.6,'Completado', 'Aprobado', 55),
(370,3,'2024-12-10  08:44:58',12,5556.1,0.6,'Completado', 'Aprobado', 55),
(371,4,'2024-12-10  08:44:58',12,5556.1,0.6,'Completado', 'Aprobado', 55),
(372,1,'2024-12-10  09:06:58',720,16666.8,1666.7,'Completado', 'Aprobado', 55),

 -- LOTE DE PRODUCCION 56                 
(373,1,'2024-12-10  08:24:58',10,5556.7,0.6,'Completado', 'Aprobado', 56),
(374,2,'2024-12-10  08:24:58',10,5556.7,0.6,'Completado', 'Aprobado', 56),
(375,3,'2024-12-10  08:24:58',10,5556.7,0.6,'Completado', 'Aprobado', 56),
(376,4,'2024-12-10  08:24:58',10,5556.7,0.6,'Completado', 'Aprobado', 56),
(377,1,'2024-12-10  08:44:58',12,5556.1,0.6,'Completado', 'Aprobado', 56),
(378,2,'2024-12-10  08:44:58',12,5556.1,0.6,'Completado', 'Aprobado', 56),
(379,3,'2024-12-10  08:44:58',12,5556.1,0.6,'Completado', 'Aprobado', 56),
(380,4,'2024-12-10  08:44:58',12,5556.1,0.6,'Completado', 'Aprobado', 56),
(381,1,'2024-12-10  09:06:58',720,16666.8,1666.7,'Completado', 'Aprobado', 56),

 -- LOTE DE PRODUCCION 57                 
(382,1,'2024-12-10  08:24:58',10,5556.7,0.6,'Completado', 'Aprobado', 57),
(383,2,'2024-12-10  08:24:58',10,5556.7,0.6,'Completado', 'Aprobado', 57),
(384,3,'2024-12-10  08:24:58',10,5556.7,0.6,'Completado', 'Aprobado', 57),
(385,4,'2024-12-10  08:24:58',10,5556.7,0.6,'Completado', 'Aprobado', 57),
(386,1,'2024-12-10  08:44:58',12,5556.1,0.6,'Completado', 'Aprobado', 57),
(387,2,'2024-12-10  08:44:58',12,5556.1,0.6,'Completado', 'Aprobado', 57),
(388,3,'2024-12-10  08:44:58',12,5556.1,0.6,'Completado', 'Aprobado', 57),
(389,4,'2024-12-10  08:44:58',12,5556.1,0.6,'Completado', 'Aprobado', 57),
(390,1,'2024-12-10  09:06:58',720,16666.8,1666.7,'Completado', 'Aprobado', 57),

------------------------------------------------

 -- LOTE DE PRODUCTO 58         
(391,1,'2025-05-29 08:24:58',10,5556.7,0.6,'Completado', 'Aprobado', 58),
(392,1,'2025-05-29 08:44:58',12,5556.1,0.6,'Completado', 'Aprobado', 58),
(393,1,'2025-05-29 09:06:58',720,5555.6,555.6,'En proceso','Pendiente',58),

 -- LOTE DE PRODUCTO 59         
(394,1,'2025-05-30 08:24:58',10,5556.7,0.6,'En inspeccion', 'Pendiente', 59),
(395,2,'2025-05-30 08:24:58',10,5556.7,0.6,'En inspeccion', 'Pendiente', 59),
(396,1,'2025-05-30 09:44:58',10,5556.7,0.6,'En inspeccion', 'Pendiente', 59),
(397,1,'2025-05-30 10:24:58',10,5556.7,0.6,'En inspeccion', 'Pendiente', 59),

 -- LOTE DE PRODUCTO 60         
(398,1,'2025-06-01 08:24:58',10,5556.7,0.6,'Completado', 'Aprobado', 60),
(399,1,'2025-06-01 09:24:58',10,5556.7,0.6,'En inspeccion', 'Pendiente', 60),
(400,2,'2025-06-01 10:44:58',12,5556.1,NULL,'En inspeccion', 'Pendiente', 60),
(401,1,'2025-06-01 11:44:58',12,5556.1,NULL,'En inspeccion', 'Pendiente', 60),

 -- LOTE DE PRODUCTO 61         
(402,1,'2025-06-02 08:24:58',10,5556.7,0.6,'Completado', 'Aprobado', 61),
(403,2,'2025-06-02 09:24:58',10,5556.7,0.6,'Completado', 'Aprobado', 61),
(404,1,'2025-06-02 09:44:58',12,5556.1,NULL,'Completado', 'Aprobado', 61),
(405,1,'2025-06-02 10:24:58',12,5556.1,NULL,'En inspeccion', 'Pendiente', 61),

 -- LOTE DE PRODUCTO 62        
(406,1,'2025-06-03 08:24:58',10,5556.7,0.6,'Completado', 'Aprobado', 62),
(407,2,'2025-06-03 08:34:58',10,5556.7,0.6,'Completado', 'Aprobado', 62),
(408,1,'2025-06-03 09:44:58',12,5556.1,NULL,'Completado', 'Aprobado', 62),
(409,1,'2025-06-03 10:44:58',12,5556.1,NULL,'Completado', 'Aprobado', 62);

INSERT INTO Mezclados (id_proceso_recurrente,codigo,porcentaje_humedad,cantidad_agua, id_empleado, id_ejemplar_maquina, id_formulacion
) VALUES
(1,'MZ000001',0.32,3189,6,1,1),
(2,'MZ000002',0.33,3494,6,2,1),
(6,'MZ000003',0.34,3304,8,3,1),
(7,'MZ000004',0.33,3420,6,4,1),
(8,'MZ000005',0.35,3073,8,5,1),
(9,'MZ000006',0.31,3033,8,6,1),
(15,'MZ000007',0.31,3066,7,7,2),
(16,'MZ000008',0.3,3455,7,8,2),
(20,'MZ000009',0.32,3437,8,9,2),
(21,'MZ000010',0.31,3288,8,10,2),
(22,'MZ000011',0.34,3211,6,11,2),
(23,'MZ000012',0.34,3381,6,12,2),
(29,'MZ000013',0.3,3294,7,13,9),
(30,'MZ000014',0.32,3319,8,14,9),
(34,'MZ000015',0.32,3450,7,15,9),
(35,'MZ000016',0.31,3384,7,16,9),
(36,'MZ000017',0.35,3457,8,17,9),
(37,'MZ000018',0.34,3405,7,18,9),
(43,'MZ000019',0.34,3211,8,19,10),
(44,'MZ000020',0.35,3260,7,20,10),
(48,'MZ000021',0.32,3285,8,21,10),
(49,'MZ000022',0.35,3097,7,22,10),
(50,'MZ000023',0.35,3492,8,23,10),
(51,'MZ000024',0.32,3235,7,24,10),
(57,'MZ000025',0.33,3312,6,1,5),
(58,'MZ000026',0.33,3388,8,2,5),
(59,'MZ000027',0.32,3256,6,3,5),
(64,'MZ000028',0.33,3143,6,4,5),
(65,'MZ000029',0.34,3394,6,5,5),
(66,'MZ000030',0.35,3460,8,6,5),
(67,'MZ000031',0.3,3130,7,7,5),
(73,'MZ000032',0.3,3464,7,1,5),
(76,'MZ000033',0.33,3431,7,8,7),
(77,'MZ000034',0.35,3465,6,9,7),
(81,'MZ000035',0.31,3141,7,10,7),
(82,'MZ000036',0.34,3302,8,11,7),
(83,'MZ000037',0.31,3376,6,12,7),
(84,'MZ000038',0.31,3343,6,13,7),
(90,'MZ000039',0.33,3005,6,1,3),
(91,'MZ000040',0.34,3212,7,2,3),
(95,'MZ000041',0.3,3333,7,3,3),
(96,'MZ000042',0.33,3233,6,4,3),
(97,'MZ000043',0.31,3330,8,5,3),
(98,'MZ000044',0.3,3420,7,6,3),
(104,'MZ000045',0.35,3180,6,7,4),
(105,'MZ000046',0.34,3324,6,8,4),
(106,'MZ000047',0.34,3305,6,9,4),
(111,'MZ000048',0.34,3381,7,10,4),
(112,'MZ000049',0.33,3429,6,11,4),
(113,'MZ000050',0.3,3225,7,12,4),
(114,'MZ000051',0.34,3202,7,13,4),
(120,'MZ000052',0.56,3023,7,14,8),
(121,'MZ000053',0.3,3309,6,15,8),
(124,'MZ000054',0.34,3470,8,1,8),
(127,'MZ000055',0.34,3209,7,16,8),
(128,'MZ000056',0.34,3402,7,17,8),
(129,'MZ000057',0.32,3344,7,18,8),
(130,'MZ000058',0.31,3405,7,19,8),
(136,'MZ000059',0.31,3404,6,1,6),
(137,'MZ000060',0.34,3357,6,2,6),
(141,'MZ000061',0.35,3312,7,3,6),
(142,'MZ000062',0.33,3220,7,4,6),
(143,'MZ000063',0.32,3434,6,5,6),
(144,'MZ000064',0.34,3414,8,6,6),
(150,'MZ000065',0.32,3333,7,1,2),
(151,'MZ000066',0.35,3178,8,2,2),
(155,'MZ000067',0.31,3279,6,3,2),
(156,'MZ000068',0.35,3385,8,4,2),
(157,'MZ000069',0.3,3061,7,5,2),
(158,'MZ000070',0.32,3068,8,6,2),
(164,'MZ000071',0.3,3148,8,1,3),
(165,'MZ000072',0.32,3252,8,2,3),
(169,'MZ000073',0.3,3042,6,3,3),
(170,'MZ000074',0.35,3327,6,4,3),
(171,'MZ000075',0.35,3228,6,5,3),
(172,'MZ000076',0.31,3396,7,6,3),
(178,'MZ000077',0.32,3030,6,1,1),
(179,'MZ000078',0.35,3027,7,2,1),
(180,'MZ000079',0.35,3263,6,3,1),
(185,'MZ000080',0.35,3234,7,4,1),
(186,'MZ000081',0.32,3237,6,5,1),
(187,'MZ000082',0.3,3329,6,6,1),
(188,'MZ000083',0.32,3335,6,7,1),
(194,'MZ000084',0.31,3050,7,1,2),
(195,'MZ000085',0.33,3197,6,2,2),
(196,'MZ000086',0.3,3015,7,3,2),
(201,'MZ000087',0.31,3277,6,4,2),
(202,'MZ000088',0.31,3463,6,5,2),
(203,'MZ000089',0.34,3267,8,6,2),
(204,'MZ000090',0.35,3004,8,7,2),
(210,'MZ000091',0.32,3176,6,1,2),
(213,'MZ000092',0.35,3199,8,1,5),
(214,'MZ000093',0.33,3268,7,2,5),
(218,'MZ000094',0.31,3150,7,3,5),
(219,'MZ000095',0.33,3203,8,4,5),
(220,'MZ000096',0.34,3322,7,5,5),
(221,'MZ000097',0.34,3084,8,6,5),
(227,'MZ000098',0.35,3468,7,1,1),
(228,'MZ000099',0.35,3442,6,2,1),
(232,'MZ000100',0.33,3262,8,3,1),
(233,'MZ000101',0.33,3128,6,4,1),
(234,'MZ000102',0.35,3151,8,5,1),
(235,'MZ000103',0.32,3436,7,6,1),
(241,'MZ000104',0.32,3148,6,7,9),
(242,'MZ000105',0.32,3157,8,8,9),
(246,'MZ000106',0.3,3299,7,9,9),
(247,'MZ000107',0.35,3201,6,10,9),
(248,'MZ000108',0.3,3244,7,11,9),
(249,'MZ000109',0.35,3114,7,12,9),
(255,'MZ000110',0.32,3360,7,1,4),
(256,'MZ000111',0.31,3188,6,2,4),
(260,'MZ000112',0.32,3081,8,3,4),
(261,'MZ000113',0.31,3207,6,4,4),
(262,'MZ000114',0.3,3203,6,5,4),
(263,'MZ000115',0.3,3057,8,6,4),
(269,'MZ000116',0.34,3235,8,7,7),
(270,'MZ000117',0.32,3161,8,8,7),
(274,'MZ000118',0.31,3086,6,9,7),
(275,'MZ000119',0.32,3255,7,10,7),
(276,'MZ000120',0.35,3431,8,11,7),
(277,'MZ000121',0.33,3183,8,12,7),
(283,'MZ000122',0.13,3344,6,1,6),
(284,'MZ000123',0.35,3304,8,2,6),
(287,'MZ000124',0.31,3370,6,1,6),
(290,'MZ000125',0.35,3243,6,3,6),
(291,'MZ000126',0.34,3473,7,4,6),
(292,'MZ000127',0.3,3486,7,5,6),
(293,'MZ000128',0.31,3179,6,6,6),
(299,'MZ000129',0.32,3319,7,1,1),
(300,'MZ000130',0.34,3438,6,2,1),
(304,'MZ000131',0.33,3074,8,3,1),
(305,'MZ000132',0.32,3182,6,4,1),
(306,'MZ000133',0.35,3318,7,5,1),
(307,'MZ000134',0.33,3135,8,6,1),
(313,'MZ000135',0.3,3300,6,7,3),
(314,'MZ000136',0.31,3427,7,8,3),
(315,'MZ000137',0.32,3039,8,9,3),
(320,'MZ000138',0.34,3396,7,10,3),
(321,'MZ000139',0.33,3352,8,11,3),
(322,'MZ000140',0.35,3296,8,12,3),
(323,'MZ000141',0.35,3148,8,13,3),
(329,'MZ000142',0.32,3079,6,1,7),
(330,'MZ000143',0.35,3493,6,2,7),
(334,'MZ000144',0.21,3020,7,3,7),
(335,'MZ000145',0.3,3367,8,4,7),
(336,'MZ000146',0.32,3300,7,5,7),
(340,'MZ000147',0.31,3263,6,1,7),
(343,'MZ000148',0.31,3234,8,1,3),
(344,'MZ000149',0.31,3466,6,2,3),
(348,'MZ000150',0.34,3030,7,3,3),
(349,'MZ000151',0.32,3352,6,4,3),
(350,'MZ000152',0.35,3211,7,5,3),
(351,'MZ000153',0.35,3213,8,6,3),
(357,'MZ000154',0.32,3464,7,1,1),
(358,'MZ000155',0.32,3353,8,2,1),
(359,'MZ000156',0.3,3300,6,3,1),
(364,'MZ000157',0.34,3238,8,4,1),
(365,'MZ000158',0.3,3000,8,5,1),
(366,'MZ000159',0.31,3045,7,6,1),
(367,'MZ000160',0.32,3206,7,7,1),
(373,'MZ000161',0.31,3213,8,8,10),
(374,'MZ000162',0.34,3286,6,9,10),
(375,'MZ000163',0.32,3226,6,10,10),
(376,'MZ000164',0.33,3173,8,11,10),
(382,'MZ000165',0.3,3141,8,12,10),
(383,'MZ000166',0.33,3258,6,13,10),
(384,'MZ000167',0.33,3192,8,14,10),
(385,'MZ000168',0.35,3251,6,15,10),

(391,'MZ000169',0.32,3292,7,1,7),
(394,'MZ000170',0.35,3169,7,2,3),
(395,'MZ000171',0.33,3371,8,3,3),
(398,'MZ000172',0.34,3171,7,4,10),
(402,'MZ000173',0.32,3222,6,5,6),
(403,'MZ000174',0.31,3211,6,6,6),
(406,'MZ000175',0.32,3211,8,7,1),
(407,'MZ000176',0.33,3211,7,8,1);

INSERT INTO TiposBoquilla (codigo, descripcion) VALUES 
('MLD01', 'Fusilli'),
('MLD02', 'Penne'),
('MLD03', 'Spaghetti'),
('MLD04', 'Tallarin'),
('MLD05', 'Canuto');


INSERT INTO Moldeados (id_proceso_recurrente,codigo,tipo_boquilla,presion,velocidad_corte,tamano_corte, id_empleado, id_ejemplar_maquina
) VALUES
(3,'MD000001','MLD01',103,314.16,4,10,27),
(4,'MD000002','MLD01',110,314.16,4,9,28),
(10,'MD000003','MLD01',100,314.16,4,9,29),
(11,'MD000004','MLD01',102,314.16,4,10,30),
(12,'MD000005','MLD01',105,314.16,4,9,31),
(13,'MD000006','MLD01',110,314.16,4,10,32),
(17,'MD000007','MLD01',106,314.16,4,10,33),
(18,'MD000008','MLD01',107,314.16,4,9,34),
(24,'MD000009','MLD01',109,314.16,4,9,35),
(25,'MD000010','MLD01',101,314.16,4,11,36),
(26,'MD000011','MLD01',110,314.16,4,9,37),
(27,'MD000012','MLD01',109,314.16,4,11,38),
(31,'MD000013','MLD04',107,314.16,20,9,39),
(32,'MD000014','MLD04',109,314.16,20,9,40),
(38,'MD000015','MLD04',105,314.16,20,10,41),
(39,'MD000016','MLD04',104,314.16,20,10,42),
(40,'MD000017','MLD04',104,314.16,20,10,43),
(41,'MD000018','MLD04',110,314.16,20,10,44),
(45,'MD000019','MLD03',109,314.16,25,10,45),
(46,'MD000020','MLD03',110,314.16,25,9,46),
(52,'MD000021','MLD03',106,314.16,25,11,47),
(53,'MD000022','MLD03',108,314.16,25,9,48),
(54,'MD000023','MLD03',109,314.16,25,9,49),
(55,'MD000024','MLD03',102,314.16,25,10,50),
(60,'MD000025','MLD04',107,314.16,20,10,27),
(61,'MD000026','MLD04',108,314.16,20,9,28),
(62,'MD000027','MLD04',101,314.16,20,9,29),
(68,'MD000028','MLD04',80,314.16,20,9,30),
(69,'MD000029','MLD04',110,314.16,20,9,31),
(70,'MD000030','MLD04',103,314.16,20,11,32),
(71,'MD000031','MLD04',101,314.16,20,11,33),
(74,'MD000032','MLD04',104,314.16,20,10,27),
(78,'MD000033','MLD01',107,314.16,4,9,34),
(79,'MD000034','MLD01',109,314.16,4,10,35),
(85,'MD000035','MLD01',130,314.16,4,10,36),
(86,'MD000036','MLD01',106,314.16,4,10,37),
(87,'MD000037','MLD01',104,314.16,4,10,38),
(88,'MD000038','MLD01',109,314.16,4,9,39),
(92,'MD000039','MLD02',105,314.16,3,9,27),
(93,'MD000040','MLD02',104,314.16,3,9,28),
(99,'MD000041','MLD02',100,314.16,3,10,29),
(100,'MD000042','MLD02',100,314.16,3,11,30),
(101,'MD000043','MLD02',103,314.16,3,9,31),
(102,'MD000044','MLD02',107,314.16,3,9,32),
(107,'MD000045','MLD03',109,314.16,25,11,33),
(108,'MD000046','MLD03',105,314.16,25,10,34),
(109,'MD000047','MLD03',109,314.16,25,9,35),
(115,'MD000048','MLD03',106,314.16,25,9,36),
(116,'MD000049','MLD03',108,314.16,25,11,37),
(117,'MD000050','MLD03',104,314.16,25,11,38),
(118,'MD000051','MLD03',100,314.16,25,10,39),
(122,'MD000052','MLD02',103,314.16,3,9,40),
(125,'MD000053','MLD02',100,314.16,3,11,27),
(131,'MD000054','MLD02',105,314.16,3,11,41),
(132,'MD000055','MLD02',109,314.16,3,9,42),
(133,'MD000056','MLD02',101,314.16,3,11,43),
(134,'MD000057','MLD02',110,314.16,3,11,44),
(138,'MD000058','MLD05',106,314.16,5,10,27),
(139,'MD000059','MLD05',110,314.16,5,10,28),
(145,'MD000060','MLD05',75,314.16,5,11,29),
(146,'MD000061','MLD05',101,314.16,5,9,30),
(147,'MD000062','MLD05',108,314.16,5,9,31),
(148,'MD000063','MLD05',108,314.16,5,9,32),
(152,'MD000064','MLD01',104,314.16,4,11,27),
(153,'MD000065','MLD01',104,314.16,4,10,28),
(159,'MD000066','MLD01',107,314.16,4,10,29),
(160,'MD000067','MLD01',107,314.16,4,9,30),
(161,'MD000068','MLD01',110,314.16,4,9,31),
(162,'MD000069','MLD01',106,314.16,4,11,32),
(166,'MD000070','MLD02',104,314.16,3,10,27),
(167,'MD000071','MLD02',103,314.16,3,11,28),
(173,'MD000072','MLD02',102,314.16,3,10,29),
(174,'MD000073','MLD02',102,314.16,3,9,30),
(175,'MD000074','MLD02',109,314.16,3,10,31),
(176,'MD000075','MLD02',102,314.16,3,9,32),
(181,'MD000076','MLD01',102,314.16,4,9,27),
(182,'MD000077','MLD01',108,314.16,4,9,28),
(183,'MD000078','MLD01',100,314.16,4,10,29),
(189,'MD000079','MLD01',100,314.16,4,10,30),
(190,'MD000080','MLD01',102,314.16,4,9,31),
(191,'MD000081','MLD01',104,314.16,4,10,32),
(192,'MD000082','MLD01',110,314.16,4,9,33),
(197,'MD000083','MLD01',104,314.16,4,11,27),
(198,'MD000084','MLD01',107,314.16,4,11,28),
(199,'MD000085','MLD01',104,314.16,4,11,29),
(205,'MD000086','MLD01',167,314.16,4,9,30),
(206,'MD000087','MLD01',101,314.16,4,11,31),
(207,'MD000088','MLD01',100,314.16,4,9,32),
(208,'MD000089','MLD01',103,314.16,4,10,33),
(211,'MD000090','MLD01',105,314.16,4,10,27),
(215,'MD000091','MLD04',100,314.16,20,10,27),
(216,'MD000092','MLD04',100,314.16,20,10,28),
(222,'MD000093','MLD04',100,314.16,20,9,29),
(223,'MD000094','MLD04',102,314.16,20,11,51),
(224,'MD000095','MLD04',108,314.16,20,11,31),
(225,'MD000096','MLD04',110,314.16,20,10,32),
(229,'MD000097','MLD01',102,314.16,4,9,27),
(230,'MD000098','MLD01',101,314.16,4,11,28),
(236,'MD000099','MLD01',101,314.16,4,9,29),
(237,'MD000100','MLD01',110,314.16,4,11,51),
(238,'MD000101','MLD01',105,314.16,4,11,31),
(239,'MD000102','MLD01',107,314.16,4,10,32),
(243,'MD000103','MLD04',102,314.16,20,9,33),
(244,'MD000104','MLD04',104,314.16,20,9,34),
(250,'MD000105','MLD04',100,314.16,20,11,35),
(251,'MD000106','MLD04',109,314.16,20,9,36),
(252,'MD000107','MLD04',103,314.16,20,9,37),
(253,'MD000108','MLD04',101,314.16,20,10,38),
(257,'MD000109','MLD03',108,314.16,25,10,27),
(258,'MD000110','MLD03',101,314.16,25,10,28),
(264,'MD000111','MLD03',102,314.16,25,10,29),
(265,'MD000112','MLD03',102,314.16,25,9,51),
(266,'MD000113','MLD03',110,314.16,25,11,31),
(267,'MD000114','MLD03',110,314.16,25,10,32),
(271,'MD000115','MLD01',102,314.16,4,10,33),
(272,'MD000116','MLD01',106,314.16,4,9,34),
(278,'MD000117','MLD01',102,314.16,4,11,35),
(279,'MD000118','MLD01',102,314.16,4,11,36),
(280,'MD000119','MLD01',101,314.16,4,10,37),
(281,'MD000120','MLD01',108,314.16,4,10,38),
(285,'MD000121','MLD05',101,314.16,5,11,27),
(288,'MD000122','MLD05',103,314.16,5,11,27),
(294,'MD000123','MLD05',106,314.16,5,10,28),
(295,'MD000124','MLD05',101,314.16,5,11,29),
(296,'MD000125','MLD05',102,314.16,5,11,51),
(297,'MD000126','MLD05',106,314.16,5,11,31),
(301,'MD000127','MLD01',107,314.16,4,11,27),
(302,'MD000128','MLD01',105,314.16,4,9,28),
(308,'MD000129','MLD01',103,314.16,4,9,29),
(309,'MD000130','MLD01',100,314.16,4,11,51),
(310,'MD000131','MLD01',105,314.16,4,11,31),
(311,'MD000132','MLD01',109,314.16,4,11,32),
(316,'MD000133','MLD02',100,314.16,3,10,33),
(317,'MD000134','MLD02',105,314.16,3,11,34),
(318,'MD000135','MLD02',104,314.16,3,9,35),
(324,'MD000136','MLD02',106,314.16,3,10,36),
(325,'MD000137','MLD02',101,314.16,3,11,37),
(326,'MD000138','MLD02',110,314.16,3,11,38),
(327,'MD000139','MLD02',102,314.16,3,9,39),
(331,'MD000140','MLD01',102,314.16,4,10,27),
(332,'MD000141','MLD01',108,314.16,4,10,28),
(337,'MD000142','MLD01',109,314.16,4,10,29),
(338,'MD000143','MLD01',103,314.16,4,10,51),
(341,'MD000144','MLD01',108,314.16,4,11,27),
(345,'MD000145','MLD02',104,314.16,3,9,27),
(346,'MD000146','MLD02',108,314.16,3,10,28),
(352,'MD000147','MLD02',101,314.16,3,10,29),
(353,'MD000148','MLD02',109,314.16,3,10,51),
(354,'MD000149','MLD02',109,314.16,3,11,31),
(355,'MD000150','MLD02',110,314.16,3,11,32),
(360,'MD000151','MLD01',101,314.16,4,9,27),
(361,'MD000152','MLD01',101,314.16,4,10,28),
(362,'MD000153','MLD01',104,314.16,4,9,29),
(368,'MD000154','MLD01',109,314.16,4,10,51),
(369,'MD000155','MLD01',105,314.16,4,11,31),
(370,'MD000156','MLD01',103,314.16,4,9,32),
(371,'MD000157','MLD01',110,314.16,4,9,33),
(377,'MD000158','MLD03',109,314.16,25,11,34),
(378,'MD000159','MLD03',104,314.16,25,10,35),
(379,'MD000160','MLD03',107,314.16,25,9,36),
(380,'MD000161','MLD03',102,314.16,25,11,37),
(386,'MD000162','MLD03',105,314.16,25,11,38),
(387,'MD000163','MLD03',108,314.16,25,11,39),
(388,'MD000164','MLD03',100,314.16,25,9,40),
(389,'MD000165','MLD03',102,314.16,25,10,41),

(392,'MD000166','MLD01',100,314.16,4,11,27),
(396,'MD000167','MLD02',101,314.16,4,10,28),
(399,'MD000168','MLD04',109,314.16,4,11,29),
(400,'MD000169','MLD04',101,314.16,4,9,31),
(404,'MD000170','MLD05',102,314.16,3,10,32),
(408,'MD000171','MLD05',101,314.16,4,11,41);

INSERT INTO Secados (id_proceso_recurrente,codigo,numero_bandejas,temperatura_inicial,temperatura_final,porcentaje_humedad, id_empleado, id_ejemplar_maquina
)VALUES
(5,'SC000001',5,26,48,0.12,13,53),
(14,'SC000002',10,26,48,0.12,13,53),
(19,'SC000003',5,26,48,0.1,14,53),
(28,'SC000004',10,26,48,0.1,14,54),
(33,'SC000005',5,26,48,0.12,14,53),
(42,'SC000006',10,26,48,0.1,14,54),
(47,'SC000007',5,26,48,0.1,14,53),
(56,'SC000008',10,26,48,0.12,14,54),
(63,'SC000009',7,26,48,0.11,13,53),
(72,'SC000010',10,26,48,0.1,14,53),
(75,'SC000011',3,26,48,0.1,12,54),
(80,'SC000012',5,26,48,0.12,13,53),
(89,'SC000013',10,26,48,0.12,14,53),
(94,'SC000014',4,26,48,0.12,12,53),
(103,'SC000015',10,26,48,0.12,14,53),
(110,'SC000016',7,26,48,0.11,13,53),
(119,'SC000017',10,26,48,0.11,14,54),
(123,'SC000018',3,26,48,0.1,13,53),
(126,'SC000019',3,26,48,0.12,13,54),
(135,'SC000020',10,26,48,0.12,13,54),
(140,'SC000021',4,26,48,0.11,14,53),
(149,'SC000022',10,26,48,0.12,13,53),
(154,'SC000023',3,26,48,0.11,14,54),
(163,'SC000024',10,26,48,0.11,14,54),
(168,'SC000025',5,26,48,0.1,12,53),
(177,'SC000026',10,26,48,0.11,12,53),
(184,'SC000027',7,26,48,0.11,13,54),
(193,'SC000028',10,26,48,0.1,14,54),
(200,'SC000029',6,26,48,0.12,13,53),
(209,'SC000030',6,26,48,0.12,13,53),
(212,'SC000031',3,26,48,0.12,13,54),
(217,'SC000032',5,26,48,0.1,14,53),
(226,'SC000033',10,26,48,0.11,12,53),
(231,'SC000034',5,26,48,0.1,14,54),
(240,'SC000035',10,26,48,0.11,13,54),
(245,'SC000036',5,26,48,0.11,12,54),
(254,'SC000037',10,26,48,0.1,12,54),
(259,'SC000038',5,26,48,0.12,13,53),
(268,'SC000039',10,26,48,0.11,13,53),
(273,'SC000040',4,26,48,0.1,12,53),
(282,'SC000041',10,26,48,0.1,12,53),
(286,'SC000042',3,26,48,0.12,14,54),
(289,'SC000043',3,26,48,0.11,14,53),
(298,'SC000044',10,26,48,0.1,12,54),
(303,'SC000045',3,26,48,0.1,12,53),
(312,'SC000046',10,26,48,0.1,13,53),
(319,'SC000047',7,26,48,0.1,13,53),
(328,'SC000048',10,26,48,0.12,14,53),
(333,'SC000049',3,26,48,0.11,14,54),
(339,'SC000050',5,26,48,0.11,13,54),
(342,'SC000051',3,26,48,0.12,12,53),
(347,'SC000052',3,26,48,0.12,14,54),
(356,'SC000053',10,26,48,0.1,13,54),
(363,'SC000054',6,26,48,0.1,12,53),
(372,'SC000055',10,26,48,0.12,14,53),
(381,'SC000056',10,26,48,0.12,14,54),
(390,'SC000057',10,26,48,0.11,13,54),

(393,'SC000058',3,26,48,0.11,14,53),
(397,'SC000059',10,26,48,0.12,13,54),
(401,'SC000060',5,26,48,0.11,12,54),
(405,'SC000061',5,26,48,0.11,13,53),
(409,'SC000062',5,26,48,0.11,14,53);

INSERT INTO Envasados (id_envasado,codigo,fecha_proceso,numero_batch,tipo_envase,tiempo_proceso,peso,estado, estado_calidad,id_lote_producto, id_empleado
)VALUES
(1,'EV000001','2024-01-07 09:16:58',1,'Caja de carton',13.2,10,'Completado', 'Aprobado', 1,15),
(2,'EV000002','2024-01-07 09:30:10',1,'Caja de carton',28,20,'Completado', 'Aprobado', 2,15),
(3,'EV000003','2024-01-07 09:16:58',1,'Caja de carton',13.4,10,'Completado', 'Aprobado', 3,17),
(4,'EV000004','2024-01-07 09:16:58',1,'Caja de carton',26.8,20,'Completado', 'Aprobado', 4,16),
(5,'EV000005','2024-01-07 09:44:58',1,'Caja de carton',12.4,10,'Completado', 'Aprobado', 5,15),
(6,'EV000006','2024-01-07 09:30:22',1,'Caja de carton',24.4,20,'Completado', 'Aprobado', 6,17),
(7,'EV000007','2024-01-07 09:43:46',1,'Bolsa de plastico',13.4,10,'Completado', 'Aprobado', 7,16),
(8,'EV000008','2024-01-07 09:41:22',1,'Bolsa de plastico',26,20,'Completado', 'Aprobado', 8,17),
(9,'EV000009','2024-01-14 11:15:35',1,'Bolsa de plastico',20.7,15,'Completado', 'Aprobado', 9,16),
(10,'EV000010','2024-01-14 11:15:35',1,'Bolsa de plastico',24.8,20,'Completado', 'Aprobado', 10,15),
(11,'EV000011','2024-01-15 11:13:34',1,'Bolsa de plastico',6.6,5,'Completado', 'Aprobado', 11,15),
(12,'EV000012','2024-01-14 11:15:35',1,'Caja de carton',13.4,10,'Completado', 'Aprobado', 12,17),
(13,'EV000013','2024-01-14 11:36:17',1,'Caja de carton',26,20,'Completado', 'Aprobado', 13,16),
(14,'EV000014','2024-01-21 09:14:02',1,'Bolsa de plastico',12,10,'Completado', 'Aprobado', 14,17),
(15,'EV000015','2024-01-21 09:14:02',1,'Bolsa de plastico',25.6,20,'Completado', 'Aprobado', 15,15),
(16,'EV000016','2024-01-21 09:14:02',1,'Bolsa de plastico',20.7,15,'Completado', 'Aprobado', 16,16),
(17,'EV000017','2024-01-21 09:26:02',1,'Bolsa de plastico',25.6,20,'Completado', 'Aprobado', 17,17),
(18,'EV000018','2024-01-21 09:34:44',1,'Bolsa de plastico',6.1,5,'Completado', 'Aprobado', 18,16),
(19,'EV000019','2024-01-21 09:39:38',1,'Bolsa de plastico',6,5,'Completado', 'Aprobado', 19,15),
(20,'EV000020','2024-01-21 09:39:38',1,'Bolsa de plastico',25.6,20,'Completado', 'Aprobado', 20,17),
(21,'EV000021','2024-02-09 10:16:58',1,'Bolsa de plastico',12.8,10,'Completado', 'Aprobado', 21,15),
(22,'EV000022','2024-02-09 10:16:58',1,'Bolsa de plastico',25.2,20,'Completado', 'Aprobado', 22,16),
(23,'EV000023','2024-03-05 11:13:52',1,'Caja de carton',14,10,'Completado', 'Aprobado', 23,15),
(24,'EV000024','2024-03-05 11:13:52',1,'Caja de carton',26,20,'Completado', 'Aprobado', 24,16),
(25,'EV000025','2024-05-08 09:16:58',1,'Bolsa de plastico',12.6,10,'Completado', 'Aprobado', 25,17),
(26,'EV000026','2024-05-08 09:16:58',1,'Bolsa de plastico',26,20,'Completado', 'Aprobado', 26,15),
(27,'EV000027','2024-05-20 10:16:58',1,'Caja de carton',18.6,15,'Completado', 'Aprobado', 27,16),
(28,'EV000028','2024-05-20 10:16:58',1,'Caja de carton',26.8,20,'Completado', 'Aprobado', 28,17),
(29,'EV000029','2024-06-18 09:16:58',1,'Caja de carton',18.9,15,'Completado', 'Aprobado', 29,17),
(30,'EV000030','2024-06-18 09:16:58',1,'Caja de carton',28,20,'Completado', 'Aprobado', 30,15),
(31,'EV000031','2024-06-19 09:13:34',1,'Caja de carton',6.1,5,'Completado', 'Aprobado', 31,16),
(32,'EV000032','2024-06-23 11:16:58',1,'Bolsa de plastico',13,10,'Completado', 'Aprobado', 32,15),
(33,'EV000033','2024-06-23 11:16:58',1,'Bolsa de plastico',26,20,'Completado', 'Aprobado', 33,16),
(34,'EV000034','2024-07-15 10:16:58',1,'Caja de carton',13.4,10,'Completado', 'Aprobado', 34,17),
(35,'EV000035','2024-07-15 10:16:58',1,'Caja de carton',25.2,20,'Completado', 'Aprobado', 35,15),
(36,'EV000036','2024-07-15 10:16:58',1,'Caja de carton',12.8,10,'Completado', 'Aprobado', 36,16),
(37,'EV000037','2024-07-15 10:30:22',1,'Caja de carton',26,20,'Completado', 'Aprobado', 37,17),
(38,'EV000038','2024-08-03 09:16:58',1,'Bolsa de plastico',13.8,10,'Completado', 'Aprobado', 38,16),
(39,'EV000039','2024-08-03 09:16:58',1,'Bolsa de plastico',25.6,20,'Completado', 'Aprobado', 39,17),
(40,'EV000040','2024-08-03 09:16:58',1,'Caja de carton',13.6,10,'Completado', 'Aprobado', 40,15),
(41,'EV000041','2024-08-03 09:30:34',1,'Caja de carton',28,20,'Completado', 'Aprobado', 41,15),
(42,'EV000042','2024-08-04 09:16:58',1,'Bolsa de plastico',6,5,'Completado', 'Aprobado', 42,15),
(43,'EV000043','2024-08-05 09:13:34',1,'Bolsa de plastico',6.5,5,'Completado', 'Aprobado', 43,16),
(44,'EV000044','2024-08-04 09:16:58',1,'Bolsa de plastico',26.4,20,'Completado', 'Aprobado', 44,17),
(45,'EV000045','2024-09-07 11:16:58',1,'Caja de carton',13,10,'Completado', 'Aprobado', 45,17),
(46,'EV000046','2024-09-07 11:16:58',1,'Caja de carton',26.8,20,'Completado', 'Aprobado', 46,15),
(47,'EV000047','2024-09-07 11:16:58',1,'Bolsa de plastico',21,15,'Completado', 'Aprobado', 47,16),
(48,'EV000048','2024-09-07 11:37:58',1,'Bolsa de plastico',24,20,'Completado', 'Aprobado', 48,16),
(49,'EV000049','2024-11-06 10:16:58',1,'Caja de carton',12,10,'Completado', 'Aprobado', 49,15),
(50,'EV000050','2024-11-06 10:16:58',1,'Caja de carton',12.6,10,'Completado', 'Aprobado', 50,17),
(51,'EV000051','2024-11-07 10:13:38',1,'Caja de carton',7,5,'Completado', 'Aprobado', 51,16),
(52,'EV000052','2024-12-09 11:16:58',1,'Bolsa de plastico',13,10,'Completado', 'Aprobado', 52,17),
(53,'EV000053','2024-12-09 11:16:58',1,'Bolsa de plastico',25.6,20,'Completado', 'Aprobado', 53,16),
(54,'EV000054','2024-12-10 09:16:58',1,'Caja de carton',18.3,15,'Completado', 'Aprobado', 54,17),
(55,'EV000055','2024-12-10 09:16:58',1,'Caja de carton',24,20,'Completado', 'Aprobado', 55,16),
(56,'EV000056','2024-12-10 09:16:58',1,'Bolsa de plastico',26.8,20,'Completado', 'Aprobado', 56,15),
(57,'EV000057','2024-12-10 09:40:58',1,'Bolsa de plastico',25.2,20,'Completado', 'Aprobado', 57,16),


(58,'EV000058','2024-12-10 10:50:28',1,'Bolsa de plastico',26.2,20,'En inspeccion', 'Pendiente', 62,17),
(59,'EV000059','2024-12-10 10:50:28',1,'Bolsa de plastico',26.2,20,'En inspeccion', 'Pendiente', 61,17);

INSERT INTO InspeccionesProceso (
    id_inspeccion, id_proceso_recurrente, tipo_proceso, tipo_fallo, detalle_fallo_proceso, cantidad_perdida
) VALUES
(129, 1, 'Mezclado', NULL, NULL, 0),
(130, 2, 'Mezclado', NULL, NULL, 0),
(131, 3, 'Moldeado', NULL, NULL, 0),
(132, 4, 'Moldeado', NULL, NULL, 0),
(133, 5, 'Secado', NULL, NULL, 0),
(134, 6, 'Mezclado', NULL, NULL, 0),
(135, 7, 'Mezclado', NULL, NULL, 0),
(136, 8, 'Mezclado', NULL, NULL, 0),
(137, 9, 'Mezclado', NULL, NULL, 0),
(138, 10, 'Moldeado', NULL, NULL, 0),
(139, 11, 'Moldeado', NULL, NULL, 0),
(140, 12, 'Moldeado', NULL, NULL, 0),
(141, 13, 'Moldeado', NULL, NULL, 0),
(142, 14, 'Secado', NULL, NULL, 0),
(143, 15, 'Mezclado', NULL, NULL, 0),
(144, 16, 'Mezclado', NULL, NULL, 0),
(145, 17, 'Moldeado', NULL, NULL, 0),
(146, 18, 'Moldeado', NULL, NULL, 0),
(147, 19, 'Secado', NULL, NULL, 0),
(148, 20, 'Mezclado', NULL, NULL, 0),
(149, 21, 'Mezclado', NULL, NULL, 0),
(150, 22, 'Mezclado', NULL, NULL, 0),
(151, 23, 'Mezclado', NULL, NULL, 0),
(152, 24, 'Moldeado', NULL, NULL, 0),
(153, 25, 'Moldeado', NULL, NULL, 0),
(154, 26, 'Moldeado', NULL, NULL, 0),
(155, 27, 'Moldeado', NULL, NULL, 0),
(156, 28, 'Secado', NULL, NULL, 0),
(157, 29, 'Mezclado', NULL, NULL, 0),
(158, 30, 'Mezclado', NULL, NULL, 0),
(159, 31, 'Moldeado', NULL, NULL, 0),
(160, 32, 'Moldeado', NULL, NULL, 0),
(161, 33, 'Secado', NULL, NULL, 0),
(162, 34, 'Mezclado', NULL, NULL, 0),
(163, 35, 'Mezclado', NULL, NULL, 0),
(164, 36, 'Mezclado', NULL, NULL, 0),
(165, 37, 'Mezclado', NULL, NULL, 0),
(166, 38, 'Moldeado', NULL, NULL, 0),
(167, 39, 'Moldeado', NULL, NULL, 0),
(168, 40, 'Moldeado', NULL, NULL, 0),
(169, 41, 'Moldeado', NULL, NULL, 0),
(170, 42, 'Secado', NULL, NULL, 0),
(171, 43, 'Mezclado', NULL, NULL, 0),
(172, 44, 'Mezclado', NULL, NULL, 0),
(173, 45, 'Moldeado', NULL, NULL, 0),
(174, 46, 'Moldeado', NULL, NULL, 0),
(175, 47, 'Secado', NULL, NULL, 0),
(176, 48, 'Mezclado', NULL, NULL, 0),
(177, 49, 'Mezclado', NULL, NULL, 0),
(178, 50, 'Mezclado', NULL, NULL, 0),
(179, 51, 'Mezclado', NULL, NULL, 0),
(180, 52, 'Moldeado', NULL, NULL, 0),
(181, 53, 'Moldeado', NULL, NULL, 0),
(182, 54, 'Moldeado', NULL, NULL, 0),
(183, 55, 'Moldeado', NULL, NULL, 0),
(184, 56, 'Secado', NULL, NULL, 0),
(185, 57, 'Mezclado', NULL, NULL, 0),
(186, 58, 'Mezclado', NULL, NULL, 0),
(187, 59, 'Mezclado', NULL, NULL, 0),
(188, 60, 'Moldeado', NULL, NULL, 0),
(189, 61, 'Moldeado', NULL, NULL, 0),
(190, 62, 'Moldeado', NULL, NULL, 0),
(191, 63, 'Secado', NULL, NULL, 0),
(192, 64, 'Mezclado', NULL, NULL, 0),
(193, 65, 'Mezclado', NULL, NULL, 0),
(194, 66, 'Mezclado', NULL, NULL, 0),
(195, 67, 'Mezclado', NULL, NULL, 0),
(196, 68, 'Moldeado', 'Humano', 'Presión inadecuada en la máquina', 30),
(197, 69, 'Moldeado', NULL, NULL, 0),
(198, 70, 'Moldeado', NULL, NULL, 0),
(199, 71, 'Moldeado', NULL, NULL, 0),
(200, 72, 'Secado', NULL, NULL, 0),
(201, 73, 'Mezclado', NULL, NULL, 0),
(202, 74, 'Moldeado', NULL, NULL, 0),
(203, 75, 'Secado', NULL, NULL, 0),
(204, 76, 'Mezclado', NULL, NULL, 0),
(205, 77, 'Mezclado', NULL, NULL, 0),
(206, 78, 'Moldeado', NULL, NULL, 0),
(207, 79, 'Moldeado', NULL, NULL, 0),
(208, 80, 'Secado', NULL, NULL, 0),
(209, 81, 'Mezclado', NULL, NULL, 0),
(210, 82, 'Mezclado', NULL, NULL, 0),
(211, 83, 'Mezclado', NULL, NULL, 0),
(212, 84, 'Mezclado', NULL, NULL, 0),
(213, 85, 'Moldeado', 'Humano', 'Presión inadecuada en la máquina', 20),
(214, 86, 'Moldeado', NULL, NULL, 0),
(215, 87, 'Moldeado', NULL, NULL, 0),
(216, 88, 'Moldeado', NULL, NULL, 0),
(217, 89, 'Secado', NULL, NULL, 0),
(218, 90, 'Mezclado', NULL, NULL, 0),
(219, 91, 'Mezclado', NULL, NULL, 0),
(220, 92, 'Moldeado', NULL, NULL, 0),
(221, 93, 'Moldeado', NULL, NULL, 0),
(222, 94, 'Secado', NULL, NULL, 0),
(223, 95, 'Mezclado', NULL, NULL, 0),
(224, 96, 'Mezclado', NULL, NULL, 0),
(225, 97, 'Mezclado', NULL, NULL, 0),
(226, 98, 'Mezclado', NULL, NULL, 0),
(227, 99, 'Moldeado', NULL, NULL, 0),
(228, 100, 'Moldeado', NULL, NULL, 0),
(229, 101, 'Moldeado', NULL, NULL, 0),
(230, 102, 'Moldeado', NULL, NULL, 0),
(231, 103, 'Secado', NULL, NULL, 0),
(232, 104, 'Mezclado', NULL, NULL, 0),
(233, 105, 'Mezclado', NULL, NULL, 0),
(234, 106, 'Mezclado', NULL, NULL, 0),
(235, 107, 'Moldeado', NULL, NULL, 0),
(236, 108, 'Moldeado', NULL, NULL, 0),
(237, 109, 'Moldeado', NULL, NULL, 0),
(238, 110, 'Secado', NULL, NULL, 0),
(239, 111, 'Mezclado', NULL, NULL, 0),
(240, 112, 'Mezclado', NULL, NULL, 0),
(241, 113, 'Mezclado', NULL, NULL, 0),
(242, 114, 'Mezclado', NULL, NULL, 0),
(243, 115, 'Moldeado', NULL, NULL, 0),
(244, 116, 'Moldeado', NULL, NULL, 0),
(245, 117, 'Moldeado', NULL, NULL, 0),
(246, 118, 'Moldeado', NULL, NULL, 0),
(247, 119, 'Secado', NULL, NULL, 0),
(248, 120, 'Mezclado', 'Humano', 'Error en proporción de humedad', 10),
(249, 121, 'Mezclado', NULL, NULL, 0),
(250, 122, 'Moldeado', NULL, NULL, 0),
(251, 123, 'Secado', NULL, NULL, 0),
(252, 124, 'Mezclado', NULL, NULL, 0),
(253, 125, 'Moldeado', NULL, NULL, 0),
(254, 126, 'Secado', NULL, NULL, 0),
(255, 127, 'Mezclado', NULL, NULL, 0),
(256, 128, 'Mezclado', NULL, NULL, 0),
(257, 129, 'Mezclado', NULL, NULL, 0),
(258, 130, 'Mezclado', NULL, NULL, 0),
(259, 131, 'Moldeado', NULL, NULL, 0),
(260, 132, 'Moldeado', NULL, NULL, 0),
(261, 133, 'Moldeado', NULL, NULL, 0),
(262, 134, 'Moldeado', NULL, NULL, 0),
(263, 135, 'Secado', NULL, NULL, 0),
(264, 136, 'Mezclado', NULL, NULL, 0),
(265, 137, 'Mezclado', NULL, NULL, 0),
(266, 138, 'Moldeado', NULL, NULL, 0),
(267, 139, 'Moldeado', NULL, NULL, 0),
(268, 140, 'Secado', NULL, NULL, 0),
(269, 141, 'Mezclado', NULL, NULL, 0),
(270, 142, 'Mezclado', NULL, NULL, 0),
(271, 143, 'Mezclado', NULL, NULL, 0),
(272, 144, 'Mezclado', NULL, NULL, 0),
(273, 145, 'Moldeado', 'Humano', 'Presión inadecuada en la máquina',20),
(274, 146, 'Moldeado', NULL, NULL, 0),
(275, 147, 'Moldeado', NULL, NULL, 0),
(276, 148, 'Moldeado', NULL, NULL, 0),
(277, 149, 'Secado', NULL, NULL, 0),
(278, 150, 'Mezclado', NULL, NULL, 0),
(279, 151, 'Mezclado', NULL, NULL, 0),
(280, 152, 'Moldeado', NULL, NULL, 0),
(281, 153, 'Moldeado', NULL, NULL, 0),
(282, 154, 'Secado', NULL, NULL, 0),
(283, 155, 'Mezclado', NULL, NULL, 0),
(284, 156, 'Mezclado', NULL, NULL, 0),
(285, 157, 'Mezclado', NULL, NULL, 0),
(286, 158, 'Mezclado', NULL, NULL, 0),
(287, 159, 'Moldeado', NULL, NULL, 0),
(288, 160, 'Moldeado', NULL, NULL, 0),
(289, 161, 'Moldeado', NULL, NULL, 0),
(290, 162, 'Moldeado', NULL, NULL, 0),
(291, 163, 'Secado', NULL, NULL, 0),
(292, 164, 'Mezclado', NULL, NULL, 0),
(293, 165, 'Mezclado', NULL, NULL, 0),
(294, 166, 'Moldeado', NULL, NULL, 0),
(295, 167, 'Moldeado', NULL, NULL, 0),
(296, 168, 'Secado', NULL, NULL, 0),
(297, 169, 'Mezclado', NULL, NULL, 0),
(298, 170, 'Mezclado', NULL, NULL, 0),
(299, 171, 'Mezclado', NULL, NULL, 0),
(300, 172, 'Mezclado', NULL, NULL, 0),
(301, 173, 'Moldeado', NULL, NULL, 0),
(302, 174, 'Moldeado', NULL, NULL, 0),
(303, 175, 'Moldeado', NULL, NULL, 0),
(304, 176, 'Moldeado', NULL, NULL, 0),
(305, 177, 'Secado', NULL, NULL, 0),
(306, 178, 'Mezclado', NULL, NULL, 0),
(307, 179, 'Mezclado', NULL, NULL, 0),
(308, 180, 'Mezclado', NULL, NULL, 0),
(309, 181, 'Moldeado', NULL, NULL, 0),
(310, 182, 'Moldeado', NULL, NULL, 0),
(311, 183, 'Moldeado', NULL, NULL, 0),
(312, 184, 'Secado', NULL, NULL, 0),
(313, 185, 'Mezclado', NULL, NULL, 0),
(314, 186, 'Mezclado', NULL, NULL, 0),
(315, 187, 'Mezclado', NULL, NULL, 0),
(316, 188, 'Mezclado', NULL, NULL, 0),
(317, 189, 'Moldeado', NULL, NULL, 0),
(318, 190, 'Moldeado', NULL, NULL, 0),
(319, 191, 'Moldeado', NULL, NULL, 0),
(320, 192, 'Moldeado', NULL, NULL, 0),
(321, 193, 'Secado', NULL, NULL, 0),
(322, 194, 'Mezclado', NULL, NULL, 0),
(323, 195, 'Mezclado', NULL, NULL, 0),
(324, 196, 'Mezclado', NULL, NULL, 0),
(325, 197, 'Moldeado', NULL, NULL, 0),
(326, 198, 'Moldeado', NULL, NULL, 0),
(327, 199, 'Moldeado', NULL, NULL, 0),
(328, 200, 'Secado', NULL, NULL, 0),
(329, 201, 'Mezclado', NULL, NULL, 0),
(330, 202, 'Mezclado', NULL, NULL, 0),
(331, 203, 'Mezclado', NULL, NULL, 0),
(332, 204, 'Mezclado', NULL, NULL, 0),
(333, 205, 'Moldeado', 'Maquina', NULL, 20),
(334, 206, 'Moldeado', NULL, NULL, 0),
(335, 207, 'Moldeado', NULL, NULL, 0),
(336, 208, 'Moldeado', NULL, NULL, 0),
(337, 209, 'Secado', NULL, NULL, 0),
(338, 210, 'Mezclado', NULL, NULL, 0),
(339, 211, 'Moldeado', NULL, NULL, 0),
(340, 212, 'Secado', NULL, NULL, 0),
(341, 213, 'Mezclado', NULL, NULL, 0),
(342, 214, 'Mezclado', NULL, NULL, 0),
(343, 215, 'Moldeado', NULL, NULL, 0),
(344, 216, 'Moldeado', NULL, NULL, 0),
(345, 217, 'Secado', NULL, NULL, 0),
(346, 218, 'Mezclado', NULL, NULL, 0),
(347, 219, 'Mezclado', NULL, NULL, 0),
(348, 220, 'Mezclado', NULL, NULL, 0),
(349, 221, 'Mezclado', NULL, NULL, 0),
(350, 222, 'Moldeado', NULL, NULL, 0),
(351, 223, 'Moldeado', NULL, NULL, 0),
(352, 224, 'Moldeado', NULL, NULL, 0),
(353, 225, 'Moldeado', NULL, NULL, 0),
(354, 226, 'Secado', NULL, NULL, 0),
(355, 227, 'Mezclado', NULL, NULL, 0),
(356, 228, 'Mezclado', NULL, NULL, 0),
(357, 229, 'Moldeado', NULL, NULL, 0),
(358, 230, 'Moldeado', NULL, NULL, 0),
(359, 231, 'Secado', NULL, NULL, 0),
(360, 232, 'Mezclado', NULL, NULL, 0),
(361, 233, 'Mezclado', NULL, NULL, 0),
(362, 234, 'Mezclado', NULL, NULL, 0),
(363, 235, 'Mezclado', NULL, NULL, 0),
(364, 236, 'Moldeado', NULL, NULL, 0),
(365, 237, 'Moldeado', NULL, NULL, 0),
(366, 238, 'Moldeado', NULL, NULL, 0),
(367, 239, 'Moldeado', NULL, NULL, 0),
(368, 240, 'Secado', NULL, NULL, 0),
(369, 241, 'Mezclado', NULL, NULL, 0),
(370, 242, 'Mezclado', NULL, NULL, 0),
(371, 243, 'Moldeado', NULL, NULL, 0),
(372, 244, 'Moldeado', NULL, NULL, 0),
(373, 245, 'Secado', NULL, NULL, 0),
(374, 246, 'Mezclado', NULL, NULL, 0),
(375, 247, 'Mezclado', NULL, NULL, 0),
(376, 248, 'Mezclado', NULL, NULL, 0),
(377, 249, 'Mezclado', NULL, NULL, 0),
(378, 250, 'Moldeado', NULL, NULL, 0),
(379, 251, 'Moldeado', NULL, NULL, 0),
(380, 252, 'Moldeado', NULL, NULL, 0),
(381, 253, 'Moldeado', NULL, NULL, 0),
(382, 254, 'Secado', NULL, NULL, 0),
(383, 255, 'Mezclado', NULL, NULL, 0),
(384, 256, 'Mezclado', NULL, NULL, 0),
(385, 257, 'Moldeado', NULL, NULL, 0),
(386, 258, 'Moldeado', NULL, NULL, 0),
(387, 259, 'Secado', NULL, NULL, 0),
(388, 260, 'Mezclado', NULL, NULL, 0),
(389, 261, 'Mezclado', NULL, NULL, 0),
(390, 262, 'Mezclado', NULL, NULL, 0),
(391, 263, 'Mezclado', NULL, NULL, 0),
(392, 264, 'Moldeado', NULL, NULL, 0),
(393, 265, 'Moldeado', NULL, NULL, 0),
(394, 266, 'Moldeado', NULL, NULL, 0),
(395, 267, 'Moldeado', NULL, NULL, 0),
(396, 268, 'Secado', NULL, NULL, 0),
(397, 269, 'Mezclado', NULL, NULL, 0),
(398, 270, 'Mezclado', NULL, NULL, 0),
(399, 271, 'Moldeado', NULL, NULL, 0),
(400, 272, 'Moldeado', NULL, NULL, 0),
(401, 273, 'Secado', NULL, NULL, 0),
(402, 274, 'Mezclado', NULL, NULL, 0),
(403, 275, 'Mezclado', NULL, NULL, 0),
(404, 276, 'Mezclado', NULL, NULL, 0),
(405, 277, 'Mezclado', NULL, NULL, 0),
(406, 278, 'Moldeado', NULL, NULL, 0),
(407, 279, 'Moldeado', NULL, NULL, 0),
(408, 280, 'Moldeado', NULL, NULL, 0),
(409, 281, 'Moldeado', NULL, NULL, 0),
(410, 282, 'Secado', NULL, NULL, 0),
(411, 283, 'Mezclado', 'Humano', 'Error en proporción de humedad', 10),
(412, 284, 'Mezclado', NULL, NULL, 0),
(413, 285, 'Moldeado', NULL, NULL, 0),
(414, 286, 'Secado', NULL, NULL, 0),
(415, 287, 'Mezclado', NULL, NULL, 0),
(416, 288, 'Moldeado', NULL, NULL, 0),
(417, 289, 'Secado', NULL, NULL, 0),
(418, 290, 'Mezclado', NULL, NULL, 0),
(419, 291, 'Mezclado', NULL, NULL, 0),
(420, 292, 'Mezclado', NULL, NULL, 0),
(421, 293, 'Mezclado', NULL, NULL, 0),
(422, 294, 'Moldeado', NULL, NULL, 0),
(423, 295, 'Moldeado', NULL, NULL, 0),
(424, 296, 'Moldeado', NULL, NULL, 0),
(425, 297, 'Moldeado', NULL, NULL, 0),
(426, 298, 'Secado', NULL, NULL, 0),
(427, 299, 'Mezclado', NULL, NULL, 0),
(428, 300, 'Mezclado', NULL, NULL, 0),
(429, 301, 'Moldeado', NULL, NULL, 0),
(430, 302, 'Moldeado', NULL, NULL, 0),
(431, 303, 'Secado', NULL, NULL, 0),
(432, 304, 'Mezclado', NULL, NULL, 0),
(433, 305, 'Mezclado', NULL, NULL, 0),
(434, 306, 'Mezclado', NULL, NULL, 0),
(435, 307, 'Mezclado', NULL, NULL, 0),
(436, 308, 'Moldeado', NULL, NULL, 0),
(437, 309, 'Moldeado', NULL, NULL, 0),
(438, 310, 'Moldeado', NULL, NULL, 0),
(439, 311, 'Moldeado', NULL, NULL, 0),
(440, 312, 'Secado', NULL, NULL, 0),
(441, 313, 'Mezclado', NULL, NULL, 0),
(442, 314, 'Mezclado', NULL, NULL, 0),
(443, 315, 'Mezclado', NULL, NULL, 0),
(444, 316, 'Moldeado', NULL, NULL, 0),
(445, 317, 'Moldeado', NULL, NULL, 0),
(446, 318, 'Moldeado', NULL, NULL, 0),
(447, 319, 'Secado', NULL, NULL, 0),
(448, 320, 'Mezclado', NULL, NULL, 0),
(449, 321, 'Mezclado', NULL, NULL, 0),
(450, 322, 'Mezclado', NULL, NULL, 0),
(451, 323, 'Mezclado', NULL, NULL, 0),
(452, 324, 'Moldeado', NULL, NULL, 0),
(453, 325, 'Moldeado', NULL, NULL, 0),
(454, 326, 'Moldeado', NULL, NULL, 0),
(455, 327, 'Moldeado', NULL, NULL, 0),
(456, 328, 'Secado', NULL, NULL, 0),
(457, 329, 'Mezclado', NULL, NULL, 0),
(458, 330, 'Mezclado', NULL, NULL, 0),
(459, 331, 'Moldeado', NULL, NULL, 0),
(460, 332, 'Moldeado', NULL, NULL, 0),
(461, 333, 'Secado', NULL, NULL, 0),
(462, 334, 'Mezclado','Humano', 'Error en proporción de humedad', 15),
(463, 335, 'Mezclado', NULL, NULL, 0),
(464, 336, 'Mezclado', NULL, NULL, 0),
(465, 337, 'Mezclado', NULL, NULL, 0),
(466, 338, 'Mezclado', NULL, NULL, 0),
(467, 339, 'Moldeado', NULL, NULL, 0),
(468, 340, 'Mezclado', NULL, NULL, 0),
(469, 341, 'Moldeado', NULL, NULL, 0),
(470, 342, 'Secado', NULL, NULL, 0),
(471, 343, 'Mezclado', NULL, NULL, 0),
(472, 344, 'Mezclado', NULL, NULL, 0),
(473, 345, 'Moldeado', NULL, NULL, 0),
(474, 346, 'Moldeado', NULL, NULL, 0),
(475, 347, 'Secado', NULL, NULL, 0),
(476, 348, 'Mezclado', NULL, NULL, 0),
(477, 349, 'Mezclado', NULL, NULL, 0),
(478, 350, 'Mezclado', NULL, NULL, 0),
(479, 351, 'Mezclado', NULL, NULL, 0),
(480, 352, 'Moldeado', NULL, NULL, 0),
(481, 353, 'Moldeado', NULL, NULL, 0),
(482, 354, 'Moldeado', NULL, NULL, 0),
(483, 355, 'Moldeado', NULL, NULL, 0),
(484, 356, 'Secado', NULL, NULL, 0),
(485, 357, 'Mezclado', NULL, NULL, 0),
(486, 358, 'Mezclado', NULL, NULL, 0),
(487, 359, 'Mezclado', NULL, NULL, 0),
(488, 360, 'Moldeado', NULL, NULL, 0),
(489, 361, 'Moldeado', NULL, NULL, 0),
(490, 362, 'Moldeado', NULL, NULL, 0),
(491, 363, 'Secado', NULL, NULL, 0),
(492, 364, 'Mezclado', NULL, NULL, 0),
(493, 365, 'Mezclado', NULL, NULL, 0),
(494, 366, 'Mezclado', NULL, NULL, 0),
(495, 367, 'Mezclado', NULL, NULL, 0),
(496, 368, 'Moldeado', NULL, NULL, 0),
(497, 369, 'Moldeado', NULL, NULL, 0),
(498, 370, 'Moldeado', NULL, NULL, 0),
(499, 371, 'Moldeado', NULL, NULL, 0),
(500, 372, 'Secado', NULL, NULL, 0),
(501, 373, 'Mezclado', NULL, NULL, 0),
(502, 374, 'Mezclado', NULL, NULL, 0),
(503, 375, 'Mezclado', NULL, NULL, 0),
(504, 376, 'Mezclado', NULL, NULL, 0),
(505, 377, 'Moldeado', NULL, NULL, 0),
(506, 378, 'Moldeado', NULL, NULL, 0),
(507, 379, 'Moldeado', NULL, NULL, 0),
(508, 380, 'Moldeado', NULL, NULL, 0),
(509, 381, 'Secado', NULL, NULL, 0),
(510, 382, 'Mezclado', NULL, NULL, 0),
(511, 383, 'Mezclado', NULL, NULL, 0),
(512, 384, 'Mezclado', NULL, NULL, 0),
(513, 385, 'Mezclado', NULL, NULL, 0),
(514, 386, 'Moldeado', NULL, NULL, 0),
(515, 387, 'Moldeado', NULL, NULL, 0),
(516, 388, 'Moldeado', NULL, NULL, 0),
(517, 389, 'Moldeado', NULL, NULL, 0),
(518, 390, 'Secado', NULL, NULL, 0),

-------------------------------------
(608, 391, 'Mezclado', NULL, NULL, 0),
(609, 392, 'Moldeado', NULL, NULL, 0),
(610, 393, 'Secado', NULL, NULL, 0),
(611, 394, 'Mezclado', NULL, NULL, 0),
(612, 395, 'Mezclado', NULL, NULL, 0),
(613, 396, 'Moldeado', NULL, NULL, 0),
(614, 397, 'Secado', NULL, NULL, 0),
(615, 398, 'Mezclado', NULL, NULL, 0),
(616, 399, 'Moldeado', NULL, NULL, 0),
(617, 400, 'Moldeado', NULL, NULL, 0),
(618, 401, 'Secado', NULL, NULL, 0),
(619, 402, 'Mezclado', NULL, NULL, 0),
(620, 403, 'Mezclado', NULL, NULL, 0),
(621, 404, 'Moldeado', NULL, NULL, 0),
(622, 405, 'Secado', NULL, NULL, 0),
(623, 406, 'Mezclado', NULL, NULL, 0),
(624, 407, 'Mezclado', NULL, NULL, 0),
(625, 408, 'Moldeado', NULL, NULL, 0),
(626, 409, 'Secado', NULL, NULL, 0);

INSERT INTO SolicitudesMantenimiento (id_solicitud_mantenimiento, codigo, fecha_solicitud, fecha_requerida, tipo_mantenimiento, estado, id_ejemplar_maquina, id_inspeccion_proceso) VALUES
(1,'SM000001','2024-06-18 8:18:00','2024-07-03','Correctivo','Atendida',30, 205 ),
(2,'SM000002','2024-06-30 8:15:00','2024-07-01','Preventivo','Atendida',1,NULL),
(3,'SM000003','2024-06-30 8:16:00','2024-07-01','Preventivo','Atendida',2,NULL),
(4,'SM000004','2024-06-30 8:17:00','2024-07-01','Preventivo','Atendida',3,NULL),
(5,'SM000005','2024-06-30 8:18:00','2024-07-01','Preventivo','Atendida',4,NULL),
(6,'SM000006','2024-06-30 8:19:00','2024-07-01','Preventivo','Atendida',5,NULL),
(7,'SM000007','2024-06-30 8:20:00','2024-07-01','Preventivo','Atendida',6,NULL),
(8,'SM000008','2024-06-30 8:21:00','2024-07-01','Preventivo','Atendida',7,NULL),
(9,'SM000009','2024-06-30 8:22:00','2024-07-01','Preventivo','Atendida',8,NULL),
(10,'SM000010','2024-06-30 8:23:00','2024-07-01','Preventivo','Atendida',9,NULL),
(11,'SM000011','2024-06-30 8:24:00','2024-07-01','Preventivo','Atendida',10,NULL),
(12,'SM000012','2024-06-30 8:25:00','2024-07-01','Preventivo','Atendida',11,NULL),
(13,'SM000013','2024-06-30 8:26:00','2024-07-01','Preventivo','Atendida',12,NULL),
(14,'SM000014','2024-06-30 8:27:00','2024-07-01','Preventivo','Atendida',13,NULL),
(15,'SM000015','2024-07-01 8:15:00','2024-07-02','Preventivo','Atendida',14,NULL),
(16,'SM000016','2024-07-01 8:16:00','2024-07-02','Preventivo','Atendida',15,NULL),
(17,'SM000017','2024-07-01 8:17:00','2024-07-02','Preventivo','Atendida',16,NULL),
(18,'SM000018','2024-07-01 8:18:00','2024-07-02','Preventivo','Atendida',17,NULL),
(19,'SM000019','2024-07-01 8:19:00','2024-07-02','Preventivo','Atendida',18,NULL),
(20,'SM000020','2024-07-01 8:20:00','2024-07-02','Preventivo','Atendida',19,NULL),
(21,'SM000021','2024-07-01 8:21:00','2024-07-02','Preventivo','Atendida',20,NULL),
(22,'SM000022','2024-07-01 8:22:00','2024-07-02','Preventivo','Atendida',21,NULL),
(23,'SM000023','2024-07-01 8:23:00','2024-07-02','Preventivo','Atendida',22,NULL),
(24,'SM000024','2024-07-01 8:24:00','2024-07-02','Preventivo','Atendida',23,NULL),
(25,'SM000025','2024-07-01 8:25:00','2024-07-02','Preventivo','Atendida',24,NULL),
(26,'SM000026','2024-07-01 8:26:00','2024-07-02','Preventivo','Atendida',25,NULL),
(27,'SM000027','2024-07-01 8:27:00','2024-07-02','Preventivo','Atendida',26,NULL),
(28,'SM000028','2024-07-02 8:15:00','2024-07-03','Preventivo','Atendida',27,NULL),
(29,'SM000029','2024-07-02 8:16:00','2024-07-03','Preventivo','Atendida',28,NULL),
(30,'SM000030','2024-07-02 8:17:00','2024-07-03','Preventivo','Atendida',29,NULL),
(31,'SM000031','2024-07-02 8:19:00','2024-07-03','Preventivo','Atendida',31,NULL),
(32,'SM000032','2024-07-02 8:20:00','2024-07-03','Preventivo','Atendida',32,NULL),
(33,'SM000033','2024-07-02 8:21:00','2024-07-03','Preventivo','Atendida',33,NULL),
(34,'SM000034','2024-07-02 8:22:00','2024-07-03','Preventivo','Atendida',34,NULL),
(35,'SM000035','2024-07-02 8:23:00','2024-07-03','Preventivo','Atendida',35,NULL),
(36,'SM000036','2024-07-02 8:24:00','2024-07-03','Preventivo','Atendida',36,NULL),
(37,'SM000037','2024-07-02 8:25:00','2024-07-03','Preventivo','Atendida',37,NULL),
(38,'SM000038','2024-07-02 8:26:00','2024-07-03','Preventivo','Atendida',38,NULL),
(39,'SM000039','2024-07-02 8:27:00','2024-07-03','Preventivo','Atendida',39,NULL),
(40,'SM000040','2024-07-03 8:15:00','2024-07-04','Preventivo','Atendida',40,NULL),
(41,'SM000041','2024-07-03 8:16:00','2024-07-04','Preventivo','Atendida',41,NULL),
(42,'SM000042','2024-07-03 8:17:00','2024-07-04','Preventivo','Atendida',42,NULL),
(43,'SM000043','2024-07-03 8:18:00','2024-07-04','Preventivo','Atendida',43,NULL),
(44,'SM000044','2024-07-03 8:19:00','2024-07-04','Preventivo','Atendida',44,NULL),
(45,'SM000045','2024-07-03 8:20:00','2024-07-04','Preventivo','Atendida',45,NULL),
(46,'SM000046','2024-07-03 8:21:00','2024-07-04','Preventivo','Atendida',46,NULL),
(47,'SM000047','2024-07-03 8:22:00','2024-07-04','Preventivo','Atendida',47,NULL),
(48,'SM000048','2024-07-03 8:23:00','2024-07-04','Preventivo','Atendida',48,NULL),
(49,'SM000049','2024-07-03 8:24:00','2024-07-04','Preventivo','Atendida',49,NULL),
(50,'SM000050','2024-07-03 8:25:00','2024-07-04','Preventivo','Atendida',50,NULL),
(51,'SM000051','2024-07-03 8:26:00','2024-07-04','Preventivo','Atendida',51,NULL),
(52,'SM000052','2024-07-03 8:27:00','2024-07-04','Preventivo','Atendida',52,NULL),
(53,'SM000053','2024-07-04 8:15:00','2024-07-05','Preventivo','Atendida',53,NULL),
(54,'SM000054','2024-07-04 8:16:00','2024-07-05','Preventivo','Atendida',54,NULL),
(55,'SM000055','2024-07-04 8:17:00','2024-07-05','Preventivo','Atendida',55,NULL),
(56,'SM000056','2024-07-04 8:18:00','2024-07-05','Preventivo','Atendida',56,NULL),
(57,'SM000057','2024-12-30 8:15:00','2025-01-01','Preventivo','Atendida',1,NULL),
(58,'SM000058','2024-12-30 8:16:00','2025-01-01','Preventivo','Atendida',2,NULL),
(59,'SM000059','2024-12-30 8:17:00','2025-01-01','Preventivo','Atendida',3,NULL),
(60,'SM000060','2024-12-30 8:18:00','2025-01-01','Preventivo','Atendida',4,NULL),
(61,'SM000061','2024-12-30 8:19:00','2025-01-01','Preventivo','Atendida',5,NULL),
(62,'SM000062','2024-12-30 8:20:00','2025-01-01','Preventivo','Atendida',6,NULL),
(63,'SM000063','2024-12-30 8:21:00','2025-01-01','Preventivo','Atendida',7,NULL),
(64,'SM000064','2024-12-30 8:22:00','2025-01-01','Preventivo','Atendida',8,NULL),
(65,'SM000065','2024-12-30 8:23:00','2025-01-01','Preventivo','Atendida',9,NULL),
(66,'SM000066','2024-12-30 8:24:00','2025-01-01','Preventivo','Atendida',10,NULL),
(67,'SM000067','2024-12-30 8:25:00','2025-01-01','Preventivo','Atendida',11,NULL),
(68,'SM000068','2024-12-30 8:26:00','2025-01-01','Preventivo','Atendida',12,NULL),
(69,'SM000069','2024-12-30 8:27:00','2025-01-01','Preventivo','Atendida',13,NULL),
(70,'SM000070','2025-01-01 8:15:00','2025-01-02','Preventivo','Atendida',14,NULL),
(71,'SM000071','2025-01-01 8:16:00','2025-01-02','Preventivo','Atendida',15,NULL),
(72,'SM000072','2025-01-01 8:17:00','2025-01-02','Preventivo','Atendida',16,NULL),
(73,'SM000073','2025-01-01 8:18:00','2025-01-02','Preventivo','Atendida',17,NULL),
(74,'SM000074','2025-01-01 8:19:00','2025-01-02','Preventivo','Atendida',18,NULL),
(75,'SM000075','2025-01-01 8:20:00','2025-01-02','Preventivo','Atendida',19,NULL),
(76,'SM000076','2025-01-01 8:21:00','2025-01-02','Preventivo','Atendida',20,NULL),
(77,'SM000077','2025-01-01 8:22:00','2025-01-02','Preventivo','Atendida',21,NULL),
(78,'SM000078','2025-01-01 8:23:00','2025-01-02','Preventivo','Atendida',22,NULL),
(79,'SM000079','2025-01-01 8:24:00','2025-01-02','Preventivo','Atendida',23,NULL),
(80,'SM000080','2025-01-01 8:25:00','2025-01-02','Preventivo','Atendida',24,NULL),
(81,'SM000081','2025-01-01 8:26:00','2025-01-02','Preventivo','Atendida',26,NULL),
(82,'SM000082','2025-01-02 8:15:00','2025-01-03','Preventivo','Atendida',27,NULL),
(83,'SM000083','2025-01-02 8:16:00','2025-01-03','Preventivo','Atendida',28,NULL),
(84,'SM000084','2025-01-02 8:17:00','2025-01-03','Preventivo','Atendida',29,NULL),
(85,'SM000085','2025-01-02 8:18:00','2025-01-03','Preventivo','Atendida',30,NULL),
(86,'SM000086','2025-01-02 8:19:00','2025-01-03','Preventivo','Atendida',31,NULL),
(87,'SM000087','2025-01-02 8:20:00','2025-01-03','Preventivo','Atendida',32,NULL),
(88,'SM000088','2025-01-02 8:21:00','2025-01-03','Preventivo','Atendida',33,NULL),
(89,'SM000089','2025-01-02 8:22:00','2025-01-03','Preventivo','Atendida',34,NULL),
(90,'SM000090','2025-01-02 8:23:00','2025-01-03','Preventivo','Atendida',35,NULL),
(91,'SM000091','2025-01-02 8:24:00','2025-01-03','Preventivo','Atendida',36,NULL),
(92,'SM000092','2025-01-02 8:25:00','2025-01-03','Preventivo','Atendida',37,NULL),
(93,'SM000093','2025-01-02 8:26:00','2025-01-03','Preventivo','Atendida',38,NULL),
(94,'SM000094','2025-01-02 8:27:00','2025-01-03','Preventivo','Atendida',39,NULL),
(95,'SM000095','2025-01-03 8:15:00','2025-01-04','Preventivo','Atendida',40,NULL),
(96,'SM000096','2025-01-03 8:16:00','2025-01-04','Preventivo','Atendida',41,NULL),
(97,'SM000097','2025-01-03 8:17:00','2025-01-04','Preventivo','Atendida',42,NULL),
(98,'SM000098','2025-01-03 8:18:00','2025-01-04','Preventivo','Atendida',43,NULL),
(99,'SM000099','2025-01-03 8:19:00','2025-01-04','Preventivo','Atendida',44,NULL),
(100,'SM000100','2025-01-03 8:20:00','2025-01-04','Preventivo','Atendida',45,NULL),
(101,'SM000101','2025-01-03 8:21:00','2025-01-04','Preventivo','Atendida',46,NULL),
(102,'SM000102','2025-01-03 8:22:00','2025-01-04','Preventivo','Atendida',47,NULL),
(103,'SM000103','2025-01-03 8:23:00','2025-01-04','Preventivo','Atendida',48,NULL),
(104,'SM000104','2025-01-03 8:24:00','2025-01-04','Preventivo','Atendida',49,NULL),
(105,'SM000105','2025-01-03 8:25:00','2025-01-04','Preventivo','Atendida',50,NULL),
(106,'SM000106','2025-01-03 8:26:00','2025-01-04','Preventivo','Atendida',51,NULL),
(107,'SM000107','2025-01-04 8:15:00','2025-01-05','Preventivo','Atendida',53,NULL),
(108,'SM000108','2025-01-04 8:16:00','2025-01-05','Preventivo','Atendida',54,NULL),
(109,'SM000109','2025-05-28 8:17:00','2025-05-29','Preventivo','Pendiente',56,NULL);

INSERT INTO OrdenesMantenimiento (id_orden_mantenimiento, codigo, fecha_emision, fecha_fin_estimada, fecha_finalizacion, estado, id_empleado,id_tecnico, id_solicitud_mantenimiento ) VALUES
(1,'OM000001','2024-06-18   8:18:00','2024-07-03','2024-07-03','Completado',    18,60, 1), 
(2,'OM000002','2024-06-30   8:15:00','2024-07-01','2024-07-01','Completado',    18,60, 2), 
(3,'OM000003','2024-06-30   8:16:00','2024-07-01','2024-07-01','Completado',    18,60, 3), 
(4,'OM000004','2024-06-30   8:17:00','2024-07-01','2024-07-01','Completado',    18,60, 4), 
(5,'OM000005','2024-06-30   8:18:00','2024-07-01','2024-07-01','Completado',    18,60, 5), 
(6,'OM000006','2024-06-30   8:19:00','2024-07-01','2024-07-01','Completado',    18,60, 6), 
(7,'OM000007','2024-06-30   8:20:00','2024-07-01','2024-07-01','Completado',    18,61, 7), 
(8,'OM000008','2024-06-30   8:21:00','2024-07-01','2024-07-01','Completado',    18,60, 8), 
(9,'OM000009','2024-06-30   8:22:00','2024-07-01','2024-07-01','Completado',    18,60, 9), 
(10,'OM000010','2024-06-30  8:23:00','2024-07-01','2024-07-01','Completado',    18,60, 10),    
(11,'OM000011','2024-06-30  8:24:00','2024-07-01','2024-07-01','Completado',    18,60, 11),    
(12,'OM000012','2024-06-30  8:25:00','2024-07-01','2024-07-01','Completado',    18,62, 12),    
(13,'OM000013','2024-06-30  8:26:00','2024-07-01','2024-07-01','Completado',    18,60, 13),    
(14,'OM000014','2024-06-30  8:27:00','2024-07-01','2024-07-01','Completado',    18,60, 14),    
(15,'OM000015','2024-07-01  8:15:00','2024-07-02','2024-07-02','Completado',    18,60, 15),    
(16,'OM000016','2024-07-01  8:16:00','2024-07-02','2024-07-02','Completado',    18,60, 16),    
(17,'OM000017','2024-07-01  8:17:00','2024-07-02','2024-07-02','Completado',    18,64, 17),    
(18,'OM000018','2024-07-01  8:18:00','2024-07-02','2024-07-02','Completado',    18,60, 18),    
(19,'OM000019','2024-07-01  8:19:00','2024-07-02','2024-07-02','Completado',    18,60, 19),    
(20,'OM000020','2024-07-01  8:20:00','2024-07-02','2024-07-02','Completado',    18,60, 20),    
(21,'OM000021','2024-07-01  8:21:00','2024-07-02','2024-07-02','Completado',    18,60, 21),    
(22,'OM000022','2024-07-01  8:22:00','2024-07-02','2024-07-02','Completado',    18,60, 22),    
(23,'OM000023','2024-07-01  8:23:00','2024-07-02','2024-07-02','Completado',    18,60, 23),    
(24,'OM000024','2024-07-01  8:24:00','2024-07-02','2024-07-02','Completado',    18,60, 24),    
(25,'OM000025','2024-07-01  8:25:00','2024-07-02','2024-07-02','Completado',    18,60, 25),    
(26,'OM000026','2024-07-01  8:26:00','2024-07-02','2024-07-02','Completado',    18,60, 26),    
(27,'OM000027','2024-07-01  8:27:00','2024-07-02','2024-07-02','Completado',    18,60, 27),    
(28,'OM000028','2024-07-02  8:15:00','2024-07-03','2024-07-03','Completado',    18,60, 28),    
(29,'OM000029','2024-07-02  8:16:00','2024-07-03','2024-07-03','Completado',    18,60, 29),    
(30,'OM000030','2024-07-02  8:17:00','2024-07-03','2024-07-03','Completado',    18,60, 30),    
(31,'OM000031','2024-07-02  8:19:00','2024-07-03','2024-07-03','Completado',    18,60, 31),    
(32,'OM000032','2024-07-02  8:20:00','2024-07-03','2024-07-03','Completado',    18,60, 32),    
(33,'OM000033','2024-07-02  8:21:00','2024-07-03','2024-07-03','Completado',    18,60, 33),    
(34,'OM000034','2024-07-02  8:22:00','2024-07-03','2024-07-03','Completado',    18,60, 34),    
(35,'OM000035','2024-07-02  8:23:00','2024-07-03','2024-07-03','Completado',    18,60, 35),    
(36,'OM000036','2024-07-02  8:24:00','2024-07-03','2024-07-03','Completado',    18,60, 36),    
(37,'OM000037','2024-07-02  8:25:00','2024-07-03','2024-07-03','Completado',    18,60, 37),    
(38,'OM000038','2024-07-02  8:26:00','2024-07-03','2024-07-03','Completado',    18,60, 38),    
(39,'OM000039','2024-07-02  8:27:00','2024-07-03','2024-07-03','Completado',    18,60, 39),    
(40,'OM000040','2024-07-03  8:15:00','2024-07-04','2024-07-04','Completado',    18,60, 40),    
(41,'OM000041','2024-07-03  8:16:00','2024-07-04','2024-07-04','Completado',    18,60, 41),    
(42,'OM000042','2024-07-03  8:17:00','2024-07-04','2024-07-04','Completado',    18,60, 42),    
(43,'OM000043','2024-07-03  8:18:00','2024-07-04','2024-07-04','Completado',    18,64, 43),    
(44,'OM000044','2024-07-03  8:19:00','2024-07-04','2024-07-04','Completado',    18,64, 44),    
(45,'OM000045','2024-07-03  8:20:00','2024-07-04','2024-07-04','Completado',    18,64, 45),    
(46,'OM000046','2024-07-03  8:21:00','2024-07-04','2024-07-04','Completado',    18,64, 46),    
(47,'OM000047','2024-07-03  8:22:00','2024-07-04','2024-07-04','Completado',    18,64, 47),    
(48,'OM000048','2024-07-03  8:23:00','2024-07-04','2024-07-04','Completado',    18,64, 48),    
(49,'OM000049','2024-07-03  8:24:00','2024-07-04','2024-07-04','Completado',    18,64, 49),    
(50,'OM000050','2024-07-03  8:25:00','2024-07-04','2024-07-04','Completado',    18,64, 50),    
(51,'OM000051','2024-07-03  8:26:00','2024-07-04','2024-07-04','Completado',    18,64, 51),    
(52,'OM000052','2024-07-03  8:27:00','2024-07-04','2024-07-04','Completado',    18,64, 52),    
(53,'OM000053','2024-07-04  8:15:00','2024-07-05','2024-07-05','Completado',    18,64, 53),    
(54,'OM000054','2024-07-04  8:16:00','2024-07-05','2024-07-05','Completado',    18,64, 54),    
(55,'OM000055','2024-07-04  8:17:00','2024-07-05','2024-07-05','Completado',    18,58, 55),    
(56,'OM000056','2024-07-04  8:18:00','2024-07-05','2024-07-05','Completado',    18,58, 56),    
(57,'OM000057','2024-12-30  8:15:00','2025-01-01','2025-01-01','Completado',    18,58, 57),    
(58,'OM000058','2024-12-30  8:16:00','2025-01-01','2025-01-01','Completado',    18,58, 58),    
(59,'OM000059','2024-12-30  8:17:00','2025-01-01','2025-01-01','Completado',    18,58, 59),    
(60,'OM000060','2024-12-30  8:18:00','2025-01-01','2025-01-01','Completado',    18,58, 60),    
(61,'OM000061','2024-12-30  8:19:00','2025-01-01','2025-01-01','Completado',    18,58, 61),    
(62,'OM000062','2024-12-30  8:20:00','2025-01-01','2025-01-01','Completado',    18,58, 62),    
(63,'OM000063','2024-12-30  8:21:00','2025-01-01','2025-01-01','Completado',    18,58, 63),    
(64,'OM000064','2024-12-30  8:22:00','2025-01-01','2025-01-01','Completado',    18,58, 64),    
(65,'OM000065','2024-12-30  8:23:00','2025-01-01','2025-01-01','Completado',    18,58, 65),    
(66,'OM000066','2024-12-30  8:24:00','2025-01-01','2025-01-01','Completado',    18,58, 66),    
(67,'OM000067','2024-12-30  8:25:00','2025-01-01','2025-01-01','Completado',    18,58, 67),    
(68,'OM000068','2024-12-30  8:26:00','2025-01-01','2025-01-01','Completado',    18,53, 68),    
(69,'OM000069','2024-12-30  8:27:00','2025-01-01','2025-01-01','Completado',    18,53, 69),    
(70,'OM000070','2025-01-01  8:15:00','2025-01-02','2025-01-02','Completado',    18,53, 70),    
(71,'OM000071','2025-01-01  8:16:00','2025-01-02','2025-01-02','Completado',    18,53, 71),    
(72,'OM000072','2025-01-01  8:17:00','2025-01-02','2025-01-02','Completado',    18,53, 72),    
(73,'OM000073','2025-01-01  8:18:00','2025-01-02','2025-01-02','Completado',    18,53, 73),    
(74,'OM000074','2025-01-01  8:19:00','2025-01-02','2025-01-02','Completado',    18,53, 74),    
(75,'OM000075','2025-01-01  8:20:00','2025-01-02','2025-01-02','Completado',    18,53, 75),    
(76,'OM000076','2025-01-01  8:21:00','2025-01-02','2025-01-02','Completado',    18,53, 76),    
(77,'OM000077','2025-01-01  8:22:00','2025-01-02','2025-01-02','Completado',    18,53, 77),    
(78,'OM000078','2025-01-01  8:23:00','2025-01-02','2025-01-02','Completado',    18,53, 78),    
(79,'OM000079','2025-01-01  8:24:00','2025-01-02','2025-01-02','Completado',    18,53, 79),    
(80,'OM000080','2025-01-01  8:25:00','2025-01-02','2025-01-02','Completado',    18,69, 80),    
(81,'OM000081','2025-01-01  8:26:00','2025-01-02','2025-01-02','Completado',    18,69, 81),    
(82,'OM000082','2025-01-02  8:15:00','2025-01-03','2025-01-03','Completado',    18,69, 82),    
(83,'OM000083','2025-01-02  8:16:00','2025-01-03','2025-01-03','Completado',    18,69, 83),    
(84,'OM000084','2025-01-02  8:17:00','2025-01-03','2025-01-03','Completado',    18,69, 84),    
(85,'OM000085','2025-01-02  8:18:00','2025-01-03','2025-01-03','Completado',    18,69, 85),    
(86,'OM000086','2025-01-02  8:19:00','2025-01-03','2025-01-03','Completado',    18,69, 86),    
(87,'OM000087','2025-01-02  8:20:00','2025-01-03','2025-01-03','Completado',    18,69, 87),    
(88,'OM000088','2025-01-02  8:21:00','2025-01-03','2025-01-03','Completado',    18,69, 88),    
(89,'OM000089','2025-01-02  8:22:00','2025-01-03','2025-01-03','Completado',    18,69, 89),    
(90,'OM000090','2025-01-02  8:23:00','2025-01-03','2025-01-03','Completado',    18,69, 90),    
(91,'OM000091','2025-01-02  8:24:00','2025-01-03','2025-01-03','Completado',    18,69, 91),    
(92,'OM000092','2025-01-02  8:25:00','2025-01-03','2025-01-03','Completado',    18,69, 92),    
(93,'OM000093','2025-01-02  8:26:00','2025-01-03','2025-01-03','Completado',    18,69, 93),    
(94,'OM000094','2025-01-02  8:27:00','2025-01-03','2025-01-03','Completado',    18,69, 94),    
(95,'OM000095','2025-01-03  8:15:00','2025-01-04','2025-01-04','Completado',    18,69, 95),    
(96,'OM000096','2025-01-03  8:16:00','2025-01-04','2025-01-04','Completado',    18,69, 96),    
(97,'OM000097','2025-01-03  8:17:00','2025-01-04','2025-01-04','Completado',    18,69, 97),    
(98,'OM000098','2025-01-03  8:18:00','2025-01-04','2025-01-04','Completado',    18,69, 98),    
(99,'OM000099','2025-01-03  8:19:00','2025-01-04','2025-01-04','Completado',    18,69, 99),    
(100,'OM000100','2025-01-03 8:20:00','2025-01-04','2025-01-04','Completado',    18,69, 100),   
(101,'OM000101','2025-01-03 8:21:00','2025-01-04','2025-01-04','Completado',    18,69, 101),   
(102,'OM000102','2025-01-03 8:22:00','2025-01-04','2025-01-04','Completado',    18,69, 102),   
(103,'OM000103','2025-01-03 8:23:00','2025-01-04','2025-01-04','Completado',    18,69, 103),   
(104,'OM000104','2025-01-03 8:24:00','2025-01-04','2025-01-04','Completado',    18,69, 104),   
(105,'OM000105','2025-01-03 8:25:00','2025-01-04','2025-01-04','Completado',    18,69, 105),   
(106,'OM000106','2025-01-03 8:26:00','2025-01-04','2025-01-04','Completado',    18,69, 106),   
(107,'OM000107','2025-01-04 8:15:00','2025-01-05','2025-01-05','Completado',    18,69, 107),   
(108,'OM000108','2025-01-04 8:16:00','2025-01-05','2025-01-05','Completado',    18,69, 108),   
(109,'OM000109','2025-05-28 8:27:00','2025-05-29',NULL,'En proceso',    18,69, 109);    

INSERT INTO InspeccionesEnvasado (
    id_inspeccion, id_envasado, tipo_defecto_empaque, cantidad_envases_defectuosos
) VALUES
(519, 1, NULL, 0),
(520, 2, NULL, 0),
(521, 3, NULL, 0),
(522, 4, NULL, 0),
(523, 5, NULL, 0),
(524, 6, 'Leve', 1),
(525, 7, NULL, 0),
(526, 8, NULL, 0),
(527, 9, 'Leve', 1),
(528, 10, NULL, 0),
(529, 11, 'Leve', 2),
(530, 12, NULL, 0),
(531, 13, NULL, 0),
(532, 14, NULL, 0),
(533, 15, NULL, 0),
(534, 16, NULL, 0),
(535, 17, NULL, 0),
(536, 18, 'Leve', 1),
(537, 19, NULL, 0),
(538, 20, NULL, 0),
(539, 21, NULL, 0),
(540, 22, NULL, 0),
(541, 23, 'Critico', 6),
(542, 24, NULL, 0),
(543, 25, NULL, 0),
(544, 26, NULL, 0),
(545, 27, NULL, 0),
(546, 28, 'Critico', 4),
(547, 29, 'Leve', 2),
(548, 30, NULL, 0),
(549, 31, NULL, 0),
(550, 32, 'Leve', 1),
(551, 33, NULL, 0),
(552, 34, NULL, 0),
(553, 35, 'Critico', 5),
(554, 36, NULL, 0),
(555, 37, NULL, 0),
(556, 38, 'Critico', 5),
(557, 39, 'Leve', 1),
(558, 40, NULL, 0),
(559, 41, 'Critico', 5),
(560, 42, NULL, 0),
(561, 43, 'Leve', 2),
(562, 44, NULL, 0),
(563, 45, NULL, 0),
(564, 46, NULL, 0),
(565, 47, NULL, 0),
(566, 48, NULL, 0),
(567, 49, NULL, 0),
(568, 50, NULL, 0),
(569, 51, 'Leve', 1),
(570, 52, NULL, 0),
(571, 53, NULL, 0),
(572, 54, NULL, 0),
(573, 55, NULL, 0),
(574, 56, NULL, 0),
(575, 57, NULL, 0),
(627, 58, NULL, 0),
(628, 59, NULL, 0);

INSERT INTO Pickings (codigo, estado_picking, id_empleado, id_pedido_cliente, fecha_picking) VALUES
('PK000001', 'Aprobado', 42, 1, '2024-01-08  13:17:00'),
('PK000002', 'Rechazado', 43, 2, '2024-01-08  13:45:00'),
('PK000003', 'Aprobado', 43, 2, '2024-01-08  16:02:00'),
('PK000004', 'Aprobado', 43, 3, '2024-01-15  14:15:00'),
('PK000005', 'Aprobado', 43, 4, '2024-01-23  12:18:00'),
('PK000006', 'Rechazado', 43, 4, '2024-01-25  13:45:00'),
('PK000007', 'Aprobado', 43, 4, '2024-01-25  13:45:00'),
('PK000008', 'Aprobado', 43, 5, '2024-02-10  13:45:00'),
('PK000009', 'Aprobado', 43, 6, '2024-02-10  13:45:00'),
('PK000010', 'Aprobado', 43, 7, '2024-02-10  13:45:00'),
('PK000011', 'Aprobado', 43, 7, '2024-02-11  13:45:00'),
('PK000012', 'Aprobado', 42, 8, '2024-03-05  13:45:00'),
('PK000013', 'Aprobado', 43, 9, '2024-03-05  13:45:00'),
('PK000014', 'Aprobado', 44, 10, '2024-03-05  13:45:00'),
('PK000015', 'Aprobado', 45, 11, '2024-04-07  13:45:00'),
('PK000016', 'Aprobado', 43, 12, '2024-04-09  13:45:00'),
('PK000017', 'Aprobado', 44, 13, '2024-04-09  13:45:00'),
('PK000018', 'Aprobado', 45, 13, '2024-04-11  13:45:00'),
('PK000019', 'Aprobado', 43, 14, '2024-04-09  13:45:00'),
('PK000020', 'Aprobado', 44, 15, '2024-05-08  13:45:00'),
('PK000021', 'Aprobado', 45, 16, '2024-05-08  13:45:00'),
('PK000022', 'Rechazado', 46, 16, '2024-05-13 13:45:00'),
('PK000023', 'Aprobado', 42, 16, '2024-05-13  13:45:00'),
('PK000024', 'Aprobado', 43, 17, '2024-05-17  13:45:00'),
('PK000025', 'Aprobado', 44, 18, '2024-05-20  13:45:00'),
('PK000026', 'Aprobado', 45, 19, '2024-06-15  13:45:00'),
('PK000027', 'Aprobado', 43, 20, '2024-06-16  13:45:00'),
('PK000028', 'Rechazado', 44, 20, '2024-06-27  13:45:00'),
('PK000029', 'Aprobado', 45, 20, '2024-06-27  13:45:00'),
('PK000030', 'Aprobado', 43, 21, '2024-06-18  13:45:00'),
('PK000031', 'Rechazado', 44, 22, '2024-06-23  13:45:00'),
('PK000032', 'Aprobado', 45, 22, '2024-06-24  13:45:00'),
('PK000033', 'Aprobado', 45, 23, '2024-07-12  13:45:00'),
('PK000034', 'Aprobado', 45, 24, '2024-07-15  13:45:00'),
('PK000035', 'Rechazado', 45, 25, '2024-07-21  13:45:00'),
('PK000036', 'Aprobado', 45, 25, '2024-07-22  13:45:00'),
('PK000037', 'Aprobado', 45, 26, '2024-07-23  13:45:00'),
('PK000038', 'Aprobado', 45, 26, '2024-07-28  13:45:00'),
('PK000039', 'Rechazado', 45, 27, '2024-08-03  13:45:00'),
('PK000040', 'Aprobado', 45, 27, '2024-08-04  13:45:00'),
('PK000041', 'Aprobado', 45, 28, '2024-08-04  13:45:00'),
('PK000042', 'Aprobado', 45, 29, '2024-08-05  13:45:00'),
('PK000043', 'Aprobado', 45, 29, '2024-08-07  13:45:00'),
('PK000044', 'Aprobado', 45, 30, '2024-08-05  13:45:00'),
('PK000045', 'Aprobado', 45, 31, '2024-09-02  13:45:00'),
('PK000046', 'Aprobado', 45, 32, '2024-09-07  13:45:00'),
('PK000047', 'Aprobado', 45, 32, '2024-09-11  13:45:00'),
('PK000048', 'Aprobado', 45, 33, '2024-09-07  13:45:00'),
('PK000049', 'Aprobado', 45, 34, '2024-10-14  13:45:00'),
('PK000050', 'Aprobado', 45, 35, '2024-10-14  13:45:00'),
('PK000051', 'Rechazado', 45, 36, '2024-10-18  13:45:00'),
('PK000052', 'Aprobado', 45, 36, '2024-10-18  13:45:00'),
('PK000053', 'Aprobado', 45, 37, '2024-10-21  13:45:00'),
('PK000054', 'Aprobado', 45, 37, '2024-10-23  13:45:00'),
('PK000055', 'Aprobado', 45, 38, '2024-11-06  13:45:00'),
('PK000056', 'Aprobado', 45, 39, '2024-11-06  13:45:00'),
('PK000057', 'Aprobado', 45, 39, '2024-11-09  13:45:00'),
('PK000058', 'Aprobado', 45, 40, '2024-11-17  13:45:00'),
('PK000059', 'Aprobado', 45, 40, '2024-11-23  13:45:00'),
('PK000060', 'Aprobado', 45, 41, '2024-11-19  13:45:00'),
('PK000061', 'Aprobado', 45, 42, '2024-12-10  13:45:00'),
('PK000062', 'Aprobado', 45, 43, '2024-12-10  13:45:00'),
('PK000063', 'Aprobado', 45, 44, '2024-12-10  13:45:00'),
('PK000064', 'Rechazado', 45, 45, '2025-05-22  13:45:00'),
('PK000065', 'Aprobado', 45, 45, '2025-05-23  13:45:00'),
('PK000066', 'Aprobado', 45, 46, '2025-05-25  13:45:00'),
('PK000067', 'Aprobado', 45, 46, '2025-05-28  13:45:00'),
('PK000068', 'Aprobado', 45, 47, '2025-05-25  13:45:00'),
('PK000069', 'Aprobado', 45, 48, '2025-05-26  13:45:00'),
('PK000070', 'Aprobado', 45, 49, '2025-05-29  13:45:00'),
('PK000071', 'Aprobado', 45, 45, '2025-05-28  13:45:00'),
('PK000072', 'Aprobado', 45, 47, '2025-05-28  13:45:00');


INSERT INTO DetallesPicking (id_picking, id_lote_producto, cantidad_asignada) values
(1, 1, 20), (1, 3, 10), (1, 5, 15), (1, 7, 21),
(2, 1, 15), (2, 3, 17),
(3, 2, 15), (3, 4, 17),
(4, 3, 3), (4, 4, 9), (4, 9, 30), (4, 12, 16),
(5, 14, 10), (5, 16, 11), (5, 18, 20),
(6, 15, 5),
(7, 25, 5),
(8, 14, 15), (8, 16, 12), (8, 9, 17), (8, 21, 13),
(9, 1, 5), (9, 2, 15), (9, 4, 25), (9, 14, 5), (9, 15, 12),
(10, 12, 15), (10, 5, 18), (10, 7, 16),
(11, 13, 7),
(12, 15, 30), (12, 9, 3), (12, 10, 12), (12, 19, 16),
(13, 2, 30), (13, 4, 25), (13, 5, 2), (13, 6, 25),
(14, 16, 20), (14, 21, 20), (14, 22, 8),
(15, 15, 23), (15, 10, 29),
(16, 2, 10), (16, 4, 11),
(17, 12, 5), (17, 13, 25), (17, 7, 2), (17, 8, 23),
(18, 13, 5), (18, 8, 2),
(19, 16, 8), (19, 17, 7), (19, 22, 16),
(20, 25, 20), (20, 6, 17), 
(21, 23, 21), (21, 13, 16), (21, 19, 4), (21, 20, 8),
(22, 23, 3), (22, 13, 7),
(23, 24, 3), (23, 13, 7),
(24, 10, 9), (24, 11, 16), (24, 13, 3), (24, 6, 18),
(25, 27, 30), (25, 24, 20),
(26, 27, 20), (26, 28, 10), (26, 24, 40), (26, 17, 25),
(27, 28, 20), (27, 25, 17), (27, 26, 13),
(28, 28, 6),
(29, 28, 6),
(30, 28, 25), (30, 24, 7), (30, 29, 14),
(31, 11, 4), (31, 32, 8),
(32, 33, 12),
(33, 26, 10), (33, 32, 15), (33, 22, 13),
(34, 28, 3), (34, 34, 27), (34, 6, 10), (34, 36, 6),
(35, 29, 18), (35, 32, 15), (35, 33, 6),
(36, 30, 18), (36, 33, 21),
(37, 26, 15), (37, 22, 23),
(38, 26, 6),
(39, 17, 16), (39, 40, 20),
(40, 38, 16), (40, 41, 20),
(41, 26, 18), (41, 22, 10), (41, 42, 2),
(42, 34, 8), (42, 35, 13), (42, 29, 10), (42, 30, 10), (42, 33, 24), (42, 20, 19),
(43, 35, 21),
(44, 26, 8), (44, 17, 19), (44, 36, 19), (44, 37, 1),
(45, 35, 30), (45, 17, 3), (45, 38, 19), (45, 42, 10), (45, 44, 9),
(46, 35, 6), (46, 45, 14), (46, 30, 19), (46, 8, 32),
(47, 8, 13),
(48, 45, 10), (48, 46, 13), (48, 47, 36), (48, 40, 7), (48, 41, 10),
(49, 46, 20), (49, 30, 3), (49, 31, 20),
(50, 47, 16), (50, 48, 1), (50, 44, 19),
(51, 41, 20),
(52, 41, 20),
(53, 46, 19), (53, 48, 31),
(54, 46, 3),
(55, 48, 20), (55, 49, 21), (55, 50, 2),
(56, 46, 15), (56, 37, 23),
(57, 37, 6),
(58, 48, 18), (58, 44, 21),
(59, 44, 6),
(60, 44, 9), (60, 50, 15),
(61, 54, 17), (61, 52, 22),
(62, 39, 19), (62, 50, 21),
(63, 54, 25), (63, 55, 7), (63, 37, 16), (63, 56, 25),
(64, 44, 6), (64, 50, 2), (64, 56, 15),
(65, 43, 6), (65, 51, 2), (65, 57, 15),
(66, 55, 25), (66, 39, 16),
(67, 55, 8), (67, 39, 5),
(68, 55, 23), (68, 56, 11),
(69, 55, 7), (69, 51, 11),
(70, 33, 19), (70, 20, 23), (70, 56, 19),
(71, 43, 4), (71, 57, 9),
(72, 57, 7);

INSERT INTO InspeccionesPicking(
    id_inspeccion, id_picking, id_lote_producto, cantidad_defectuosa, motivo_defecto
) VALUES
(576, 1, 1, NULL, NULL),
(577, 2, 1, NULL, NULL),
(578, 3, 2, NULL, NULL),
(579, 4, 3, NULL, NULL),
(580, 5, 14, NULL, NULL),
(581, 6, 15, NULL, NULL),
(582, 7, 25, 7, 'Sellado deficiente'),
(583, 8, 14, NULL, NULL),
(584, 9, 1, NULL, NULL),
(585, 10, 12, NULL, NULL),
(586, 11, 13, NULL, NULL),
(587, 12, 15, NULL, NULL),
(588, 13, 2, 15, 'Codigo ilegible'),
(589, 14, 16, NULL, NULL),
(590, 15, 15, 9, 'Sellado deficiente'),
(591, 16, 17, NULL, NULL),
(592, 17, 12, 7, 'Caja rota'),
(593, 18, 18, NULL, NULL),
(594, 19, 16, NULL, NULL),
(595, 20, 14, NULL, NULL),
(596, 21, 13, NULL, NULL),
(597, 22, 23, NULL, NULL),
(598, 23, 13, NULL, NULL),
(599, 24, 24, NULL, NULL),
(600, 25, 25, NULL, NULL),
(601, 26, 27, 7, 'Caja rota');

INSERT INTO Movimientos (fecha, id_empleado) VALUES
('2023-01-05', 42),
('2023-01-07', 43),
('2023-01-10', 44),
('2023-01-12', 45),
('2023-01-15', 46),
('2023-01-18', 47),
('2023-01-20', 25),
('2023-01-22', 26),
('2023-01-25', 27),
('2023-01-28', 28),
('2023-02-02', 29),
('2023-02-05', 30),
('2023-02-08', 31),
('2023-02-11', 32),
('2023-02-14', 33),
('2023-02-17', 34),
('2023-02-20', 35),
('2023-02-23', 36),
('2023-02-26', 37),
('2023-03-01', 38),
('2023-03-04', 39),
('2023-03-07', 40),
('2023-03-10', 41),
('2023-03-13', 42),
('2023-03-16', 43),
('2023-03-19', 44),
('2023-03-22', 45),
('2023-03-25', 46),
('2023-03-28', 47),
('2023-03-31', 25),
('2023-04-03', 26),
('2023-04-06', 27),
('2023-04-09', 28),
('2023-04-12', 29),
('2023-04-15', 30),
('2023-04-18', 31),
('2023-04-21', 32),
('2023-04-24', 33),
('2023-04-27', 34),
('2023-04-30', 35),
('2023-05-03', 36),
('2023-05-06', 37),
('2023-05-09', 38),
('2023-05-12', 39),
('2023-05-15', 40),
('2023-05-18', 41),
('2023-05-21', 42),
('2023-05-24', 43),
('2023-05-27', 44),
('2023-05-30', 45),
('2023-06-02', 46),
('2023-06-05', 47),
('2023-06-08', 25),
('2023-06-11', 26),
('2023-06-14', 27),
('2023-06-17', 28),
('2023-06-20', 29),
('2023-06-23', 30),
('2023-06-26', 31),
('2023-06-29', 32),
('2023-07-02', 33),
('2023-07-05', 34),
('2023-07-08', 35),
('2023-07-11', 36),
('2023-07-14', 37),
('2023-07-17', 38),
('2023-07-20', 39),
('2023-07-23', 40),
('2023-07-26', 41),
('2023-07-29', 42),
('2023-08-01', 43),
('2023-08-04', 44),
('2023-08-07', 45),
('2023-08-10', 46),
('2023-08-13', 47),
('2023-08-16', 25),
('2023-08-19', 26),
('2023-08-22', 27),
('2023-08-25', 28),
('2023-08-28', 29),
('2023-08-31', 30),
('2023-09-03', 31),
('2023-09-06', 32),
('2023-09-09', 33),
('2023-09-12', 34),
('2023-09-15', 35),
('2023-09-18', 36),
('2023-09-21', 37),
('2023-09-24', 38),
('2023-09-27', 39),
('2023-09-30', 40),
('2023-10-03', 41),
('2023-10-06', 42),
('2023-10-09', 43),
('2023-10-12', 44),
('2023-10-15', 45),
('2023-10-18', 46),
('2023-10-21', 47),
('2023-10-24', 25),
('2023-10-27', 26),
('2023-10-30', 27),
('2023-11-02', 28),
('2023-11-05', 29),
('2023-11-08', 30),
('2023-11-11', 31),
('2023-11-14', 32),
('2023-11-17', 33),
('2023-11-20', 34),
('2023-11-23', 35),
('2023-11-26', 36),
('2023-11-29', 37),
('2023-12-02', 38),
('2023-12-05', 39),
('2023-12-08', 40),
('2023-12-11', 41),
('2023-12-14', 42),
('2023-12-17', 43),
('2023-12-20', 44),
('2023-12-23', 45),
('2023-12-26', 46),
('2023-12-29', 47),
('2024-01-01', 25),
('2024-01-04', 26),
('2024-01-07', 27),
('2024-01-10', 28),
('2024-01-13', 29),
('2024-01-16', 30),
('2024-01-19', 31),
('2024-01-22', 32),
('2024-01-25', 33),
('2024-01-28', 34),
('2024-01-31', 35),
('2024-02-03', 36),
('2024-02-06', 37),
('2024-02-09', 38),
('2024-02-12', 39),
('2024-02-15', 40),
('2024-02-18', 41),
('2024-02-21', 42),
('2024-02-24', 43),
('2024-02-27', 44),
('2024-03-01', 45),
('2024-03-04', 46),
('2024-03-07', 47),
('2024-03-10', 25),
('2024-03-13', 26),
('2024-03-16', 27),
('2024-03-19', 28),
('2024-03-22', 29),
('2024-03-25', 30),
('2024-03-28', 31),
('2024-03-31', 32),
('2024-04-03', 33),
('2024-04-06', 34),
('2024-04-09', 35),
('2024-04-12', 36),
('2024-04-15', 37),
('2024-04-18', 38),
('2024-04-21', 39),
('2024-04-24', 40),
('2024-04-27', 41),
('2024-04-30', 42),
('2024-05-03', 43),
('2024-05-06', 44),
('2024-05-09', 45),
('2024-05-12', 46),
('2024-05-15', 47),
('2024-05-18', 25),
('2024-05-21', 26),
('2024-05-24', 27),
('2024-05-27', 28),
('2024-05-30', 29),
('2024-06-02', 30),
('2024-06-05', 31),
('2024-06-08', 32),
('2024-06-11', 33),
('2024-06-14', 34),
('2024-06-17', 35),
('2024-06-20', 36),
('2024-06-23', 37),
('2024-06-26', 38),
('2024-06-29', 39),
('2024-07-02', 40),
('2024-07-05', 41),
('2024-07-08', 42),
('2024-07-11', 43),
('2024-07-14', 44),
('2024-07-17', 45),
('2024-07-20', 46),
('2024-07-23', 47),
('2024-07-26', 25),
('2024-07-29', 26),
('2024-08-01', 27),
('2024-08-04', 28),
('2024-08-07', 29),
('2024-08-10', 30),
('2024-08-13', 31),
('2024-08-16', 32),
('2024-08-19', 33),
('2024-08-22', 34),
('2024-08-25', 35),
('2024-08-28', 36),
('2024-08-31', 37),
('2024-09-03', 38),
('2024-09-06', 39),
('2024-09-09', 40),
('2024-09-12', 41),
('2024-09-15', 42),
('2024-09-18', 43),
('2024-09-21', 44),
('2024-09-24', 45),
('2024-09-27', 46),
('2024-09-30', 47),
('2024-10-03', 25),
('2024-10-06', 26),
('2024-10-09', 27),
('2024-10-12', 28),
('2024-10-15', 29),
('2024-10-18', 30),
('2024-10-21', 31),
('2024-10-24', 32),
('2024-10-27', 33),
('2024-10-30', 34),
('2024-11-02', 35),
('2024-11-05', 36),
('2024-11-08', 37),
('2024-11-11', 38),
('2024-11-14', 39),
('2024-11-17', 40),
('2024-11-20', 41),
('2024-11-23', 42),
('2024-11-26', 43),
('2024-11-29', 44),
('2024-12-02', 45),
('2024-12-05', 46),
('2024-12-08', 47),
('2024-12-11', 25),
('2024-12-14', 26),
('2024-12-17', 27),
('2024-12-20', 28),
('2024-12-23', 29),
('2024-12-26', 30),
('2024-12-29', 31),
('2025-01-01', 32),
('2025-01-04', 33),
('2025-01-07', 34),
('2025-01-10', 35),
('2025-01-13', 36),
('2025-01-16', 37),
('2025-01-19', 38),
('2025-01-22', 39),
('2025-01-25', 40),
('2025-01-28', 41),
('2025-01-31', 42),
('2025-02-03', 43),
('2025-02-06', 44),
('2025-02-09', 45),
('2025-02-12', 46),
('2025-02-15', 47),
('2025-02-18', 25),
('2025-02-21', 26),
('2025-02-24', 27),
('2025-02-27', 28),
('2025-03-02', 29),
('2025-03-05', 30),
('2025-03-08', 31),
('2025-03-11', 32),
('2025-03-14', 33),
('2025-03-17', 34),
('2025-03-20', 35),
('2025-03-23', 36),
('2025-03-26', 37),
('2025-03-29', 38),
('2025-04-01', 39),
('2025-04-04', 40),
('2025-04-07', 41),
('2025-04-10', 42),
('2025-04-13', 43),
('2025-04-16', 44),
('2025-04-19', 45),
('2025-04-22', 46),
('2025-04-25', 47),
('2025-04-28', 25),
('2025-05-01', 26),
('2025-05-04', 27),
('2025-05-07', 28),
('2025-05-10', 29),
('2025-05-13', 30),
('2025-05-16', 31),
('2025-05-19', 32),
('2025-05-22', 33),
('2025-05-25', 34),
('2025-05-28', 35),
('2025-05-31', 36),
('2025-06-03', 37),
('2025-06-06', 38),
('2025-06-09', 39),
('2025-06-12', 40),
('2025-06-15', 41),
('2025-06-18', 42),
('2025-06-21', 43),
('2025-06-24', 44),
('2025-06-27', 45),
('2025-06-30', 46),
('2025-07-03', 47);

INSERT INTO DetallesMovimiento (cantidad_movida, id_ubicacion_inicial, id_ubicacion_final, id_lote_producto, id_movimiento) VALUES
(40, 5, 12, 1, 150),
(30, 18, 7, 3, 45),
(35, 22, 33, 5, 100),
(39, 9, 27, 7, 75),
(50, 14, 3, 9, 180),
(20, 31, 19, 11, 33),
(36, 8, 40, 12, 199),
(30, 25, 16, 14, 2),
(51, 11, 28, 16, 155),
(20, 37, 6, 18, 88),
(33, 2, 23, 21, 120),
(24, 39, 15, 23, 65),
(37, 17, 36, 25, 142),
(50, 4, 29, 27, 77),
(42, 13, 34, 29, 34),
(38, 26, 1, 32, 111),
(35, 38, 21, 34, 200),
(25, 10, 35, 36, 50),
(35, 20, 24, 38, 90),
(27, 30, 40, 40, 10);

INSERT INTO RecepcionesAlmacen (fecha_recepcion, hora_recepcion, cantidad, id_lote_producto, id_empleado) VALUES
('2024-01-07', '08:00:00', 40, 1, 42),
('2024-01-07', '08:00:00', 70, 2, 43),
('2024-01-07', '08:00:00', 30, 3, 44),
('2024-01-07', '08:00:00', 70, 4, 45),
('2024-01-07', '08:00:00', 35, 5, 46),
('2024-01-07', '08:00:00', 70, 6, 42),
('2024-01-07', '08:00:00', 39, 7, 43),
('2024-01-07', '08:00:00', 70, 8, 44),
('2024-01-14', '10:00:00', 50, 9, 45),
('2024-01-14', '10:00:00', 50, 10, 46),
('2024-01-15', '10:00:00', 20, 11, 42),
('2024-01-14', '10:00:00', 36, 12, 43),
('2024-01-14', '10:00:00', 70, 13, 44),
('2024-01-21', '08:00:00', 30, 14, 45),
('2024-01-21', '08:00:00', 70, 15, 46),
('2024-01-21', '08:00:00', 51, 16, 42),
('2024-01-21', '08:00:00', 70, 17, 43),
('2024-01-22', '08:00:00', 20, 19, 45),
('2024-01-21', '08:00:00', 70, 20, 46),

('2024-02-09', '09:00:00', 33, 21, 42),
('2024-02-09', '09:00:00', 70, 22, 43),
('2024-03-05', '10:00:00', 24, 23, 44),
('2024-03-05', '10:00:00', 70, 24, 45),
('2024-05-08', '08:00:00', 37, 25, 46),
('2024-05-08', '08:00:00', 70, 26, 42),
('2024-05-20', '09:00:00', 50, 27, 43),
('2024-05-20', '09:00:00', 70, 28, 44),

('2024-06-18', '08:00:00', 42, 29, 45),
('2024-06-19', '08:00:00', 20, 31, 42),
('2024-06-23', '10:00:00', 38, 32, 43),
('2024-06-23', '10:00:00', 70, 33, 44),

('2024-07-15', '09:00:00', 35, 34, 45),
('2024-07-15', '09:00:00', 70, 35, 46),
('2024-07-15', '09:00:00', 25, 36, 42),
('2024-07-15', '09:00:00', 70, 37, 43),
('2024-08-03', '08:00:00', 35, 38, 44),
('2024-08-03', '08:00:00', 70, 39, 45),
('2024-08-03', '08:00:00', 27, 40, 46),
('2024-08-03', '08:00:00', 70, 41, 42),
('2024-08-05', '08:00:00', 20, 43, 44),
('2024-08-04', '08:00:00', 70, 44, 45),

('2024-09-07', '10:00:00', 24, 45, 46),
('2024-09-07', '10:00:00', 70, 46, 42),
('2024-09-07', '10:00:00', 52, 47, 43),
('2024-09-07', '10:00:00', 70, 48, 44),
('2024-11-06', '09:00:00', 21, 49, 45),
('2024-11-07', '09:00:00', 20, 51, 42),
('2024-12-09', '10:00:00', 22, 52, 43),
('2024-12-09', '10:00:00', 70, 53, 44),
('2024-12-10', '08:00:00', 42, 54, 45),
('2024-12-10', '08:00:00', 70, 55, 46),
('2024-12-10', '08:00:00', 70, 56, 42),
('2024-12-10', '08:00:00', 70, 57, 43);

INSERT INTO DetallesEntrega (id_reg_ent, id_picking, id_lote_producto, cant_observada, tipo_incidencia) VALUES
(1, 1, 1, 0, 'NN'), (1, 1, 3, 0, 'NN'), (1, 1, 5, 0, 'NN'), (1, 1, 7, 0, 'NN'),
(2, 3, 2, 0, 'NN'), (2, 3, 4, 0, 'NN'),
(3, 4, 3, 0, 'NN'), (3, 4, 4, 0, 'NN'), (3, 4, 9, 0, 'NN'), (3, 4, 12, 0, 'NN'), 
(4, 5, 14, 5, 'ED'), (4, 5, 16, 0, 'NN'), (4, 5, 18, 0, 'NN'),
(5, 7, 25, 0, 'NN'),
(6, 8, 14, 0, 'NN'), (6, 8, 16, 0, 'NN'), (6, 8, 9, 0, 'NN'), (6, 8, 21, 0, 'NN'),
(7, 9, 1, 0, 'NN'), (7, 9, 2, 0, 'NN'), (7, 9, 4, 0, 'NN'), (7, 9, 14, 0, 'NN'), (7, 9, 15, 0, 'NN'),
(8, 10, 12, 7, 'PD'), (8, 10, 5, 0, 'NN'), (8, 10, 7, 0, 'NN'),  
(9, 11, 13, 0, 'NN'), 
(10, 12, 15, 0, 'NN'), (10, 12, 9, 0, 'NN'), (10, 12, 10, 0, 'NN'), (10, 12, 19, 0, 'NN'),
(11, 13, 2, 0, 'NN'), (11, 13, 4, 0, 'NN'), (11, 13, 5, 0, 'NN'), (11, 13, 6, 0, 'NN'),
(12, 14, 16, 0, 'NN'), (12, 14, 21, 0, 'NN'), (12, 14, 22, 0, 'NN'),
(13, 15, 15, 0, 'NN'), (13, 15, 10, 0, 'NN'),
(14, 16, 2, 0, 'NN'), (14, 16, 4, 0, 'NN'),
(15, 17, 12, 5, 'ED'), (15, 17, 13, 0, 'NN'), (15, 17, 7, 2, 'ED'), (15, 17, 8, 0, 'NN'),
(17, 18, 13, 0, 'NN'), (17, 18, 8, 0, 'NN'),
(16, 19, 16, 0, 'NN'), (16, 19, 17, 0, 'NN'), (16, 19, 22, 0, 'NN'),
(18, 20, 25, 0, 'NN'), (18, 20, 6, 0, 'NN'),
(19, 21, 23, 3, 'PD'), (19, 21, 13, 7, 'PD'), (19, 21, 19, 0, 'NN'), (19, 21, 20, 0, 'NN'),
(20, 23, 24, 0, 'NN'), (20, 23, 13, 0, 'NN'),
(21, 24, 10, 0, 'NN'), (21, 24, 11, 0, 'NN'), (21, 24, 13, 0, 'NN'), (21, 24, 6, 0, 'NN'),
(22, 25, 27, 0, 'NN'), (22, 25, 24, 0, 'NN'),
(23, 26, 27, 0, 'NN'), (23, 26, 28, 0, 'NN'), (23, 26, 24, 0, 'NN'), (23, 26, 17, 0, 'NN'),
(24, 27, 28, 6, 'ED'), (24, 27, 25, 0, 'NN'), (24, 27, 26, 0, 'NN'),
(27, 29, 28, 0, 'NN'),
(25, 30, 28, 0, 'NN'), (25, 30, 24, 0, 'NN'), (25, 30, 29, 0, 'NN'),
(26, 32, 33, 0, 'NN'),
(28, 33, 26, 0, 'NN'), (28, 33, 32, 0, 'NN'), (28, 33, 22, 0, 'NN'),
(29, 34, 28, 0, 'NN'), (29, 34, 34, 0, 'NN'), (29, 34, 6, 0, 'NN'), (29, 34, 36, 0, 'NN'),
(30, 36, 30, 0, 'NN'), (30, 36, 33, 0, 'NN'),
(31, 37, 26, 6, 'PD'), (31, 37, 22, 0, 'NN'),
(32, 38, 26, 0, 'NN'),
(33, 40, 38, 0, 'NN'), (33, 40, 41, 0, 'NN'),
(34, 41, 26, 0, 'NN'), (34, 41, 22, 0, 'NN'), (34, 41, 42, 0, 'NN'),
(35, 42, 34, 8, 'PD'), (35, 42, 35, 13, 'ED'), (35, 42, 29, 0, 'NN'), (35, 42, 30, 0, 'NN'), (35, 42, 33, 0, 'NN'), (35, 42, 20, 0, 'NN'),
(37, 43, 35, 0, 'NN'),
(36, 44, 26, 0, 'NN'), (36, 44, 17, 0, 'NN'), (36, 44, 36, 0, 'NN'), (36, 44, 37, 0, 'NN'),
(38, 45, 35, 0, 'NN'), (38, 45, 17, 0, 'NN'), (38, 45, 38, 0, 'NN'), (38, 45, 42, 0, 'NN'), (38, 45, 44, 0, 'NN'),
(40, 46, 35, 0, 'NN'), (40, 46, 45, 0, 'NN'), (40, 46, 30, 0, 'NN'), (40, 46, 8, 13, 'ED'), 
(41, 47, 8, 0, 'NN'), 
(39, 48, 45, 0, 'NN'), (39, 48, 46, 0, 'NN'), (39, 48, 47, 0, 'NN'), (39, 48, 40, 0, 'NN'), (39, 48, 41, 0, 'NN'),
(42, 49, 46, 0, 'NN'), (42, 49, 30, 0, 'NN'), (42, 49, 31, 0, 'NN'),
(43, 50, 47, 0, 'NN'), (43, 50, 48, 0, 'NN'), (43, 50, 44, 0, 'NN'),
(44, 52, 41, 0, 'NN'),
(45, 53, 46, 3, 'ED'), (45, 53, 48, 0, 'NN'), 
(46, 54, 46, 0, 'NN'),
(47, 55, 48, 0, 'NN'), (47, 55, 49, 0, 'NN'), (47, 55, 50, 0, 'NN'),
(48, 56, 46, 0, 'NN'), (48, 56, 37, 6, 'ED'),
(49, 57, 37, 0, 'NN'),
(50, 58, 48, 0, 'NN'), (50, 58, 44, 6, 'ED'), 
(52, 59, 44, 0, 'NN'),
(51, 60, 44, 0, 'NN'), (51, 60, 50, 0, 'NN'), 
(53, 61, 54, 0, 'NN'), (53, 61, 52, 0, 'NN'), 
(54, 62, 39, 0, 'NN'), (54, 62, 50, 0, 'NN'), 
(55, 63, 54, 0, 'NN'), (55, 63, 55, 0, 'NN'), (55, 63, 37, 0, 'NN'), (55, 63, 56, 0, 'NN'), 
(56, 65, 43, 4, 'ED'), (56, 65, 51, 0, 'NN'), (56, 65, 57, 9, 'ED'), 
(57, 66, 55, 8, 'ED'), (57, 66, 39, 5, 'ED'), 
(58, 68, 55, 0, 'NN'), (58, 68, 56, 7, 'ED'),
(59, 69, 55, null, null), (59, 69, 51, null, null),
(60, 71, 43, null, null), (60, 71, 43, null, null);